award_id,award_date,vendor_name,award_amount,category,department,country,contract_type,fiscal_year
LC-2022-00001,2022-09-08,DataCenter Solutions,10353.41,Medical Supplies,Operations,Costa Rica,Framework Agreement,2022.0
LC-2022-00002,2022-02-02,Uniforms & Workwear Co.,,Professional Services,Finance,USA,Spot Purchase,2022.0
LC-2022-00003,2022-08-14,Distribuidora Global S.A.,79001.83,IT & Technology,IT,Costa Rica,Spot Purchase,2022.0
LC-2022-00004,2022-12-15,Seguridad Total Corp,48269.0,IT & Technology,HR,Colombia,Spot Purchase,2022.0
LC-2022-00005,2022-12-19,Distribuidora Global S.A.,27419.67,IT & Technology,Legal,Panama,Framework Agreement,2022.0
LC-2023-00006,2023-10-06,MedEquip Latinoamerica,3459.21,Security,Legal,Panama,Framework Agreement,2023.0
LC-2022-00007,2022-10-24,Transportes Rápidos S.A.,52513.17,Marketing,Operations,Colombia,Time & Materials,2022.0
LC-2022-00008,2022-06-16,Grupo Logístico del Istmo,91210.17,Maintenance & Repair,Procurement,Colombia,Framework Agreement,2022.0
LC-2023-00009,2023-07-01,Energía Renovable S.A.,2430.34,Catering & Food,Finance,USA,Time & Materials,2023.0
LC-2022-00010,2022-02-27,Suministros Médicos del Sur,11090.45,Uniforms & PPE,Marketing,Panama,Framework Agreement,2022.0
LC-2022-00011,2022-08-06,Oficentro Internacional,20824.78,Logistics & Transport,IT,USA,Framework Agreement,2022.0
LC-2023-00012,2023-07-29,Ferremax Industrial,20767.08,Professional Services,Logistics,Panama,Time & Materials,2023.0
LC-2023-00013,2023-06-06,Cleaning Pro Services,7065.25,Catering & Food,Sales,Panama,Time & Materials,2023.0
LC-2023-00014,2023-09-03,TechSupplies Panama,3655.78,Office Supplies,HR,Colombia,Spot Purchase,2023.0
LC-2023-00015,2023-11-30,MedEquip Latinoamerica,369.67,Security,Marketing,Panama,Fixed Price,2023.0
LC-2023-00016,2023-04-10,Oficentro Internacional,,Logistics & Transport,Logistics,Panama,Time & Materials,2023.0
LC-2023-00017,2023-10-03,Publicidad Digital LATAM,1075.73,Marketing,HR,USA,Fixed Price,2023.0
LC-2023-00018,2023-09-06,TECHSUPPLIES PANAMA,52949.65,Office Supplies,HR,USA,Fixed Price,2023.0
LC-2022-00019,2022-09-04,Uniforms & Workwear Co.,1258.86,Professional Services,Logistics,Panama,Fixed Price,2022.0
LC-2022-00020,2022-05-12,Ferremax Industrial,6669.07,Professional Services,Finance,Mexico,Time & Materials,2022.0
LC-2023-00021,2023-07-07,MedEquip Latinoamerica,44288.18,Security,Administration,Panama,Time & Materials,2023.0
LC-2022-00022,2022-05-04,Grupo Logístico del Istmo,27696.7,Maintenance & Repair,Sales,Panama,Spot Purchase,2022.0
LC-2022-00023,2022-03-14,MedEquip Latinoamerica,5438.68,Security,Administration,Panama,Fixed Price,2022.0
LC-2022-00024,2022-10-13,Distribuidora Global S.A.,6570.22,IT & Technology,Sales,Panama,Time & Materials,2022.0
LC-2022-00025,2022-09-06,Energía Renovable S.A.,2172.05,Catering & Food,Administration,USA,Spot Purchase,2022.0
LC-2023-00026,2023-02-25,Distribuidora Global S.A.,41485.83,IT & Technology,Legal,Panama,Spot Purchase,2023.0
LC-2022-00027,2022-12-14,Suministros Médicos del Sur,874.38,Uniforms & PPE,Finance,Panama,Spot Purchase,2022.0
LC-2022-00028,2022-10-13,MedEquip Latinoamerica,8634.72,Security,HR,Panama,Time & Materials,2022.0
LC-2023-00029,2023-10-30,Mantenimiento Integral,1996.28,Office Supplies,Marketing,Panama,Fixed Price,2023.0
LC-2023-00030,2023-05-13,Energía Renovable S.A.,3173.08,Catering & Food,IT,Panama,Spot Purchase,2023.0
LC-2023-00031,2023-04-11,TechSupplies Panama,17640.49,Office Supplies,Operations,Panama,Framework Agreement,2023.0
LC-2022-00032,2022-10-31,Seguridad Total Corp,79095.98,IT & Technology,Procurement,Panama,Time & Materials,2022.0
LC-2023-00033,2023-08-22,Distribuidora Global S.A.,35732.05,IT & Technology,Sales,Panama,Fixed Price,2023.0
LC-2022-00034,2022-03-12,Distribuidora Global S.A.,10206.16,IT & Technology,Marketing,Panama,Time & Materials,2022.0
LC-2023-00035,2023-09-27,Distribuidora Global S.A.,97446.02,IT & Technology,Administration,Panama,Fixed Price,2023.0
LC-2022-00036,2022-09-02,Oficentro Internacional,8391.61,Logistics & Transport,Logistics,Panama,Framework Agreement,2022.0
LC-2023-00037,2023-09-29,Ferremax Industrial,46659.71,Professional Services,Finance,Panama,Spot Purchase,2023.0
LC-2022-00038,2022-03-12,TechSupplies Panama,3457.83,Office Supplies,Logistics,Panama,Framework Agreement,2022.0
LC-2023-00039,2023-11-15,Catering Express Panama,670.3,Logistics & Transport,Logistics,USA,Fixed Price,2023.0
LC-2022-00040,2022-04-20,Energía Renovable S.A.,6603.08,Catering & Food,HR,Panama,Fixed Price,2022.0
LC-2023-00041,2023-06-02,TechSupplies Panama,88094.02,Office Supplies,Sales,Panama,Framework Agreement,2023.0
LC-2022-00042,2022-01-04,Distribuidora Global S.A.,44606.82,IT & Technology,Legal,Panama,Fixed Price,2022.0
LC-2023-00043,2023-07-29,TechSupplies Panama,,Office Supplies,Procurement,USA,Spot Purchase,2023.0
LC-2023-00044,2023-08-20,Uniforms & Workwear Co.,3128.61,Professional Services,Marketing,Panama,Framework Agreement,2023.0
LC-2023-00045,2023-11-30,Grupo Logístico del Istmo,6159.64,Maintenance & Repair,Operations,Panama,Time & Materials,2023.0
LC-2022-00046,2022-08-31,Uniforms & Workwear Co.,1669.42,Professional Services,Legal,USA,Time & Materials,2022.0
LC-2023-00047,2023-02-26,Uniforms & Workwear Co.,2462.77,Professional Services,Operations,Panama,Framework Agreement,2023.0
LC-2023-00048,2023-04-27,Oficentro Internacional,129126.35,Logistics & Transport,Finance,Panama,Fixed Price,2023.0
LC-2023-00049,2023-11-07,Oficentro Internacional,54849.15,Logistics & Transport,IT,Panama,Fixed Price,2023.0
LC-2023-00050,2023-11-27,Publicidad Digital LATAM,349.13,Marketing,Logistics,Panama,Spot Purchase,2023.0
LC-2022-00051,2022-02-09,Distribuidora Global S.A.,53578.37,IT & Technology,Logistics,Panama,Framework Agreement,2022.0
LC-2023-00052,2023-01-30,Oficentro Internacional,22877.32,Logistics & Transport,Administration,USA,Fixed Price,2023.0
LC-2023-00053,2023-01-08,Grupo Logístico del Istmo,16118.03,Maintenance & Repair,Marketing,USA,Time & Materials,2023.0
LC-2023-00054,2023-06-04,Cleaning Pro Services,12301.97,Catering & Food,Finance,Costa Rica,Framework Agreement,2023.0
LC-2023-00055,2023-11-12,Oficentro Internacional,125141.38,Logistics & Transport,HR,Panama,Spot Purchase,2023.0
LC-2022-00056,2022-11-08,Cleaning Pro Services,19869.08,Catering & Food,Logistics,Panama,Fixed Price,2022.0
LC-2023-00057,2023-11-23,DataCenter Solutions,1395.73,Medical Supplies,Procurement,Panama,Spot Purchase,2023.0
LC-2022-00058,2022-10-18,Mantenimiento Integral,3090.79,Office Supplies,HR,Colombia,Fixed Price,2022.0
LC-2022-00059,2022-08-19,Mantenimiento Integral,8077.96,Office Supplies,IT,Colombia,Framework Agreement,2022.0
LC-2023-00060,2023-04-12,Suministros Médicos del Sur,21233.12,Uniforms & PPE,Administration,Mexico,Fixed Price,2023.0
LC-2022-00061,2022-06-01,TRANSPORTES RÁPIDOS S.A.,2395.24,Marketing,Procurement,Panama,Time & Materials,2022.0
LC-2022-00062,2022-08-13,Seguridad Total Corp,3720.12,IT & Technology,Finance,Mexico,Spot Purchase,2022.0
LC-2022-00063,2022-05-17,Distribuidora Global S.A.,9627.68,IT & Technology,IT,Panama,Spot Purchase,2022.0
LC-2023-00064,2023-07-16,Cleaning Pro Services,817.04,Catering & Food,Procurement,USA,Spot Purchase,2023.0
LC-2023-00065,2023-06-18,Ferremax Industrial,96281.45,Professional Services,IT,Colombia,Framework Agreement,2023.0
LC-2022-00066,2022-11-24,Transportes Rápidos S.A.,37584.99,Marketing,IT,Panama,Framework Agreement,2022.0
LC-2022-00067,2022-03-07,Grupo Logístico del Istmo,33309.16,Maintenance & Repair,HR,Costa Rica,Time & Materials,2022.0
LC-2023-00068,2023-08-13,DISTRIBUIDORA GLOBAL S.A.,121083.96,IT & Technology,Legal,Panama,Fixed Price,2023.0
LC-2023-00069,2023-05-15,Papelería y Más,8454.5,Uniforms & PPE,Legal,USA,Time & Materials,2023.0
LC-2023-00070,2023-04-24,Oficentro Internacional,16745.02,Logistics & Transport,Legal,Costa Rica,Time & Materials,2023.0
LC-2022-00071,2022-03-27,FleetCars Panama,8451.45,Security,Administration,USA,Fixed Price,2022.0
LC-2023-00072,2023-04-11,Distribuidora Global S.A.,229956.14,IT & Technology,Legal,Panama,Time & Materials,2023.0
LC-2023-00073,2023-04-27,Papelería y Más,,Uniforms & PPE,Legal,Panama,Fixed Price,2023.0
LC-2022-00074,2022-02-01,Grupo Logístico del Istmo,237416.77,Maintenance & Repair,Finance,Mexico,Fixed Price,2022.0
LC-2023-00075,2023-08-01,TechSupplies Panama,1566.04,Office Supplies,HR,USA,Fixed Price,2023.0
LC-2022-00076,2022-06-17,Grupo Logístico del Istmo,97370.93,Maintenance & Repair,Administration,USA,Fixed Price,2022.0
LC-2022-00077,2022-03-19,Oficentro Internacional,40314.1,Logistics & Transport,Legal,Panama,Time & Materials,2022.0
LC-2023-00078,2023-08-03,Transportes Rápidos S.A.,3138.46,Marketing,Logistics,Colombia,Fixed Price,2023.0
LC-2022-00079,2022-01-13,Grupo Logístico del Istmo,40542.78,Maintenance & Repair,Marketing,Colombia,Framework Agreement,2022.0
LC-2023-00080,2023-03-22,Consultoría Estratégica,249.3,Medical Supplies,Procurement,Costa Rica,Time & Materials,2023.0
LC-2023-00081,2023-04-22,Cleaning Pro Services,3535.08,Catering & Food,Marketing,Mexico,Spot Purchase,2023.0
LC-2022-00082,2022-09-07,IT Solutions Group,8397.33,Maintenance & Repair,Finance,Panama,Spot Purchase,2022.0
LC-2023-00083,2023-05-15,Oficentro Internacional,213944.7,Logistics & Transport,Procurement,Panama,Time & Materials,2023.0
LC-2023-00084,2023-06-14,Uniforms & Workwear Co.,2258.81,Professional Services,Logistics,USA,Fixed Price,2023.0
LC-2023-00085,2023-10-24,Ferremax Industrial,13763.94,Professional Services,IT,Colombia,Spot Purchase,2023.0
LC-2022-00086,2022-11-10,Oficentro Internacional,19888.39,Logistics & Transport,Legal,Colombia,Time & Materials,2022.0
LC-2023-00087,2023-12-21,Oficentro Internacional,108932.37,Logistics & Transport,Marketing,Panama,Framework Agreement,2023.0
LC-2022-00088,2022-07-16,Papelería y Más,8047.58,Uniforms & PPE,Sales,Panama,Time & Materials,2022.0
LC-2022-00089,2022-04-13,Publicidad Digital LATAM,2220.22,Marketing,Marketing,USA,Framework Agreement,2022.0
LC-2022-00090,2022-02-16,Oficentro Internacional,67233.1,Logistics & Transport,Marketing,Panama,Framework Agreement,2022.0
LC-2023-00091,2023-08-11,Distribuidora Global S.A.,40802.27,IT & Technology,Procurement,Panama,Fixed Price,2023.0
LC-2022-00092,2022-03-08,Publicidad Digital LATAM,21014.49,Marketing,Logistics,USA,Fixed Price,2022.0
LC-2022-00093,2022-03-29,Distribuidora Global S.A.,15639.21,IT & Technology,HR,USA,Framework Agreement,2022.0
LC-2023-00094,2023-04-07,Cleaning Pro Services,3006.42,Catering & Food,Administration,Panama,Spot Purchase,2023.0
LC-2023-00095,2023-09-17,Grupo Logístico del Istmo,22685.25,Maintenance & Repair,Administration,USA,Fixed Price,2023.0
LC-2022-00096,2022-06-10,Cleaning Pro Services,547.15,Catering & Food,Logistics,Colombia,Fixed Price,2022.0
LC-2022-00097,2022-02-03,Grupo Logístico del Istmo,51810.3,Maintenance & Repair,Administration,USA,Framework Agreement,2022.0
LC-2023-00098,2023-03-12,Ferremax Industrial,49675.46,Professional Services,IT,Panama,Time & Materials,2023.0
LC-2022-00099,2022-06-19,Oficentro Internacional,36539.03,Logistics & Transport,HR,Panama,Fixed Price,2022.0
LC-2023-00100,2023-12-07,FleetCars Panama,3456.87,Security,Procurement,Panama,Spot Purchase,2023.0
LC-2023-00101,2023-03-19,MedEquip Latinoamerica,588.13,Security,Procurement,Panama,Fixed Price,2023.0
LC-2023-00102,2023-11-20,TechSupplies Panama,21921.55,Office Supplies,Administration,USA,Fixed Price,2023.0
LC-2022-00103,2022-10-12,TechSupplies Panama,24070.51,Office Supplies,Marketing,Colombia,Spot Purchase,2022.0
LC-2023-00104,2023-02-23,Ferremax Industrial,13867.0,Professional Services,Finance,USA,Framework Agreement,2023.0
LC-2023-00105,2023-07-18,Oficentro Internacional,29925.23,Logistics & Transport,Procurement,Panama,Spot Purchase,2023.0
LC-2023-00106,2023-11-05,Distribuidora Global S.A.,58974.54,IT & Technology,Legal,USA,Fixed Price,2023.0
LC-2023-00107,2023-10-03,MedEquip Latinoamerica,83222.99,Security,Administration,Costa Rica,Spot Purchase,2023.0
LC-2022-00108,2022-05-05,Distribuidora Global S.A.,,IT & Technology,Logistics,Panama,Spot Purchase,2022.0
LC-2023-00109,2023-07-20,Transportes Rápidos S.A.,7232.4,Marketing,Logistics,USA,Fixed Price,2023.0
LC-2023-00110,2023-05-26,Distribuidora Global S.A.,33211.95,IT & Technology,Finance,Colombia,Time & Materials,2023.0
LC-2023-00111,2023-04-13,Grupo Logístico del Istmo,3631.77,Maintenance & Repair,Procurement,USA,Time & Materials,2023.0
LC-2023-00112,2023-03-01,Ferremax Industrial,35178.25,Professional Services,HR,Panama,Framework Agreement,2023.0
LC-2022-00113,2022-06-02,Distribuidora Global S.A.,39037.43,IT & Technology,Logistics,USA,Spot Purchase,2022.0
LC-2022-00114,2022-07-13,Seguridad Total Corp,197770.62,IT & Technology,Legal,Panama,Framework Agreement,2022.0
LC-2023-00115,2023-04-30,IT Solutions Group,3682.91,Maintenance & Repair,Legal,Panama,Framework Agreement,2023.0
LC-2022-00116,2022-05-10,DataCenter Solutions,7725.8,Medical Supplies,HR,USA,Fixed Price,2022.0
LC-2022-00117,2022-01-16,IT Solutions Group,4665.42,Maintenance & Repair,Procurement,Panama,Spot Purchase,2022.0
LC-2023-00118,2023-10-01,TechSupplies Panama,8933.7,Office Supplies,Procurement,Panama,Framework Agreement,2023.0
LC-2023-00119,2023-10-04,IT Solutions Group,27288.87,Maintenance & Repair,Marketing,Panama,Framework Agreement,2023.0
LC-2022-00120,2022-08-21,Distribuidora Global S.A.,89529.16,IT & Technology,Finance,Panama,Framework Agreement,2022.0
LC-2023-00121,2023-12-12,DataCenter Solutions,16099.57,Medical Supplies,Finance,Panama,Time & Materials,2023.0
LC-2022-00122,2022-05-30,Distribuidora Global S.A.,12194.44,IT & Technology,Sales,Panama,Spot Purchase,2022.0
LC-2023-00123,2023-09-27,TechSupplies Panama,195507.33,Office Supplies,HR,Panama,Spot Purchase,2023.0
LC-2023-00124,2023-11-14,TechSupplies Panama,,Office Supplies,Logistics,Panama,Framework Agreement,2023.0
LC-2022-00125,2022-12-20,Transportes Rápidos S.A.,11852.4,Marketing,HR,Panama,Spot Purchase,2022.0
LC-2023-00126,2023-01-29,Transportes Rápidos S.A.,131358.23,Marketing,Procurement,Panama,Time & Materials,2023.0
LC-2022-00127,2022-01-23,Grupo Logístico del Istmo,11062.94,Maintenance & Repair,Logistics,Colombia,Framework Agreement,2022.0
LC-2022-00128,2022-10-21,MedEquip Latinoamerica,2101.81,Security,Operations,USA,Spot Purchase,2022.0
LC-2023-00129,2023-11-26,TechSupplies Panama,40928.49,Office Supplies,IT,USA,Framework Agreement,2023.0
LC-2022-00130,2022-11-13,Distribuidora Global S.A.,19847.42,IT & Technology,Finance,Colombia,Fixed Price,2022.0
LC-2022-00131,2022-06-29,Distribuidora Global S.A.,5648.83,IT & Technology,Logistics,Panama,Spot Purchase,2022.0
LC-2022-00132,2022-09-21,Grupo Logístico del Istmo,39429.74,Maintenance & Repair,Marketing,Panama,Time & Materials,2022.0
LC-2022-00133,2022-03-19,Oficentro Internacional,10150.07,Logistics & Transport,Sales,Panama,Spot Purchase,2022.0
LC-2022-00134,2022-04-03,PAPELERÍA Y MÁS,10000.48,Uniforms & PPE,Legal,USA,Framework Agreement,2022.0
LC-2023-00135,2023-10-16,Ferremax Industrial,12048.45,Professional Services,Logistics,USA,Spot Purchase,2023.0
LC-2023-00136,2023-10-26,Distribuidora Global S.A.,233262.87,IT & Technology,Marketing,Panama,Time & Materials,2023.0
LC-2022-00137,2022-02-16,Oficentro Internacional,14187.21,Logistics & Transport,Legal,Panama,Time & Materials,2022.0
LC-2023-00138,2023-04-10,Distribuidora Global S.A.,24674.51,IT & Technology,Marketing,Panama,Spot Purchase,2023.0
LC-2023-00139,2023-03-01,MedEquip Latinoamerica,16651.84,Security,Administration,Costa Rica,Time & Materials,2023.0
LC-2022-00140,2022-08-11,Energía Renovable S.A.,775.65,Catering & Food,Logistics,Panama,Framework Agreement,2022.0
LC-2022-00141,2022-03-04,Distribuidora Global S.A.,47712.65,IT & Technology,Sales,USA,Framework Agreement,2022.0
LC-2023-00142,2023-10-20,Catering Express Panama,34916.48,Logistics & Transport,Procurement,Panama,Time & Materials,2023.0
LC-2022-00143,2022-03-12,Oficentro Internacional,5276.51,Logistics & Transport,HR,USA,Time & Materials,2022.0
LC-2023-00144,2023-09-03,Mantenimiento Integral,,Office Supplies,IT,Panama,Time & Materials,2023.0
LC-2023-00145,2023-11-08,Distribuidora Global S.A.,49605.62,IT & Technology,Logistics,Panama,Fixed Price,2023.0
LC-2022-00146,2022-06-28,Seguridad Total Corp,15878.71,IT & Technology,Administration,Panama,Fixed Price,2022.0
LC-2023-00147,2023-01-06,Distribuidora Global S.A.,8230.97,IT & Technology,Finance,USA,Spot Purchase,2023.0
LC-2023-00148,2023-04-15,Consultoría Estratégica,678.11,Medical Supplies,Operations,Costa Rica,Framework Agreement,2023.0
LC-2023-00149,2023-05-18,Catering Express Panama,10752.7,Logistics & Transport,Legal,Colombia,Fixed Price,2023.0
LC-2022-00150,2022-10-09,Oficentro Internacional,51864.07,Logistics & Transport,HR,Panama,Time & Materials,2022.0
LC-2023-00151,2023-04-10,Grupo Logístico del Istmo,49049.8,Maintenance & Repair,Administration,USA,Framework Agreement,2023.0
LC-2023-00152,2023-03-17,Distribuidora Global S.A.,55035.73,IT & Technology,Marketing,Costa Rica,Time & Materials,2023.0
LC-2022-00153,2022-11-17,Ferremax Industrial,16058.13,Professional Services,Legal,Costa Rica,Fixed Price,2022.0
LC-2022-00154,2022-03-29,TechSupplies Panama,47987.91,Office Supplies,Procurement,Panama,Fixed Price,2022.0
LC-2023-00155,2023-11-18,Mantenimiento Integral,7628.21,Office Supplies,Marketing,Panama,Framework Agreement,2023.0
LC-2022-00156,2022-12-27,Papelería y Más,1683.24,Uniforms & PPE,Operations,Panama,Framework Agreement,2022.0
LC-2022-00157,2022-04-28,Ferremax Industrial,340758.54,Professional Services,Finance,Panama,Framework Agreement,2022.0
LC-2023-00158,2023-09-16,Catering Express Panama,10004.09,Logistics & Transport,Administration,USA,Fixed Price,2023.0
LC-2022-00159,2022-01-07,TechSupplies Panama,8694.41,Office Supplies,Logistics,Panama,Framework Agreement,2022.0
LC-2023-00160,2023-01-21,Distribuidora Global S.A.,79846.74,IT & Technology,Operations,Panama,Time & Materials,2023.0
LC-2022-00161,2022-02-23,Papelería y Más,1139.08,Uniforms & PPE,Administration,USA,Fixed Price,2022.0
LC-2023-00162,2023-05-13,Distribuidora Global S.A.,93386.45,IT & Technology,Procurement,Colombia,Spot Purchase,2023.0
LC-2022-00163,2022-10-18,Ferremax Industrial,145847.19,Professional Services,Sales,Panama,Fixed Price,2022.0
LC-2022-00164,2022-01-08,Oficentro Internacional,13564.09,Logistics & Transport,IT,Panama,Fixed Price,2022.0
LC-2022-00165,2022-01-08,Seguridad Total Corp,20849.06,IT & Technology,Logistics,Panama,Fixed Price,2022.0
LC-2022-00166,2022-03-15,MedEquip Latinoamerica,9128.63,Security,IT,USA,Framework Agreement,2022.0
LC-2023-00167,2023-08-11,Ferremax Industrial,97389.35,Professional Services,Finance,Panama,Spot Purchase,2023.0
LC-2023-00168,2023-12-08,Grupo Logístico del Istmo,353681.33,Maintenance & Repair,Sales,Panama,Spot Purchase,2023.0
LC-2023-00169,2023-02-10,TechSupplies Panama,27052.49,Office Supplies,Administration,Panama,Fixed Price,2023.0
LC-2023-00170,2023-06-28,Seguridad Total Corp,1586.67,IT & Technology,Finance,USA,Fixed Price,2023.0
LC-2022-00171,2022-05-30,Papelería y Más,1294.3,Uniforms & PPE,HR,Panama,Fixed Price,2022.0
LC-2023-00172,2023-04-21,Seguridad Total Corp,1445.61,IT & Technology,Finance,Panama,Spot Purchase,2023.0
LC-2023-00173,2023-10-05,FleetCars Panama,4378.0,Security,Administration,Colombia,Framework Agreement,2023.0
LC-2022-00174,2022-12-27,DataCenter Solutions,8198.68,Medical Supplies,Logistics,USA,Fixed Price,2022.0
LC-2023-00175,2023-09-22,Distribuidora Global S.A.,50616.3,IT & Technology,Logistics,Panama,Fixed Price,2023.0
LC-2022-00176,2022-11-26,Consultoría Estratégica,16996.71,Medical Supplies,Operations,Panama,Time & Materials,2022.0
LC-2023-00177,2023-06-01,Ferremax Industrial,36886.55,Professional Services,Sales,Costa Rica,Fixed Price,2023.0
LC-2023-00178,2023-01-08,Suministros Médicos del Sur,43490.64,Uniforms & PPE,Marketing,USA,Time & Materials,2023.0
LC-2022-00179,2022-03-09,Oficentro Internacional,26434.14,Logistics & Transport,Administration,Panama,Framework Agreement,2022.0
LC-2022-00180,2022-03-25,TechSupplies Panama,500000.0,Office Supplies,Administration,Panama,Framework Agreement,2022.0
LC-2022-00181,2022-11-14,Publicidad Digital LATAM,12562.87,Marketing,Legal,Panama,Fixed Price,2022.0
LC-2023-00182,2023-06-05,Distribuidora Global S.A.,12983.19,IT & Technology,Marketing,Panama,Spot Purchase,2023.0
LC-2022-00183,2022-05-21,TechSupplies Panama,10045.99,Office Supplies,Procurement,Panama,Time & Materials,2022.0
LC-2023-00184,2023-11-09,Ferremax Industrial,64793.91,Professional Services,Marketing,Costa Rica,Fixed Price,2023.0
LC-2023-00185,2023-03-25,Grupo Logístico del Istmo,27773.7,Maintenance & Repair,HR,Panama,Time & Materials,2023.0
LC-2022-00186,2022-08-28,Publicidad Digital LATAM,14342.76,Marketing,Administration,Panama,Spot Purchase,2022.0
LC-2023-00187,2023-04-18,Ferremax Industrial,64079.84,Professional Services,IT,Panama,Spot Purchase,2023.0
LC-2022-00188,2022-09-14,Grupo Logístico del Istmo,33276.45,Maintenance & Repair,HR,Panama,Time & Materials,2022.0
LC-2022-00189,2022-03-27,Energía Renovable S.A.,1379.96,Catering & Food,Marketing,Panama,Framework Agreement,2022.0
LC-2023-00190,2023-04-07,TechSupplies Panama,5896.91,Office Supplies,Legal,Panama,Time & Materials,2023.0
LC-2022-00191,2022-03-25,Grupo Logístico del Istmo,21251.49,Maintenance & Repair,Sales,Panama,Spot Purchase,2022.0
LC-2022-00192,2022-02-09,Catering Express Panama,17758.12,Logistics & Transport,Sales,Panama,Time & Materials,2022.0
LC-2022-00193,2022-03-23,Distribuidora Global S.A.,,IT & Technology,Procurement,Panama,Fixed Price,2022.0
LC-2022-00194,2022-04-24,Energía Renovable S.A.,758.54,Catering & Food,Administration,USA,Spot Purchase,2022.0
LC-2022-00195,2022-04-24,TechSupplies Panama,44703.95,Office Supplies,Administration,Panama,Fixed Price,2022.0
LC-2022-00196,2022-10-26,DataCenter Solutions,8760.22,Medical Supplies,Administration,Panama,Time & Materials,2022.0
LC-2022-00197,2022-03-11,Grupo Logístico del Istmo,12573.81,Maintenance & Repair,Finance,USA,Framework Agreement,2022.0
LC-2022-00198,2022-02-14,Ferremax Industrial,43672.34,Professional Services,Operations,Panama,Spot Purchase,2022.0
LC-2023-00199,2023-11-04,Distribuidora Global S.A.,38942.85,IT & Technology,Finance,Panama,Time & Materials,2023.0
LC-2023-00200,2023-10-21,Oficentro Internacional,9213.6,Logistics & Transport,Operations,Panama,Framework Agreement,2023.0
LC-2023-00201,2023-04-14,Transportes Rápidos S.A.,8405.83,Marketing,HR,Panama,Fixed Price,2023.0
LC-2023-00202,2023-07-11,Uniforms & Workwear Co.,11397.81,Professional Services,Sales,Panama,Spot Purchase,2023.0
LC-2022-00203,2022-10-07,Oficentro Internacional,133207.25,Logistics & Transport,Operations,Colombia,Framework Agreement,2022.0
LC-2023-00204,2023-05-24,Papelería y Más,23877.77,Uniforms & PPE,Legal,Panama,Time & Materials,2023.0
LC-2022-00205,2022-03-22,Oficentro Internacional,6952.08,Logistics & Transport,Finance,Costa Rica,Spot Purchase,2022.0
LC-2023-00206,2023-11-08,Oficentro Internacional,11785.32,Logistics & Transport,Finance,Panama,Framework Agreement,2023.0
LC-2022-00207,2022-02-13,TechSupplies Panama,67375.88,Office Supplies,Procurement,Panama,Spot Purchase,2022.0
LC-2023-00208,2023-01-08,Grupo Logístico del Istmo,67274.94,Maintenance & Repair,Operations,Panama,Spot Purchase,2023.0
LC-2022-00209,2022-02-05,Distribuidora Global S.A.,67376.88,IT & Technology,Administration,Colombia,Spot Purchase,2022.0
LC-2023-00210,2023-11-27,Grupo Logístico del Istmo,500000.0,Maintenance & Repair,Administration,Panama,Time & Materials,2023.0
LC-2023-00211,2023-02-12,Distribuidora Global S.A.,72046.61,IT & Technology,HR,USA,Framework Agreement,2023.0
LC-2023-00212,2023-07-30,Distribuidora Global S.A.,141871.75,IT & Technology,HR,USA,Spot Purchase,2023.0
LC-2022-00213,2022-07-24,TechSupplies Panama,114096.76,Office Supplies,Administration,Panama,Spot Purchase,2022.0
LC-2023-00214,2023-11-15,Uniforms & Workwear Co.,13057.09,Professional Services,Procurement,Panama,Framework Agreement,2023.0
LC-2023-00215,2023-01-06,Uniforms & Workwear Co.,3062.83,Professional Services,HR,Costa Rica,Time & Materials,2023.0
LC-2023-00216,2023-07-22,Distribuidora Global S.A.,90288.29,IT & Technology,Procurement,Panama,Framework Agreement,2023.0
LC-2023-00217,2023-02-12,Distribuidora Global S.A.,14365.86,IT & Technology,Finance,Panama,Framework Agreement,2023.0
LC-2022-00218,2022-11-21,Seguridad Total Corp,3445.32,IT & Technology,Administration,Panama,Time & Materials,2022.0
LC-2022-00219,2022-05-13,Oficentro Internacional,20283.51,Logistics & Transport,Marketing,Colombia,Time & Materials,2022.0
LC-2022-00220,2022-06-15,Distribuidora Global S.A.,40064.62,IT & Technology,HR,Panama,Time & Materials,2022.0
LC-2022-00221,2022-07-21,Energía Renovable S.A.,158258.94,Catering & Food,Logistics,Panama,Framework Agreement,2022.0
LC-2023-00222,2023-08-30,Oficentro Internacional,3863.32,Logistics & Transport,Marketing,Panama,Time & Materials,2023.0
LC-2022-00223,2022-01-30,Papelería y Más,13758.2,Uniforms & PPE,Administration,Panama,Fixed Price,2022.0
LC-2023-00224,2023-09-25,Oficentro Internacional,5243.48,Logistics & Transport,IT,Mexico,Spot Purchase,2023.0
LC-2023-00225,2023-12-03,Oficentro Internacional,20613.09,Logistics & Transport,Logistics,USA,Time & Materials,2023.0
LC-2022-00226,2022-07-28,TechSupplies Panama,134153.6,Office Supplies,Legal,USA,Spot Purchase,2022.0
LC-2023-00227,2023-01-15,Oficentro Internacional,39227.61,Logistics & Transport,Sales,Panama,Time & Materials,2023.0
LC-2022-00228,2022-04-10,Distribuidora Global S.A.,9963.72,IT & Technology,Procurement,Panama,Time & Materials,2022.0
LC-2022-00229,2022-07-14,Grupo Logístico del Istmo,15392.5,Maintenance & Repair,HR,Panama,Framework Agreement,2022.0
LC-2022-00230,2022-04-03,Ferremax Industrial,82085.55,Professional Services,Logistics,USA,Fixed Price,2022.0
LC-2022-00231,2022-10-16,TechSupplies Panama,15116.77,Office Supplies,Sales,Panama,Fixed Price,2022.0
LC-2023-00232,2023-03-18,Ferremax Industrial,47086.91,Professional Services,Marketing,Panama,Fixed Price,2023.0
LC-2023-00233,2023-08-07,Grupo Logístico del Istmo,38356.77,Maintenance & Repair,Operations,Panama,Fixed Price,2023.0
LC-2023-00234,2023-10-01,Grupo Logístico del Istmo,16615.31,Maintenance & Repair,Procurement,Mexico,Framework Agreement,2023.0
LC-2022-00235,2022-05-28,Grupo Logístico del Istmo,475790.5,Maintenance & Repair,Sales,USA,Framework Agreement,2022.0
LC-2023-00236,2023-05-01,Distribuidora Global S.A.,77707.17,IT & Technology,HR,Costa Rica,Framework Agreement,2023.0
LC-2023-00237,2023-02-07,Distribuidora Global S.A.,3196.55,IT & Technology,Administration,Panama,Time & Materials,2023.0
LC-2023-00238,2023-12-27,Oficentro Internacional,45421.7,Logistics & Transport,Marketing,USA,Spot Purchase,2023.0
LC-2023-00239,2023-12-06,Oficentro Internacional,16413.45,Logistics & Transport,Finance,Panama,Framework Agreement,2023.0
LC-2022-00240,2022-02-22,DataCenter Solutions,17652.81,Medical Supplies,Administration,USA,Time & Materials,2022.0
LC-2022-00241,2022-02-02,Cleaning Pro Services,1497.0,Catering & Food,Legal,Panama,Time & Materials,2022.0
LC-2023-00242,2023-12-09,Ferremax Industrial,31644.39,Professional Services,Legal,Panama,Spot Purchase,2023.0
LC-2023-00243,2023-06-16,Ferremax Industrial,66568.36,Professional Services,Operations,Costa Rica,Time & Materials,2023.0
LC-2023-00244,2023-06-30,MedEquip Latinoamerica,18009.11,Security,Sales,Panama,Spot Purchase,2023.0
LC-2022-00245,2022-07-16,Papelería y Más,812.04,Uniforms & PPE,Logistics,USA,Spot Purchase,2022.0
LC-2023-00246,2023-12-23,Energía Renovable S.A.,2975.74,Catering & Food,Logistics,Mexico,Framework Agreement,2023.0
LC-2023-00247,2023-08-11,Grupo Logístico del Istmo,20538.69,Maintenance & Repair,Logistics,Panama,Fixed Price,2023.0
LC-2022-00248,2022-10-22,Mantenimiento Integral,1844.58,Office Supplies,HR,Panama,Fixed Price,2022.0
LC-2023-00249,2023-07-06,DataCenter Solutions,69437.43,Medical Supplies,Procurement,Panama,Time & Materials,2023.0
LC-2022-00250,2022-02-21,Distribuidora Global S.A.,59040.45,IT & Technology,Administration,Panama,Time & Materials,2022.0
LC-2022-00251,2022-04-13,Distribuidora Global S.A.,7997.94,IT & Technology,Legal,Panama,Spot Purchase,2022.0
LC-2023-00252,2023-05-04,Publicidad Digital LATAM,19473.17,Marketing,HR,Panama,Spot Purchase,2023.0
LC-2023-00253,2023-10-30,Oficentro Internacional,463511.95,Logistics & Transport,Operations,Mexico,Fixed Price,2023.0
LC-2022-00254,2022-02-07,Energía Renovable S.A.,23125.66,Catering & Food,HR,Panama,Time & Materials,2022.0
LC-2022-00255,2022-11-02,Energía Renovable S.A.,503.18,Catering & Food,Logistics,Panama,Fixed Price,2022.0
LC-2022-00256,2022-05-18,Oficentro Internacional,20311.02,Logistics & Transport,Marketing,USA,Spot Purchase,2022.0
LC-2023-00257,2023-10-26,Distribuidora Global S.A.,166091.38,IT & Technology,HR,Costa Rica,Spot Purchase,2023.0
LC-2022-00258,2022-06-29,Seguridad Total Corp,1700.19,IT & Technology,Administration,Colombia,Time & Materials,2022.0
LC-2023-00259,2023-11-17,Grupo Logístico del Istmo,61857.17,Maintenance & Repair,Sales,Panama,Spot Purchase,2023.0
LC-2022-00260,2022-08-30,Energía Renovable S.A.,15708.4,Catering & Food,Operations,Panama,Spot Purchase,2022.0
LC-2023-00261,2023-11-01,Cleaning Pro Services,1223.66,Catering & Food,Administration,Panama,Framework Agreement,2023.0
LC-2023-00262,2023-12-08,Ferremax Industrial,33811.95,Professional Services,HR,Panama,Framework Agreement,2023.0
LC-2022-00263,2022-06-06,Cleaning Pro Services,38.02,Catering & Food,IT,Panama,Spot Purchase,2022.0
LC-2022-00264,2022-09-11,Transportes Rápidos S.A.,1057.24,Marketing,Procurement,Costa Rica,Time & Materials,2022.0
LC-2022-00265,2022-03-21,MedEquip Latinoamerica,3364.88,Security,Marketing,Costa Rica,Framework Agreement,2022.0
LC-2022-00266,2022-06-18,Uniforms & Workwear Co.,756.21,Professional Services,IT,USA,Time & Materials,2022.0
LC-2023-00267,2023-06-07,TechSupplies Panama,257530.53,Office Supplies,Administration,USA,Fixed Price,2023.0
LC-2023-00268,2023-11-20,Grupo Logístico del Istmo,6527.83,Maintenance & Repair,Administration,Panama,Spot Purchase,2023.0
LC-2022-00269,2022-02-16,Mantenimiento Integral,2540.04,Office Supplies,IT,USA,Fixed Price,2022.0
LC-2022-00270,2022-10-21,Distribuidora Global S.A.,42484.25,IT & Technology,Finance,USA,Fixed Price,2022.0
LC-2023-00271,2023-04-05,Publicidad Digital LATAM,42698.11,Marketing,Legal,Panama,Spot Purchase,2023.0
LC-2022-00272,2022-05-02,Transportes Rápidos S.A.,570.33,Marketing,Marketing,Panama,Framework Agreement,2022.0
LC-2022-00273,2022-11-02,Papelería y Más,28134.32,Uniforms & PPE,IT,Panama,Fixed Price,2022.0
LC-2022-00274,2022-12-21,Grupo Logístico del Istmo,36764.19,Maintenance & Repair,IT,Panama,Spot Purchase,2022.0
LC-2023-00275,2023-09-22,Seguridad Total Corp,1127.48,IT & Technology,Operations,Colombia,Spot Purchase,2023.0
LC-2023-00276,2023-04-03,TechSupplies Panama,63229.37,Office Supplies,Finance,USA,Fixed Price,2023.0
LC-2023-00277,2023-07-07,Papelería y Más,6624.89,Uniforms & PPE,Legal,Panama,Time & Materials,2023.0
LC-2023-00278,2023-08-15,Ferremax Industrial,17672.05,Professional Services,Logistics,Panama,Framework Agreement,2023.0
LC-2023-00279,2023-02-28,Oficentro Internacional,39488.41,Logistics & Transport,HR,Colombia,Time & Materials,2023.0
LC-2023-00280,2023-07-24,Uniforms & Workwear Co.,2757.36,Professional Services,HR,Colombia,Spot Purchase,2023.0
LC-2023-00281,2023-02-23,DataCenter Solutions,5827.11,Medical Supplies,Marketing,Panama,Spot Purchase,2023.0
LC-2023-00282,2023-04-20,Ferremax Industrial,80382.91,Professional Services,IT,Panama,Time & Materials,2023.0
LC-2022-00283,2022-09-19,MedEquip Latinoamerica,53051.86,Security,HR,Panama,Time & Materials,2022.0
LC-2022-00284,2022-02-22,Catering Express Panama,767.61,Logistics & Transport,Finance,USA,Time & Materials,2022.0
LC-2023-00285,2023-05-06,IT Solutions Group,120517.48,Maintenance & Repair,IT,Mexico,Time & Materials,2023.0
LC-2023-00286,2023-05-06,FleetCars Panama,262.92,Security,IT,Panama,Fixed Price,2023.0
LC-2022-00287,2022-10-17,Grupo Logístico del Istmo,30268.35,Maintenance & Repair,IT,USA,Framework Agreement,2022.0
LC-2022-00288,2022-04-11,Oficentro Internacional,73569.12,Logistics & Transport,Marketing,USA,Spot Purchase,2022.0
LC-2023-00289,2023-02-28,Oficentro Internacional,50878.22,Logistics & Transport,IT,Panama,Framework Agreement,2023.0
LC-2022-00290,2022-10-30,Distribuidora Global S.A.,17201.65,IT & Technology,Marketing,USA,Spot Purchase,2022.0
LC-2022-00291,2022-09-21,Catering Express Panama,3596.86,Logistics & Transport,Procurement,USA,Framework Agreement,2022.0
LC-2022-00292,2022-06-23,Papelería y Más,2346.07,Uniforms & PPE,Procurement,Panama,Framework Agreement,2022.0
LC-2022-00293,2022-03-18,Uniforms & Workwear Co.,2030.33,Professional Services,Operations,USA,Fixed Price,2022.0
LC-2022-00294,2022-01-10,Grupo Logístico del Istmo,100661.89,Maintenance & Repair,IT,Panama,Time & Materials,2022.0
LC-2022-00295,,DataCenter Solutions,,Medical Supplies,Administration,USA,Spot Purchase,
LC-2022-00296,2022-01-18,MedEquip Latinoamerica,1738.25,Security,Logistics,USA,Framework Agreement,2022.0
LC-2023-00297,2023-06-21,Energía Renovable S.A.,18946.98,Catering & Food,HR,Panama,Fixed Price,2023.0
LC-2023-00298,2023-01-18,Mantenimiento Integral,7792.75,Office Supplies,Logistics,Panama,Fixed Price,2023.0
LC-2023-00299,2023-11-01,Transportes Rápidos S.A.,16635.48,Marketing,Logistics,Colombia,Fixed Price,2023.0
LC-2022-00300,2022-02-27,Grupo Logístico del Istmo,77308.15,Maintenance & Repair,Legal,USA,Spot Purchase,2022.0
LC-2023-00301,2023-06-25,Catering Express Panama,1417.3,Logistics & Transport,Sales,USA,Fixed Price,2023.0
LC-2022-00302,2022-02-17,Transportes Rápidos S.A.,2121.18,Marketing,Administration,USA,Framework Agreement,2022.0
LC-2022-00303,2022-01-17,MedEquip Latinoamerica,15077.22,Security,Operations,Panama,Framework Agreement,2022.0
LC-2022-00304,2022-06-16,Transportes Rápidos S.A.,12277.89,Marketing,Legal,Panama,Framework Agreement,2022.0
LC-2022-00305,2022-05-24,Transportes Rápidos S.A.,4763.07,Marketing,Marketing,Panama,Spot Purchase,2022.0
LC-2023-00306,2023-03-24,Papelería y Más,5860.51,Uniforms & PPE,Sales,Panama,Fixed Price,2023.0
LC-2022-00307,2022-01-31,Cleaning Pro Services,33406.22,Catering & Food,Administration,Panama,Framework Agreement,2022.0
LC-2022-00308,2022-07-10,TechSupplies Panama,17856.35,Office Supplies,Marketing,Panama,Spot Purchase,2022.0
LC-2022-00309,2022-03-26,Cleaning Pro Services,11166.19,Catering & Food,IT,Costa Rica,Fixed Price,2022.0
LC-2022-00310,2022-04-20,TechSupplies Panama,28491.72,Office Supplies,Legal,Panama,Framework Agreement,2022.0
LC-2022-00311,2022-07-11,Seguridad Total Corp,3545.66,IT & Technology,Finance,Panama,Fixed Price,2022.0
LC-2023-00312,2023-09-04,Distribuidora Global S.A.,135744.84,IT & Technology,Finance,Panama,Fixed Price,2023.0
LC-2023-00313,2023-07-27,Oficentro Internacional,97782.37,Logistics & Transport,Legal,Mexico,Fixed Price,2023.0
LC-2022-00314,2022-10-03,TechSupplies Panama,96395.19,Office Supplies,Legal,Panama,Time & Materials,2022.0
LC-2022-00315,2022-03-20,Grupo Logístico del Istmo,173958.94,Maintenance & Repair,Legal,Panama,Spot Purchase,2022.0
LC-2022-00316,2022-04-20,FERREMAX INDUSTRIAL,37242.45,Professional Services,Administration,Panama,Spot Purchase,2022.0
LC-2022-00317,2022-12-09,Catering Express Panama,13669.6,Logistics & Transport,Legal,Panama,Spot Purchase,2022.0
LC-2023-00318,2023-05-06,Cleaning Pro Services,3085.9,Catering & Food,Logistics,Panama,Time & Materials,2023.0
LC-2022-00319,2022-11-30,Oficentro Internacional,53583.67,Logistics & Transport,Procurement,USA,Time & Materials,2022.0
LC-2023-00320,2023-11-30,Distribuidora Global S.A.,31064.73,IT & Technology,Administration,Panama,Time & Materials,2023.0
LC-2023-00321,2023-12-11,Energía Renovable S.A.,5684.47,Catering & Food,IT,Panama,Framework Agreement,2023.0
LC-2022-00322,2022-09-05,Transportes Rápidos S.A.,12000.88,Marketing,HR,Colombia,Framework Agreement,2022.0
LC-2023-00323,2023-08-20,Grupo Logístico del Istmo,13604.22,Maintenance & Repair,Procurement,USA,Spot Purchase,2023.0
LC-2023-00324,2023-12-20,Transportes Rápidos S.A.,113389.14,Marketing,Marketing,Panama,Framework Agreement,2023.0
LC-2022-00325,2022-06-20,Distribuidora Global S.A.,10859.32,IT & Technology,IT,Colombia,Framework Agreement,2022.0
LC-2023-00326,2023-03-17,Transportes Rápidos S.A.,795.3,Marketing,Legal,Costa Rica,Framework Agreement,2023.0
LC-2023-00327,2023-04-02,Papelería y Más,27921.89,Uniforms & PPE,Marketing,USA,Time & Materials,2023.0
LC-2023-00328,2023-05-10,Transportes Rápidos S.A.,16114.81,Marketing,HR,Panama,Fixed Price,2023.0
LC-2022-00329,2022-12-18,Distribuidora Global S.A.,76798.76,IT & Technology,HR,Panama,Framework Agreement,2022.0
LC-2022-00330,2022-11-23,Ferremax Industrial,77189.18,Professional Services,Procurement,Costa Rica,Spot Purchase,2022.0
LC-2023-00331,2023-11-25,Distribuidora Global S.A.,35785.71,IT & Technology,Sales,Colombia,Fixed Price,2023.0
LC-2023-00332,2023-07-28,MedEquip Latinoamerica,1279.36,Security,Marketing,Panama,Framework Agreement,2023.0
LC-2023-00333,2023-02-10,DataCenter Solutions,,Medical Supplies,HR,Colombia,Spot Purchase,2023.0
LC-2022-00334,2022-07-30,Cleaning Pro Services,1779.8,Catering & Food,Legal,Panama,Time & Materials,2022.0
LC-2022-00335,2022-11-30,Cleaning Pro Services,21219.58,Catering & Food,Marketing,Panama,Framework Agreement,2022.0
LC-2023-00336,2023-09-18,Ferremax Industrial,30440.56,Professional Services,Sales,USA,Spot Purchase,2023.0
LC-2023-00337,2023-09-22,Ferremax Industrial,13485.95,Professional Services,HR,Colombia,Framework Agreement,2023.0
LC-2023-00338,2023-12-12,TechSupplies Panama,24694.53,Office Supplies,Finance,Panama,Framework Agreement,2023.0
LC-2023-00339,2023-10-13,Cleaning Pro Services,9130.7,Catering & Food,Legal,Panama,Spot Purchase,2023.0
LC-2022-00340,2022-05-24,TechSupplies Panama,18463.12,Office Supplies,HR,USA,Framework Agreement,2022.0
LC-2022-00341,2022-07-19,IT Solutions Group,1431.77,Maintenance & Repair,Operations,USA,Time & Materials,2022.0
LC-2023-00342,2023-05-16,Ferremax Industrial,48650.85,Professional Services,Procurement,Panama,Spot Purchase,2023.0
LC-2023-00343,2023-07-05,TechSupplies Panama,48725.6,Office Supplies,Operations,Panama,Time & Materials,2023.0
LC-2023-00344,2023-08-10,Seguridad Total Corp,2297.52,IT & Technology,Procurement,USA,Fixed Price,2023.0
LC-2023-00345,2023-07-14,Grupo Logístico del Istmo,20635.21,Maintenance & Repair,Operations,Mexico,Spot Purchase,2023.0
LC-2023-00346,2023-04-06,DataCenter Solutions,6960.98,Medical Supplies,IT,Panama,Fixed Price,2023.0
LC-2022-00347,2022-08-03,IT Solutions Group,559.96,Maintenance & Repair,Finance,Mexico,Time & Materials,2022.0
LC-2022-00348,2022-07-31,Transportes Rápidos S.A.,595.14,Marketing,Legal,Panama,Time & Materials,2022.0
LC-2022-00349,2022-11-28,MedEquip Latinoamerica,1672.93,Security,Administration,USA,Time & Materials,2022.0
LC-2022-00350,2022-05-19,Consultoría Estratégica,3568.25,Medical Supplies,Marketing,Colombia,Fixed Price,2022.0
LC-2022-00351,2022-09-13,Suministros Médicos del Sur,7835.04,Uniforms & PPE,HR,Colombia,Time & Materials,2022.0
LC-2023-00352,2023-08-15,Catering Express Panama,44937.79,Logistics & Transport,Legal,USA,Time & Materials,2023.0
LC-2023-00353,2023-12-13,Distribuidora Global S.A.,101639.91,IT & Technology,Finance,Panama,Framework Agreement,2023.0
LC-2023-00354,2023-04-15,Oficentro Internacional,29973.64,Logistics & Transport,Operations,Mexico,Fixed Price,2023.0
LC-2022-00355,2022-08-05,Mantenimiento Integral,4776.56,Office Supplies,Legal,Panama,Spot Purchase,2022.0
LC-2022-00356,2022-12-18,MedEquip Latinoamerica,1092.48,Security,HR,USA,Spot Purchase,2022.0
LC-2022-00357,2022-06-11,DATACENTER SOLUTIONS,4780.16,Medical Supplies,Procurement,Panama,Fixed Price,2022.0
LC-2022-00358,2022-06-12,TechSupplies Panama,25683.64,Office Supplies,HR,Colombia,Framework Agreement,2022.0
LC-2022-00359,2022-02-23,Grupo Logístico del Istmo,53490.66,Maintenance & Repair,Finance,Panama,Time & Materials,2022.0
LC-2022-00360,2022-01-02,TechSupplies Panama,13457.92,Office Supplies,Finance,Costa Rica,Fixed Price,2022.0
LC-2023-00361,2023-12-14,MedEquip Latinoamerica,10710.93,Security,Procurement,Panama,Fixed Price,2023.0
LC-2023-00362,2023-01-28,Transportes Rápidos S.A.,48977.11,Marketing,Procurement,Panama,Time & Materials,2023.0
LC-2022-00363,2022-05-17,Grupo Logístico del Istmo,31872.15,Maintenance & Repair,Logistics,Panama,Spot Purchase,2022.0
LC-2023-00364,2023-03-27,MedEquip Latinoamerica,8978.32,Security,Administration,Colombia,Time & Materials,2023.0
LC-2022-00365,2022-08-11,FleetCars Panama,13838.59,Security,Administration,Colombia,Spot Purchase,2022.0
LC-2022-00366,2022-11-19,Cleaning Pro Services,2692.35,Catering & Food,Legal,Panama,Spot Purchase,2022.0
LC-2023-00367,2023-12-09,TechSupplies Panama,,Office Supplies,Administration,USA,Framework Agreement,2023.0
LC-2023-00368,2023-02-06,TechSupplies Panama,36868.43,Office Supplies,Administration,USA,Time & Materials,2023.0
LC-2022-00369,2022-09-04,Consultoría Estratégica,5690.28,Medical Supplies,Procurement,Panama,Fixed Price,2022.0
LC-2023-00370,2023-02-01,Publicidad Digital LATAM,1541.46,Marketing,Sales,Panama,Time & Materials,2023.0
LC-2022-00371,2022-01-18,TRANSPORTES RÁPIDOS S.A.,5098.82,Marketing,Procurement,Mexico,Fixed Price,2022.0
LC-2023-00372,2023-10-06,FleetCars Panama,10373.37,Security,Legal,USA,Framework Agreement,2023.0
LC-2022-00373,2022-10-12,Grupo Logístico del Istmo,207186.02,Maintenance & Repair,Marketing,USA,Time & Materials,2022.0
LC-2023-00374,2023-02-05,Publicidad Digital LATAM,20721.07,Marketing,HR,USA,Framework Agreement,2023.0
LC-2022-00375,2022-09-02,DataCenter Solutions,124215.56,Medical Supplies,Logistics,Colombia,Spot Purchase,2022.0
LC-2023-00376,2023-11-14,Ferremax Industrial,14460.6,Professional Services,Administration,Panama,Framework Agreement,2023.0
LC-2022-00377,2022-12-22,Transportes Rápidos S.A.,18187.34,Marketing,Operations,Panama,Spot Purchase,2022.0
LC-2022-00378,2022-05-01,TechSupplies Panama,45252.37,Office Supplies,HR,Costa Rica,Framework Agreement,2022.0
LC-2023-00379,2023-05-24,Oficentro Internacional,500000.0,Logistics & Transport,Finance,Panama,Fixed Price,2023.0
LC-2022-00380,2022-04-16,MedEquip Latinoamerica,1461.99,Security,Sales,Panama,Framework Agreement,2022.0
LC-2022-00381,2022-09-08,Papelería y Más,1394.68,Uniforms & PPE,Operations,Panama,Fixed Price,2022.0
LC-2022-00382,2022-08-18,TechSupplies Panama,17689.54,Office Supplies,Operations,USA,Spot Purchase,2022.0
LC-2022-00383,2022-05-03,Oficentro Internacional,2839.33,Logistics & Transport,Finance,USA,Framework Agreement,2022.0
LC-2023-00384,2023-04-22,Mantenimiento Integral,2233.59,Office Supplies,Operations,Panama,Fixed Price,2023.0
LC-2022-00385,2022-07-25,Distribuidora Global S.A.,14603.85,IT & Technology,Procurement,Panama,Framework Agreement,2022.0
LC-2022-00386,2022-07-20,TechSupplies Panama,43498.1,Office Supplies,Sales,USA,Spot Purchase,2022.0
LC-2023-00387,2023-07-09,TechSupplies Panama,54726.71,Office Supplies,Legal,Panama,Time & Materials,2023.0
LC-2022-00388,2022-11-11,Consultoría Estratégica,81982.1,Medical Supplies,Operations,Mexico,Spot Purchase,2022.0
LC-2022-00389,2022-04-06,Ferremax Industrial,113607.93,Professional Services,Operations,Panama,Framework Agreement,2022.0
LC-2023-00390,2023-08-18,Grupo Logístico del Istmo,18173.42,Maintenance & Repair,Sales,Panama,Fixed Price,2023.0
LC-2023-00391,2023-11-10,Distribuidora Global S.A.,12356.07,IT & Technology,Administration,Panama,Spot Purchase,2023.0
LC-2022-00392,2022-11-22,Oficentro Internacional,65532.6,Logistics & Transport,Legal,Colombia,Framework Agreement,2022.0
LC-2022-00393,2022-04-19,Distribuidora Global S.A.,7448.14,IT & Technology,Administration,Panama,Time & Materials,2022.0
LC-2023-00394,2023-04-20,MedEquip Latinoamerica,76664.05,Security,IT,Panama,Framework Agreement,2023.0
LC-2022-00395,2022-12-02,Transportes Rápidos S.A.,28829.67,Marketing,Administration,Panama,Time & Materials,2022.0
LC-2022-00396,2022-09-24,Grupo Logístico del Istmo,20681.38,Maintenance & Repair,Operations,Colombia,Framework Agreement,2022.0
LC-2022-00397,2022-04-07,IT Solutions Group,376.27,Maintenance & Repair,Marketing,Costa Rica,Time & Materials,2022.0
LC-2023-00398,2023-02-15,Distribuidora Global S.A.,184360.22,IT & Technology,IT,Panama,Time & Materials,2023.0
LC-2022-00399,2022-03-08,Cleaning Pro Services,4138.92,Catering & Food,Logistics,Panama,Fixed Price,2022.0
LC-2023-00400,2023-04-18,Distribuidora Global S.A.,160392.56,IT & Technology,Sales,Panama,Fixed Price,2023.0
LC-2023-00401,2023-12-01,Papelería y Más,449.6,Uniforms & PPE,Procurement,Panama,Spot Purchase,2023.0
LC-2023-00402,2023-09-21,Oficentro Internacional,17689.91,Logistics & Transport,Procurement,Panama,Fixed Price,2023.0
LC-2022-00403,2022-03-31,Grupo Logístico del Istmo,36544.74,Maintenance & Repair,Marketing,USA,Fixed Price,2022.0
LC-2023-00404,2023-01-27,Uniforms & Workwear Co.,5273.61,Professional Services,Marketing,Panama,Fixed Price,2023.0
LC-2023-00405,2023-02-02,Ferremax Industrial,21161.13,Professional Services,Administration,USA,Framework Agreement,2023.0
LC-2023-00406,2023-06-27,Distribuidora Global S.A.,76681.82,IT & Technology,Logistics,Panama,Spot Purchase,2023.0
LC-2022-00407,2022-09-30,TechSupplies Panama,10085.51,Office Supplies,IT,Colombia,Time & Materials,2022.0
LC-2022-00408,2022-12-30,Seguridad Total Corp,3969.64,IT & Technology,IT,USA,Spot Purchase,2022.0
LC-2023-00409,2023-08-29,TechSupplies Panama,,Office Supplies,Sales,Costa Rica,Framework Agreement,2023.0
LC-2023-00410,2023-07-10,MedEquip Latinoamerica,10632.37,Security,Administration,Panama,Spot Purchase,2023.0
LC-2022-00411,2022-01-01,TechSupplies Panama,85300.69,Office Supplies,IT,Panama,Spot Purchase,2022.0
LC-2022-00412,2022-01-23,Oficentro Internacional,9418.48,Logistics & Transport,HR,Panama,Fixed Price,2022.0
LC-2023-00413,2023-01-18,Distribuidora Global S.A.,5762.13,IT & Technology,Marketing,Panama,Fixed Price,2023.0
LC-2023-00414,2023-03-24,Oficentro Internacional,168251.0,Logistics & Transport,Sales,Panama,Time & Materials,2023.0
LC-2022-00415,2022-08-17,TechSupplies Panama,54110.14,Office Supplies,Marketing,Colombia,Framework Agreement,2022.0
LC-2022-00416,2022-01-02,Papelería y Más,1599.22,Uniforms & PPE,Logistics,Panama,Time & Materials,2022.0
LC-2023-00417,2023-09-09,Suministros Médicos del Sur,50348.69,Uniforms & PPE,Administration,Panama,Time & Materials,2023.0
LC-2022-00418,2022-12-06,DataCenter Solutions,5845.99,Medical Supplies,Finance,USA,Time & Materials,2022.0
LC-2023-00419,2023-04-03,TechSupplies Panama,,Office Supplies,Finance,Costa Rica,Framework Agreement,2023.0
LC-2022-00420,2022-02-19,Grupo Logístico del Istmo,39380.35,Maintenance & Repair,Finance,Costa Rica,Fixed Price,2022.0
LC-2023-00421,2023-07-14,Uniforms & Workwear Co.,108133.5,Professional Services,Procurement,Panama,Framework Agreement,2023.0
LC-2022-00422,2022-03-17,Cleaning Pro Services,68392.01,Catering & Food,IT,Panama,Spot Purchase,2022.0
LC-2022-00423,2022-06-24,Oficentro Internacional,26936.65,Logistics & Transport,Finance,Panama,Framework Agreement,2022.0
LC-2023-00424,2023-12-23,Energía Renovable S.A.,21106.92,Catering & Food,Finance,Panama,Spot Purchase,2023.0
LC-2022-00425,2022-12-06,Uniforms & Workwear Co.,12939.81,Professional Services,HR,Panama,Fixed Price,2022.0
LC-2022-00426,2022-11-01,Papelería y Más,38290.13,Uniforms & PPE,Marketing,Panama,Framework Agreement,2022.0
LC-2022-00427,2022-01-04,Catering Express Panama,1155.88,Logistics & Transport,HR,Panama,Framework Agreement,2022.0
LC-2022-00428,2022-07-31,Cleaning Pro Services,13753.89,Catering & Food,IT,Panama,Fixed Price,2022.0
LC-2023-00429,2023-05-16,Catering Express Panama,24043.9,Logistics & Transport,Logistics,Panama,Spot Purchase,2023.0
LC-2022-00430,2022-07-11,Grupo Logístico del Istmo,4400.67,Maintenance & Repair,Sales,Panama,Framework Agreement,2022.0
LC-2022-00431,2022-06-04,TechSupplies Panama,8778.75,Office Supplies,Logistics,USA,Fixed Price,2022.0
LC-2023-00432,2023-07-21,Oficentro Internacional,3142.96,Logistics & Transport,Marketing,Panama,Time & Materials,2023.0
LC-2023-00433,2023-05-03,Publicidad Digital LATAM,3280.95,Marketing,Procurement,USA,Time & Materials,2023.0
LC-2022-00434,2022-05-04,Distribuidora Global S.A.,85909.59,IT & Technology,Administration,USA,Time & Materials,2022.0
LC-2022-00435,2022-02-13,TechSupplies Panama,220318.27,Office Supplies,IT,Panama,Time & Materials,2022.0
LC-2022-00436,2022-11-24,Suministros Médicos del Sur,5492.52,Uniforms & PPE,HR,USA,Framework Agreement,2022.0
LC-2022-00437,,Grupo Logístico del Istmo,256360.17,Maintenance & Repair,Legal,USA,Framework Agreement,
LC-2022-00438,2022-04-26,Transportes Rápidos S.A.,620.08,Marketing,Administration,USA,Spot Purchase,2022.0
LC-2022-00439,2022-10-20,Seguridad Total Corp,381.81,IT & Technology,Finance,Panama,Fixed Price,2022.0
LC-2022-00440,2022-02-08,Oficentro Internacional,33973.73,Logistics & Transport,Procurement,USA,Spot Purchase,2022.0
LC-2022-00441,2022-12-06,Transportes Rápidos S.A.,8743.78,Marketing,Legal,Panama,Spot Purchase,2022.0
LC-2022-00442,2022-11-07,Oficentro Internacional,34918.3,Logistics & Transport,Sales,Panama,Framework Agreement,2022.0
LC-2023-00443,2023-03-30,Transportes Rápidos S.A.,221.15,Marketing,IT,Panama,Framework Agreement,2023.0
LC-2022-00444,2022-08-05,Cleaning Pro Services,4299.78,Catering & Food,Finance,Panama,Spot Purchase,2022.0
LC-2022-00445,2022-03-09,MedEquip Latinoamerica,694.57,Security,Sales,Panama,Time & Materials,2022.0
LC-2022-00446,2022-07-17,IT Solutions Group,13420.1,Maintenance & Repair,Administration,Panama,Time & Materials,2022.0
LC-2022-00447,2022-10-08,Distribuidora Global S.A.,56382.71,IT & Technology,Operations,Panama,Time & Materials,2022.0
LC-2023-00448,2023-05-16,FleetCars Panama,1200.12,Security,Operations,Panama,Framework Agreement,2023.0
LC-2022-00449,2022-09-22,Cleaning Pro Services,2273.78,Catering & Food,Sales,Panama,Time & Materials,2022.0
LC-2022-00450,2022-08-15,Grupo Logístico del Istmo,10187.78,Maintenance & Repair,HR,USA,Time & Materials,2022.0
LC-2023-00451,2023-05-01,Grupo Logístico del Istmo,33684.23,Maintenance & Repair,Operations,Mexico,Fixed Price,2023.0
LC-2023-00452,2023-12-31,Distribuidora Global S.A.,114253.02,IT & Technology,Logistics,USA,Framework Agreement,2023.0
LC-2022-00453,2022-08-12,Grupo Logístico del Istmo,11126.99,Maintenance & Repair,Sales,Panama,Framework Agreement,2022.0
LC-2023-00454,2023-07-29,Grupo Logístico del Istmo,66493.26,Maintenance & Repair,Finance,Panama,Framework Agreement,2023.0
LC-2023-00455,2023-10-18,Distribuidora Global S.A.,19219.7,IT & Technology,Finance,Panama,Framework Agreement,2023.0
LC-2023-00456,2023-06-14,Consultoría Estratégica,1496.21,Medical Supplies,Logistics,Panama,Time & Materials,2023.0
LC-2023-00457,2023-11-29,Mantenimiento Integral,4185.81,Office Supplies,Administration,Panama,Framework Agreement,2023.0
LC-2022-00458,2022-02-06,Oficentro Internacional,10485.09,Logistics & Transport,Legal,Panama,Spot Purchase,2022.0
LC-2023-00459,2023-11-19,Oficentro Internacional,18687.7,Logistics & Transport,IT,Colombia,Spot Purchase,2023.0
LC-2022-00460,2022-04-10,DataCenter Solutions,815.0,Medical Supplies,Marketing,Panama,Framework Agreement,2022.0
LC-2023-00461,2023-11-02,MedEquip Latinoamerica,93628.27,Security,HR,Colombia,Framework Agreement,2023.0
LC-2023-00462,2023-08-23,Oficentro Internacional,37885.22,Logistics & Transport,Sales,Panama,Framework Agreement,2023.0
LC-2023-00463,2023-04-29,IT Solutions Group,1720.57,Maintenance & Repair,Administration,USA,Fixed Price,2023.0
LC-2022-00464,2022-06-04,Grupo Logístico del Istmo,46947.06,Maintenance & Repair,Logistics,Panama,Fixed Price,2022.0
LC-2022-00465,2022-07-04,MedEquip Latinoamerica,4152.67,Security,Procurement,Panama,Framework Agreement,2022.0
LC-2022-00466,2022-10-08,TechSupplies Panama,27856.91,Office Supplies,Operations,Panama,Spot Purchase,2022.0
LC-2023-00467,2023-10-11,TechSupplies Panama,75886.95,Office Supplies,Finance,Panama,Spot Purchase,2023.0
LC-2022-00468,2022-01-15,Distribuidora Global S.A.,90130.08,IT & Technology,Marketing,Panama,Framework Agreement,2022.0
LC-2022-00469,2022-08-20,Distribuidora Global S.A.,19214.08,IT & Technology,Operations,Colombia,Time & Materials,2022.0
LC-2022-00470,2022-03-08,Grupo Logístico del Istmo,18197.11,Maintenance & Repair,Administration,Panama,Time & Materials,2022.0
LC-2023-00471,2023-03-21,Papelería y Más,3253.29,Uniforms & PPE,Administration,USA,Framework Agreement,2023.0
LC-2022-00472,2022-06-18,Uniforms & Workwear Co.,155.57,Professional Services,Sales,Costa Rica,Time & Materials,2022.0
LC-2023-00473,2023-08-27,TechSupplies Panama,5894.47,Office Supplies,HR,Panama,Fixed Price,2023.0
LC-2023-00474,2023-07-02,Seguridad Total Corp,38189.33,IT & Technology,Legal,Colombia,Framework Agreement,2023.0
LC-2023-00475,2023-03-03,Distribuidora Global S.A.,261440.3,IT & Technology,Operations,Panama,Fixed Price,2023.0
LC-2022-00476,2022-11-05,Transportes Rápidos S.A.,3382.76,Marketing,IT,Colombia,Fixed Price,2022.0
LC-2023-00477,2023-06-08,Cleaning Pro Services,11670.69,Catering & Food,HR,Panama,Fixed Price,2023.0
LC-2022-00478,2022-09-27,Distribuidora Global S.A.,52759.56,IT & Technology,IT,USA,Time & Materials,2022.0
LC-2022-00479,2022-08-01,Grupo Logístico del Istmo,500000.0,Maintenance & Repair,HR,Panama,Spot Purchase,2022.0
LC-2022-00480,2022-06-02,Distribuidora Global S.A.,139175.35,IT & Technology,Finance,Panama,Spot Purchase,2022.0
LC-2023-00481,2023-04-13,Papelería y Más,4056.69,Uniforms & PPE,Logistics,Colombia,Time & Materials,2023.0
LC-2023-00482,2023-01-04,Distribuidora Global S.A.,11537.43,IT & Technology,HR,Panama,Framework Agreement,2023.0
LC-2023-00483,2023-11-11,Distribuidora Global S.A.,5283.08,IT & Technology,Operations,Panama,Time & Materials,2023.0
LC-2023-00484,2023-01-17,Consultoría Estratégica,6668.8,Medical Supplies,Logistics,Costa Rica,Fixed Price,2023.0
LC-2023-00485,2023-03-08,Consultoría Estratégica,1580.46,Medical Supplies,Logistics,Panama,Spot Purchase,2023.0
LC-2023-00486,2023-03-03,Transportes Rápidos S.A.,582.09,Marketing,Operations,Panama,Fixed Price,2023.0
LC-2023-00487,2023-09-19,Grupo Logístico del Istmo,,Maintenance & Repair,Administration,Panama,Framework Agreement,2023.0
LC-2022-00488,2022-04-26,Publicidad Digital LATAM,970.37,Marketing,HR,USA,Spot Purchase,2022.0
LC-2023-00489,2023-11-17,DataCenter Solutions,61741.55,Medical Supplies,Operations,Costa Rica,Time & Materials,2023.0
LC-2023-00490,2023-05-09,Cleaning Pro Services,18443.36,Catering & Food,Legal,Colombia,Time & Materials,2023.0
LC-2022-00491,2022-01-12,Catering Express Panama,4856.34,Logistics & Transport,Marketing,USA,Fixed Price,2022.0
LC-2022-00492,2022-11-25,IT Solutions Group,45248.11,Maintenance & Repair,HR,Panama,Spot Purchase,2022.0
LC-2022-00493,2022-03-22,TechSupplies Panama,39848.58,Office Supplies,Legal,Panama,Time & Materials,2022.0
LC-2023-00494,2023-05-25,IT SOLUTIONS GROUP,1350.29,Maintenance & Repair,Procurement,Panama,Fixed Price,2023.0
LC-2023-00495,2023-09-11,Distribuidora Global S.A.,225877.68,IT & Technology,Marketing,Panama,Fixed Price,2023.0
LC-2022-00496,2022-02-25,MedEquip Latinoamerica,11029.9,Security,Procurement,Panama,Framework Agreement,2022.0
LC-2023-00497,2023-04-09,Seguridad Total Corp,1037.05,IT & Technology,Administration,USA,Framework Agreement,2023.0
LC-2023-00498,2023-12-20,Oficentro Internacional,28899.9,Logistics & Transport,Logistics,USA,Framework Agreement,2023.0
LC-2023-00499,2023-09-18,Mantenimiento Integral,1321.57,Office Supplies,Legal,Panama,Framework Agreement,2023.0
LC-2022-00500,2022-04-21,TechSupplies Panama,6909.42,Office Supplies,IT,Costa Rica,Framework Agreement,2022.0
LC-2023-00501,2023-04-14,DataCenter Solutions,19717.59,Medical Supplies,Finance,Mexico,Spot Purchase,2023.0
LC-2023-00502,2023-07-21,Ferremax Industrial,359079.81,Professional Services,Marketing,Costa Rica,Fixed Price,2023.0
LC-2022-00503,2022-05-12,Ferremax Industrial,6779.91,Professional Services,HR,Colombia,Time & Materials,2022.0
LC-2022-00504,2022-10-08,Oficentro Internacional,71365.02,Logistics & Transport,Legal,Panama,Time & Materials,2022.0
LC-2023-00505,2023-12-20,Mantenimiento Integral,1852.03,Office Supplies,HR,Panama,Framework Agreement,2023.0
LC-2023-00506,2023-10-02,MedEquip Latinoamerica,2366.84,Security,IT,Panama,Time & Materials,2023.0
LC-2023-00507,2023-12-29,Distribuidora Global S.A.,17838.73,IT & Technology,HR,USA,Framework Agreement,2023.0
LC-2023-00508,2023-03-09,Cleaning Pro Services,1344.82,Catering & Food,Legal,Colombia,Framework Agreement,2023.0
LC-2022-00509,2022-06-14,TechSupplies Panama,38492.78,Office Supplies,Operations,Panama,Framework Agreement,2022.0
LC-2023-00510,2023-01-03,Distribuidora Global S.A.,13397.99,IT & Technology,Logistics,Panama,Fixed Price,2023.0
LC-2022-00511,2022-09-01,Papelería y Más,7373.78,Uniforms & PPE,IT,Costa Rica,Spot Purchase,2022.0
LC-2023-00512,2023-03-03,Transportes Rápidos S.A.,4558.02,Marketing,Operations,Panama,Spot Purchase,2023.0
LC-2022-00513,2022-07-27,MedEquip Latinoamerica,3434.33,Security,Operations,Costa Rica,Framework Agreement,2022.0
LC-2022-00514,2022-07-18,Catering Express Panama,1259.73,Logistics & Transport,Sales,Costa Rica,Time & Materials,2022.0
LC-2023-00515,2023-01-22,TechSupplies Panama,18176.31,Office Supplies,HR,Costa Rica,Fixed Price,2023.0
LC-2023-00516,2023-04-23,TechSupplies Panama,89901.46,Office Supplies,Logistics,Panama,Framework Agreement,2023.0
LC-2023-00517,2023-05-18,Oficentro Internacional,66244.03,Logistics & Transport,Operations,Mexico,Framework Agreement,2023.0
LC-2023-00518,2023-06-18,Transportes Rápidos S.A.,1134.18,Marketing,Marketing,Panama,Time & Materials,2023.0
LC-2022-00519,2022-08-07,MedEquip Latinoamerica,5704.43,Security,Finance,Panama,Time & Materials,2022.0
LC-2023-00520,,Consultoría Estratégica,15170.09,Medical Supplies,Administration,USA,Spot Purchase,
LC-2022-00521,2022-02-10,DataCenter Solutions,401.77,Medical Supplies,Procurement,Panama,Time & Materials,2022.0
LC-2022-00522,2022-01-26,Consultoría Estratégica,11103.77,Medical Supplies,Legal,Panama,Framework Agreement,2022.0
LC-2022-00523,2022-10-31,Mantenimiento Integral,1819.04,Office Supplies,Procurement,USA,Fixed Price,2022.0
LC-2023-00524,2023-10-04,Consultoría Estratégica,11566.84,Medical Supplies,HR,Mexico,Fixed Price,2023.0
LC-2023-00525,2023-07-05,IT Solutions Group,1564.17,Maintenance & Repair,Legal,Panama,Time & Materials,2023.0
LC-2022-00526,2022-01-25,Grupo Logístico del Istmo,4163.63,Maintenance & Repair,Finance,Costa Rica,Time & Materials,2022.0
LC-2023-00527,2023-08-12,Distribuidora Global S.A.,5151.02,IT & Technology,Logistics,USA,Fixed Price,2023.0
LC-2022-00528,,Ferremax Industrial,38472.61,Professional Services,Legal,Panama,Framework Agreement,
LC-2023-00529,2023-12-19,Papelería y Más,7256.0,Uniforms & PPE,Finance,Costa Rica,Fixed Price,2023.0
LC-2022-00530,2022-10-16,Oficentro Internacional,12268.87,Logistics & Transport,Logistics,USA,Fixed Price,2022.0
LC-2022-00531,2022-05-20,DataCenter Solutions,12808.81,Medical Supplies,Procurement,Panama,Time & Materials,2022.0
LC-2022-00532,2022-01-12,Oficentro Internacional,4945.22,Logistics & Transport,HR,Panama,Framework Agreement,2022.0
LC-2022-00533,2022-11-09,Distribuidora Global S.A.,33547.05,IT & Technology,Administration,Panama,Fixed Price,2022.0
LC-2022-00534,2022-07-08,TechSupplies Panama,8491.16,Office Supplies,Marketing,Panama,Time & Materials,2022.0
LC-2023-00535,2023-10-23,TechSupplies Panama,16610.61,Office Supplies,Administration,Panama,Spot Purchase,2023.0
LC-2023-00536,2023-01-01,Distribuidora Global S.A.,38440.94,IT & Technology,Administration,USA,Framework Agreement,2023.0
LC-2023-00537,2023-04-07,Cleaning Pro Services,1352.05,Catering & Food,IT,Panama,Spot Purchase,2023.0
LC-2023-00538,2023-03-15,TechSupplies Panama,22891.78,Office Supplies,Administration,Panama,Framework Agreement,2023.0
LC-2022-00539,2022-05-18,Transportes Rápidos S.A.,22235.36,Marketing,Legal,Panama,Framework Agreement,2022.0
LC-2022-00540,2022-06-29,Ferremax Industrial,18173.68,Professional Services,Logistics,USA,Fixed Price,2022.0
LC-2023-00541,2023-10-04,Catering Express Panama,17215.03,Logistics & Transport,Marketing,Panama,Framework Agreement,2023.0
LC-2023-00542,2023-08-28,Ferremax Industrial,9361.42,Professional Services,Operations,USA,Spot Purchase,2023.0
LC-2023-00543,2023-01-10,Uniforms & Workwear Co.,10880.27,Professional Services,Marketing,USA,Time & Materials,2023.0
LC-2023-00544,2023-02-11,IT SOLUTIONS GROUP,42717.03,Maintenance & Repair,HR,Panama,Fixed Price,2023.0
LC-2023-00545,2023-06-11,Publicidad Digital LATAM,120.61,Marketing,Administration,Colombia,Time & Materials,2023.0
LC-2023-00546,2023-01-03,MedEquip Latinoamerica,1487.21,Security,HR,Costa Rica,Spot Purchase,2023.0
LC-2023-00547,2023-06-15,Oficentro Internacional,72583.04,Logistics & Transport,IT,Panama,Time & Materials,2023.0
LC-2022-00548,2022-04-16,Ferremax Industrial,28462.58,Professional Services,Operations,Panama,Framework Agreement,2022.0
LC-2023-00549,2023-01-21,Catering Express Panama,8575.97,Logistics & Transport,Logistics,USA,Time & Materials,2023.0
LC-2022-00550,2022-08-17,Catering Express Panama,1986.29,Logistics & Transport,Marketing,Panama,Spot Purchase,2022.0
LC-2023-00551,2023-05-29,Ferremax Industrial,40291.98,Professional Services,Procurement,USA,Fixed Price,2023.0
LC-2022-00552,2022-07-11,MedEquip Latinoamerica,3891.24,Security,Logistics,Panama,Time & Materials,2022.0
LC-2023-00553,2023-05-09,DataCenter Solutions,28329.9,Medical Supplies,Legal,Panama,Fixed Price,2023.0
LC-2022-00554,2022-02-14,DataCenter Solutions,7198.52,Medical Supplies,Legal,Panama,Time & Materials,2022.0
LC-2022-00555,2022-06-20,Ferremax Industrial,54454.63,Professional Services,Administration,Panama,Fixed Price,2022.0
LC-2023-00556,2023-11-09,Cleaning Pro Services,2649.65,Catering & Food,Administration,Colombia,Fixed Price,2023.0
LC-2022-00557,2022-08-13,Cleaning Pro Services,2365.14,Catering & Food,Procurement,USA,Time & Materials,2022.0
LC-2022-00558,2022-06-21,Mantenimiento Integral,2568.72,Office Supplies,HR,USA,Framework Agreement,2022.0
LC-2022-00559,2022-05-16,Cleaning Pro Services,8881.08,Catering & Food,IT,Panama,Spot Purchase,2022.0
LC-2022-00560,2022-07-01,Ferremax Industrial,21912.63,Professional Services,Legal,Panama,Fixed Price,2022.0
LC-2022-00561,2022-04-06,Seguridad Total Corp,7590.57,IT & Technology,Marketing,Costa Rica,Fixed Price,2022.0
LC-2023-00562,2023-01-15,Catering Express Panama,110536.52,Logistics & Transport,Legal,USA,Spot Purchase,2023.0
LC-2022-00563,2022-12-25,Energía Renovable S.A.,18154.74,Catering & Food,Procurement,Mexico,Spot Purchase,2022.0
LC-2022-00564,2022-09-18,Transportes Rápidos S.A.,3013.82,Marketing,Finance,Panama,Time & Materials,2022.0
LC-2022-00565,,Oficentro Internacional,,Logistics & Transport,Marketing,Panama,Framework Agreement,
LC-2023-00566,2023-11-02,MedEquip Latinoamerica,2664.81,Security,Marketing,Panama,Spot Purchase,2023.0
LC-2022-00567,2022-09-25,Distribuidora Global S.A.,3147.14,IT & Technology,Legal,Colombia,Framework Agreement,2022.0
LC-2023-00568,2023-02-28,Oficentro Internacional,10832.39,Logistics & Transport,Legal,Costa Rica,Time & Materials,2023.0
LC-2023-00569,2023-08-15,MedEquip Latinoamerica,297.02,Security,Procurement,Panama,Framework Agreement,2023.0
LC-2023-00570,2023-04-03,IT Solutions Group,2900.76,Maintenance & Repair,Finance,Costa Rica,Time & Materials,2023.0
LC-2022-00571,2022-06-14,Ferremax Industrial,37127.09,Professional Services,Sales,USA,Fixed Price,2022.0
LC-2022-00572,2022-04-01,Catering Express Panama,60758.12,Logistics & Transport,Procurement,USA,Spot Purchase,2022.0
LC-2023-00573,2023-12-30,Distribuidora Global S.A.,53761.5,IT & Technology,Legal,Panama,Framework Agreement,2023.0
LC-2022-00574,2022-07-26,TechSupplies Panama,27919.46,Office Supplies,Procurement,Panama,Fixed Price,2022.0
LC-2023-00575,2023-09-22,TechSupplies Panama,98251.59,Office Supplies,Administration,USA,Time & Materials,2023.0
LC-2023-00576,2023-02-14,Distribuidora Global S.A.,2557.12,IT & Technology,HR,Panama,Framework Agreement,2023.0
LC-2023-00577,2023-07-27,MedEquip Latinoamerica,6998.3,Security,Finance,Panama,Framework Agreement,2023.0
LC-2023-00578,2023-02-18,Oficentro Internacional,91586.42,Logistics & Transport,Administration,Panama,Spot Purchase,2023.0
LC-2022-00579,2022-12-15,Distribuidora Global S.A.,6159.17,IT & Technology,Finance,USA,Framework Agreement,2022.0
LC-2023-00580,2023-01-22,IT Solutions Group,27327.02,Maintenance & Repair,Administration,Panama,Spot Purchase,2023.0
LC-2023-00581,2023-08-24,Consultoría Estratégica,8166.08,Medical Supplies,Procurement,Colombia,Spot Purchase,2023.0
LC-2022-00582,2022-11-20,Grupo Logístico del Istmo,22062.94,Maintenance & Repair,IT,Colombia,Time & Materials,2022.0
LC-2022-00583,2022-04-06,Transportes Rápidos S.A.,12697.66,Marketing,Logistics,Panama,Framework Agreement,2022.0
LC-2022-00584,2022-12-29,MedEquip Latinoamerica,148158.7,Security,HR,USA,Framework Agreement,2022.0
LC-2022-00585,2022-08-29,Papelería y Más,6456.22,Uniforms & PPE,IT,USA,Time & Materials,2022.0
LC-2022-00586,2022-06-09,TechSupplies Panama,48916.24,Office Supplies,IT,USA,Framework Agreement,2022.0
LC-2023-00587,2023-07-09,Consultoría Estratégica,2467.49,Medical Supplies,Procurement,USA,Fixed Price,2023.0
LC-2022-00588,2022-07-07,Oficentro Internacional,13097.63,Logistics & Transport,Administration,Panama,Spot Purchase,2022.0
LC-2023-00589,2023-06-23,TechSupplies Panama,98361.33,Office Supplies,Administration,Panama,Fixed Price,2023.0
LC-2023-00590,2023-04-14,Ferremax Industrial,12999.93,Professional Services,Legal,Colombia,Time & Materials,2023.0
LC-2023-00591,2023-01-24,Transportes Rápidos S.A.,5471.73,Marketing,Operations,Colombia,Time & Materials,2023.0
LC-2022-00592,2022-10-03,Oficentro Internacional,20471.95,Logistics & Transport,Marketing,Panama,Time & Materials,2022.0
LC-2023-00593,2023-01-09,Ferremax Industrial,64522.92,Professional Services,IT,Panama,Framework Agreement,2023.0
LC-2022-00594,2022-04-13,Distribuidora Global S.A.,54197.74,IT & Technology,Administration,Colombia,Time & Materials,2022.0
LC-2023-00595,2023-04-30,IT Solutions Group,23302.36,Maintenance & Repair,IT,Panama,Time & Materials,2023.0
LC-2023-00596,2023-05-14,Suministros Médicos del Sur,2286.95,Uniforms & PPE,Marketing,USA,Framework Agreement,2023.0
LC-2022-00597,2022-09-18,Grupo Logístico del Istmo,26269.14,Maintenance & Repair,HR,Panama,Time & Materials,2022.0
LC-2022-00598,2022-12-19,Oficentro Internacional,,Logistics & Transport,Sales,Panama,Framework Agreement,2022.0
LC-2022-00599,2022-10-19,Publicidad Digital LATAM,2523.9,Marketing,IT,USA,Time & Materials,2022.0
LC-2023-00600,2023-04-20,Papelería y Más,8655.5,Uniforms & PPE,Finance,Panama,Framework Agreement,2023.0
LC-2022-00601,2022-03-15,Mantenimiento Integral,15298.08,Office Supplies,Sales,Panama,Spot Purchase,2022.0
LC-2022-00602,2022-10-05,DataCenter Solutions,1232.44,Medical Supplies,Logistics,USA,Spot Purchase,2022.0
LC-2022-00603,2022-06-21,Papelería y Más,18113.43,Uniforms & PPE,Marketing,Panama,Spot Purchase,2022.0
LC-2023-00604,2023-02-11,DataCenter Solutions,37551.06,Medical Supplies,Finance,Panama,Time & Materials,2023.0
LC-2023-00605,2023-06-21,MedEquip Latinoamerica,9137.59,Security,Operations,Mexico,Spot Purchase,2023.0
LC-2022-00606,2022-09-11,TechSupplies Panama,345295.2,Office Supplies,Legal,Panama,Time & Materials,2022.0
LC-2023-00607,2023-11-11,MedEquip Latinoamerica,1539.66,Security,HR,Panama,Fixed Price,2023.0
LC-2022-00608,2022-05-19,Ferremax Industrial,8155.23,Professional Services,Marketing,Panama,Spot Purchase,2022.0
LC-2022-00609,2022-12-22,Cleaning Pro Services,341.01,Catering & Food,Administration,Panama,Framework Agreement,2022.0
LC-2022-00610,2022-11-07,Oficentro Internacional,,Logistics & Transport,Legal,Panama,Time & Materials,2022.0
LC-2023-00611,2023-12-06,Distribuidora Global S.A.,79637.37,IT & Technology,Logistics,USA,Fixed Price,2023.0
LC-2022-00612,2022-01-08,Distribuidora Global S.A.,33972.22,IT & Technology,Legal,Panama,Time & Materials,2022.0
LC-2023-00613,2023-01-23,Grupo Logístico del Istmo,50815.79,Maintenance & Repair,IT,Panama,Spot Purchase,2023.0
LC-2022-00614,2022-10-19,MedEquip Latinoamerica,908.47,Security,Administration,Colombia,Framework Agreement,2022.0
LC-2022-00615,2022-10-24,TechSupplies Panama,500000.0,Office Supplies,Finance,Panama,Time & Materials,2022.0
LC-2022-00616,2022-01-20,Transportes Rápidos S.A.,5966.0,Marketing,Procurement,Panama,Framework Agreement,2022.0
LC-2023-00617,2023-03-25,Publicidad Digital LATAM,5791.18,Marketing,Logistics,Panama,Time & Materials,2023.0
LC-2023-00618,2023-05-26,Ferremax Industrial,86761.65,Professional Services,Sales,Panama,Framework Agreement,2023.0
LC-2023-00619,2023-02-06,Oficentro Internacional,64680.24,Logistics & Transport,HR,Panama,Framework Agreement,2023.0
LC-2022-00620,2022-09-12,Catering Express Panama,6876.23,Logistics & Transport,Legal,Panama,Fixed Price,2022.0
LC-2023-00621,2023-06-18,Suministros Médicos del Sur,1501.6,Uniforms & PPE,IT,Panama,Fixed Price,2023.0
LC-2023-00622,2023-07-17,Consultoría Estratégica,9968.67,Medical Supplies,Sales,Panama,Fixed Price,2023.0
LC-2022-00623,2022-04-26,TechSupplies Panama,347468.54,Office Supplies,Operations,Colombia,Time & Materials,2022.0
LC-2022-00624,2022-09-06,Seguridad Total Corp,,IT & Technology,Administration,Panama,Spot Purchase,2022.0
LC-2022-00625,2022-04-02,Ferremax Industrial,245689.53,Professional Services,Administration,Panama,Framework Agreement,2022.0
LC-2023-00626,2023-10-23,Oficentro Internacional,19663.93,Logistics & Transport,Operations,Panama,Framework Agreement,2023.0
LC-2023-00627,2023-03-26,Ferremax Industrial,11075.32,Professional Services,Sales,USA,Framework Agreement,2023.0
LC-2023-00628,2023-12-25,Papelería y Más,4069.68,Uniforms & PPE,Logistics,Panama,Spot Purchase,2023.0
LC-2022-00629,2022-11-28,TechSupplies Panama,38826.95,Office Supplies,HR,USA,Framework Agreement,2022.0
LC-2023-00630,2023-06-28,FleetCars Panama,25369.1,Security,Marketing,Panama,Fixed Price,2023.0
LC-2022-00631,2022-07-09,Grupo Logístico del Istmo,4764.95,Maintenance & Repair,Operations,Mexico,Spot Purchase,2022.0
LC-2023-00632,2023-11-06,Cleaning Pro Services,48743.42,Catering & Food,Sales,Costa Rica,Fixed Price,2023.0
LC-2022-00633,2022-11-27,Transportes Rápidos S.A.,3877.66,Marketing,Marketing,Panama,Framework Agreement,2022.0
LC-2022-00634,2022-02-02,DataCenter Solutions,2590.69,Medical Supplies,Operations,Panama,Time & Materials,2022.0
LC-2023-00635,2023-06-23,Cleaning Pro Services,1076.9,Catering & Food,Legal,Colombia,Spot Purchase,2023.0
LC-2023-00636,2023-11-03,TechSupplies Panama,4984.92,Office Supplies,Finance,Panama,Time & Materials,2023.0
LC-2023-00637,2023-01-13,Mantenimiento Integral,16894.71,Office Supplies,Operations,Panama,Spot Purchase,2023.0
LC-2022-00638,2022-08-10,MedEquip Latinoamerica,5486.12,Security,Finance,Panama,Fixed Price,2022.0
LC-2023-00639,2023-08-07,MedEquip Latinoamerica,709.85,Security,IT,Panama,Time & Materials,2023.0
LC-2023-00640,2023-11-22,Grupo Logístico del Istmo,7676.4,Maintenance & Repair,Finance,Mexico,Framework Agreement,2023.0
LC-2023-00641,2023-06-01,TechSupplies Panama,24271.51,Office Supplies,HR,USA,Spot Purchase,2023.0
LC-2023-00642,2023-01-16,Ferremax Industrial,269096.63,Professional Services,Sales,Panama,Framework Agreement,2023.0
LC-2023-00643,2023-01-20,Oficentro Internacional,26595.32,Logistics & Transport,IT,USA,Time & Materials,2023.0
LC-2022-00644,2022-02-05,Consultoría Estratégica,515.58,Medical Supplies,Procurement,Panama,Fixed Price,2022.0
LC-2022-00645,2022-08-16,Suministros Médicos del Sur,3399.51,Uniforms & PPE,Logistics,Panama,Framework Agreement,2022.0
LC-2022-00646,2022-04-07,Energía Renovable S.A.,3264.67,Catering & Food,Logistics,USA,Time & Materials,2022.0
LC-2022-00647,2022-09-20,Grupo Logístico del Istmo,1427.58,Maintenance & Repair,Administration,Panama,Time & Materials,2022.0
LC-2023-00648,2023-05-10,FleetCars Panama,4530.36,Security,Finance,Costa Rica,Framework Agreement,2023.0
LC-2022-00649,2022-02-08,Cleaning Pro Services,3475.86,Catering & Food,Finance,USA,Framework Agreement,2022.0
LC-2023-00650,2023-03-03,Distribuidora Global S.A.,83737.96,IT & Technology,Sales,Panama,Spot Purchase,2023.0
LC-2022-00651,2022-02-25,Papelería y Más,78702.81,Uniforms & PPE,Administration,Panama,Spot Purchase,2022.0
LC-2022-00652,2022-06-06,TechSupplies Panama,140347.68,Office Supplies,Marketing,Colombia,Time & Materials,2022.0
LC-2022-00653,2022-08-16,Ferremax Industrial,26300.25,Professional Services,Administration,USA,Fixed Price,2022.0
LC-2023-00654,2023-07-16,Oficentro Internacional,9625.48,Logistics & Transport,Procurement,USA,Fixed Price,2023.0
LC-2023-00655,2023-05-08,Seguridad Total Corp,233290.49,IT & Technology,HR,Mexico,Time & Materials,2023.0
LC-2022-00656,2022-09-06,TechSupplies Panama,38990.06,Office Supplies,Administration,Costa Rica,Time & Materials,2022.0
LC-2023-00657,2023-03-10,FleetCars Panama,5018.54,Security,Finance,Panama,Spot Purchase,2023.0
LC-2023-00658,2023-09-24,DataCenter Solutions,4740.09,Medical Supplies,Logistics,Panama,Framework Agreement,2023.0
LC-2022-00659,2022-06-09,Ferremax Industrial,46060.07,Professional Services,IT,Panama,Framework Agreement,2022.0
LC-2022-00660,2022-01-15,Distribuidora Global S.A.,30539.23,IT & Technology,Administration,Panama,Framework Agreement,2022.0
LC-2022-00661,2022-07-28,Ferremax Industrial,18244.26,Professional Services,Sales,Panama,Time & Materials,2022.0
LC-2023-00662,2023-01-21,Cleaning Pro Services,2164.0,Catering & Food,HR,Colombia,Fixed Price,2023.0
LC-2022-00663,2022-02-24,TechSupplies Panama,34915.85,Office Supplies,Logistics,Panama,Framework Agreement,2022.0
LC-2022-00664,2022-10-27,DataCenter Solutions,2175.17,Medical Supplies,Sales,Panama,Fixed Price,2022.0
LC-2023-00665,2023-09-04,Grupo Logístico del Istmo,15437.97,Maintenance & Repair,Finance,Panama,Spot Purchase,2023.0
LC-2023-00666,2023-06-27,Ferremax Industrial,41262.78,Professional Services,Operations,Panama,Time & Materials,2023.0
LC-2022-00667,2022-08-30,Distribuidora Global S.A.,26742.98,IT & Technology,Sales,Panama,Framework Agreement,2022.0
LC-2023-00668,2023-07-23,Distribuidora Global S.A.,220751.21,IT & Technology,Logistics,Panama,Fixed Price,2023.0
LC-2023-00669,2023-06-18,Grupo Logístico del Istmo,1508.45,Maintenance & Repair,HR,Panama,Spot Purchase,2023.0
LC-2023-00670,2023-03-13,TechSupplies Panama,134565.75,Office Supplies,IT,USA,Time & Materials,2023.0
LC-2023-00671,2023-08-18,MedEquip Latinoamerica,31860.68,Security,IT,Colombia,Time & Materials,2023.0
LC-2022-00672,2022-05-29,Oficentro Internacional,3016.74,Logistics & Transport,Marketing,Panama,Spot Purchase,2022.0
LC-2022-00673,2022-07-08,Distribuidora Global S.A.,24071.28,IT & Technology,Marketing,Costa Rica,Fixed Price,2022.0
LC-2023-00674,2023-03-30,Seguridad Total Corp,2815.34,IT & Technology,Legal,Panama,Framework Agreement,2023.0
LC-2022-00675,2022-04-20,Papelería y Más,595.1,Uniforms & PPE,HR,Mexico,Time & Materials,2022.0
LC-2023-00676,2023-09-03,Cleaning Pro Services,1530.39,Catering & Food,Administration,USA,Time & Materials,2023.0
LC-2023-00677,2023-12-31,Transportes Rápidos S.A.,929.03,Marketing,Procurement,Panama,Spot Purchase,2023.0
LC-2022-00678,2022-02-03,Ferremax Industrial,297367.65,Professional Services,HR,Panama,Time & Materials,2022.0
LC-2022-00679,2022-07-29,Consultoría Estratégica,20000.6,Medical Supplies,IT,Costa Rica,Time & Materials,2022.0
LC-2023-00680,2023-04-14,IT Solutions Group,33101.46,Maintenance & Repair,Procurement,Colombia,Framework Agreement,2023.0
LC-2023-00681,2023-02-08,Cleaning Pro Services,14508.76,Catering & Food,Legal,Costa Rica,Framework Agreement,2023.0
LC-2023-00682,2023-04-08,MedEquip Latinoamerica,903.63,Security,Operations,USA,Fixed Price,2023.0
LC-2023-00683,2023-07-26,TechSupplies Panama,19352.48,Office Supplies,Marketing,Panama,Fixed Price,2023.0
LC-2022-00684,2022-10-20,TechSupplies Panama,65332.8,Office Supplies,Procurement,Panama,Framework Agreement,2022.0
LC-2023-00685,2023-10-24,Distribuidora Global S.A.,8378.69,IT & Technology,Marketing,Panama,Spot Purchase,2023.0
LC-2023-00686,2023-02-28,Seguridad Total Corp,14321.22,IT & Technology,Marketing,Panama,Spot Purchase,2023.0
LC-2022-00687,2022-09-14,Uniforms & Workwear Co.,3427.24,Professional Services,IT,Panama,Fixed Price,2022.0
LC-2023-00688,2023-12-25,TechSupplies Panama,23160.77,Office Supplies,Finance,Panama,Fixed Price,2023.0
LC-2023-00689,2023-01-23,Grupo Logístico del Istmo,85233.68,Maintenance & Repair,Marketing,USA,Time & Materials,2023.0
LC-2022-00690,2022-07-03,Oficentro Internacional,61890.13,Logistics & Transport,HR,Panama,Time & Materials,2022.0
LC-2022-00691,,Papelería y Más,2859.93,Uniforms & PPE,Procurement,Panama,Time & Materials,
LC-2023-00692,2023-05-26,SEGURIDAD TOTAL CORP,27972.99,IT & Technology,Operations,Panama,Spot Purchase,2023.0
LC-2023-00693,2023-04-10,TechSupplies Panama,9924.13,Office Supplies,Administration,Colombia,Spot Purchase,2023.0
LC-2022-00694,2022-02-20,TechSupplies Panama,76048.21,Office Supplies,Marketing,Panama,Time & Materials,2022.0
LC-2022-00695,2022-12-06,TechSupplies Panama,73992.68,Office Supplies,Operations,Colombia,Framework Agreement,2022.0
LC-2023-00696,2023-04-12,TechSupplies Panama,25047.88,Office Supplies,Logistics,USA,Time & Materials,2023.0
LC-2022-00697,2022-03-11,Seguridad Total Corp,8016.04,IT & Technology,Sales,Panama,Spot Purchase,2022.0
LC-2022-00698,2022-12-04,Ferremax Industrial,8092.26,Professional Services,Finance,Colombia,Framework Agreement,2022.0
LC-2023-00699,2023-05-11,Cleaning Pro Services,19654.09,Catering & Food,Finance,USA,Fixed Price,2023.0
LC-2022-00700,2022-09-23,Transportes Rápidos S.A.,3724.35,Marketing,Legal,USA,Framework Agreement,2022.0
LC-2023-00701,2023-05-20,Distribuidora Global S.A.,19394.26,IT & Technology,Administration,USA,Spot Purchase,2023.0
LC-2022-00702,2022-01-25,Oficentro Internacional,127875.33,Logistics & Transport,IT,Panama,Fixed Price,2022.0
LC-2022-00703,2022-02-16,TechSupplies Panama,15596.28,Office Supplies,Administration,Panama,Spot Purchase,2022.0
LC-2022-00704,2022-09-18,Distribuidora Global S.A.,6699.89,IT & Technology,IT,Colombia,Framework Agreement,2022.0
LC-2022-00705,2022-12-16,Oficentro Internacional,5608.54,Logistics & Transport,Operations,Panama,Framework Agreement,2022.0
LC-2023-00706,2023-11-20,Catering Express Panama,12197.85,Logistics & Transport,IT,Panama,Framework Agreement,2023.0
LC-2023-00707,2023-07-04,Distribuidora Global S.A.,7812.54,IT & Technology,HR,Colombia,Spot Purchase,2023.0
LC-2023-00708,2023-08-02,Energía Renovable S.A.,68335.95,Catering & Food,Operations,USA,Framework Agreement,2023.0
LC-2022-00709,2022-06-02,TechSupplies Panama,2985.98,Office Supplies,Sales,Panama,Fixed Price,2022.0
LC-2022-00710,2022-07-11,DataCenter Solutions,62610.27,Medical Supplies,HR,USA,Spot Purchase,2022.0
LC-2022-00711,2022-10-06,Transportes Rápidos S.A.,6744.79,Marketing,Sales,Costa Rica,Fixed Price,2022.0
LC-2022-00712,2022-06-29,Ferremax Industrial,32336.25,Professional Services,Logistics,Panama,Framework Agreement,2022.0
LC-2023-00713,2023-05-10,FleetCars Panama,2170.3,Security,Procurement,USA,Fixed Price,2023.0
LC-2022-00714,2022-05-27,Ferremax Industrial,58627.75,Professional Services,Marketing,Panama,Framework Agreement,2022.0
LC-2023-00715,2023-04-16,MedEquip Latinoamerica,4645.01,Security,HR,Panama,Fixed Price,2023.0
LC-2022-00716,2022-12-08,Oficentro Internacional,136483.94,Logistics & Transport,Operations,Colombia,Fixed Price,2022.0
LC-2023-00717,2023-10-17,DataCenter Solutions,5833.32,Medical Supplies,Logistics,Panama,Framework Agreement,2023.0
LC-2023-00718,2023-11-19,Oficentro Internacional,43493.3,Logistics & Transport,Sales,Mexico,Spot Purchase,2023.0
LC-2022-00719,2022-07-31,Distribuidora Global S.A.,23474.39,IT & Technology,Administration,USA,Fixed Price,2022.0
LC-2022-00720,2022-06-25,Energía Renovable S.A.,4512.39,Catering & Food,Logistics,USA,Time & Materials,2022.0
LC-2023-00721,2023-11-23,Ferremax Industrial,52541.68,Professional Services,HR,Panama,Spot Purchase,2023.0
LC-2023-00722,2023-09-24,Grupo Logístico del Istmo,4664.79,Maintenance & Repair,Administration,USA,Spot Purchase,2023.0
LC-2023-00723,2023-08-05,Seguridad Total Corp,650.49,IT & Technology,Marketing,Panama,Spot Purchase,2023.0
LC-2023-00724,2023-04-27,Ferremax Industrial,88602.64,Professional Services,Procurement,Panama,Spot Purchase,2023.0
LC-2023-00725,2023-12-18,Cleaning Pro Services,6350.56,Catering & Food,Sales,Panama,Time & Materials,2023.0
LC-2023-00726,2023-05-02,Oficentro Internacional,29121.15,Logistics & Transport,Procurement,Panama,Fixed Price,2023.0
LC-2023-00727,2023-06-05,Oficentro Internacional,37127.78,Logistics & Transport,Sales,USA,Time & Materials,2023.0
LC-2023-00728,2023-02-15,Oficentro Internacional,55110.64,Logistics & Transport,Finance,Panama,Spot Purchase,2023.0
LC-2022-00729,2022-12-15,TechSupplies Panama,19001.79,Office Supplies,Procurement,Panama,Fixed Price,2022.0
LC-2022-00730,2022-06-27,Publicidad Digital LATAM,1529.27,Marketing,Administration,Panama,Time & Materials,2022.0
LC-2022-00731,2022-11-30,Cleaning Pro Services,6593.03,Catering & Food,Procurement,Panama,Spot Purchase,2022.0
LC-2023-00732,2023-12-03,Consultoría Estratégica,1132.79,Medical Supplies,Finance,USA,Fixed Price,2023.0
LC-2022-00733,2022-05-23,Ferremax Industrial,59272.65,Professional Services,Operations,Panama,Time & Materials,2022.0
LC-2023-00734,2023-04-09,Distribuidora Global S.A.,4707.44,IT & Technology,HR,Colombia,Time & Materials,2023.0
LC-2023-00735,2023-03-22,TechSupplies Panama,124864.79,Office Supplies,Sales,Panama,Framework Agreement,2023.0
LC-2022-00736,2022-05-11,Cleaning Pro Services,9985.57,Catering & Food,Administration,USA,Spot Purchase,2022.0
LC-2022-00737,2022-04-23,Publicidad Digital LATAM,7215.92,Marketing,Operations,Costa Rica,Framework Agreement,2022.0
LC-2023-00738,2023-12-30,Transportes Rápidos S.A.,21461.94,Marketing,Legal,Colombia,Framework Agreement,2023.0
LC-2023-00739,2023-07-23,DataCenter Solutions,59767.16,Medical Supplies,Procurement,Panama,Time & Materials,2023.0
LC-2022-00740,2022-03-15,TechSupplies Panama,122668.89,Office Supplies,HR,Panama,Fixed Price,2022.0
LC-2023-00741,2023-10-20,DataCenter Solutions,310.66,Medical Supplies,HR,Panama,Time & Materials,2023.0
LC-2023-00742,2023-04-11,Transportes Rápidos S.A.,721.0,Marketing,Legal,USA,Time & Materials,2023.0
LC-2023-00743,2023-08-15,Grupo Logístico del Istmo,17157.96,Maintenance & Repair,HR,Panama,Fixed Price,2023.0
LC-2022-00744,2022-02-04,Oficentro Internacional,37470.5,Logistics & Transport,Marketing,USA,Framework Agreement,2022.0
LC-2022-00745,2022-05-26,Distribuidora Global S.A.,67588.34,IT & Technology,Procurement,Colombia,Fixed Price,2022.0
LC-2023-00746,2023-06-20,Papelería y Más,1654.72,Uniforms & PPE,Logistics,Panama,Fixed Price,2023.0
LC-2023-00747,2023-09-20,Papelería y Más,6503.85,Uniforms & PPE,Finance,Colombia,Framework Agreement,2023.0
LC-2023-00748,2023-03-08,Ferremax Industrial,14669.72,Professional Services,Marketing,USA,Framework Agreement,2023.0
LC-2023-00749,2023-08-01,TechSupplies Panama,17434.02,Office Supplies,Administration,Costa Rica,Framework Agreement,2023.0
LC-2022-00750,2022-10-21,Cleaning Pro Services,595.86,Catering & Food,Logistics,Costa Rica,Fixed Price,2022.0
LC-2022-00751,2022-10-09,SEGURIDAD TOTAL CORP,1230.47,IT & Technology,Logistics,Panama,Framework Agreement,2022.0
LC-2023-00752,2023-11-06,TechSupplies Panama,7172.28,Office Supplies,Administration,Costa Rica,Time & Materials,2023.0
LC-2022-00753,2022-12-18,Transportes Rápidos S.A.,1137.05,Marketing,Procurement,Panama,Fixed Price,2022.0
LC-2023-00754,2023-01-28,Mantenimiento Integral,23872.03,Office Supplies,Procurement,Costa Rica,Spot Purchase,2023.0
LC-2022-00755,2022-04-29,TechSupplies Panama,11622.77,Office Supplies,Sales,Panama,Framework Agreement,2022.0
LC-2023-00756,2023-12-01,Ferremax Industrial,500000.0,Professional Services,Marketing,Panama,Spot Purchase,2023.0
LC-2023-00757,2023-01-27,IT Solutions Group,10300.8,Maintenance & Repair,Operations,Panama,Spot Purchase,2023.0
LC-2023-00758,2023-03-19,Distribuidora Global S.A.,45333.58,IT & Technology,Marketing,Colombia,Framework Agreement,2023.0
LC-2023-00759,2023-04-18,Oficentro Internacional,12964.51,Logistics & Transport,Finance,Panama,Spot Purchase,2023.0
LC-2023-00760,2023-11-25,Cleaning Pro Services,14051.22,Catering & Food,IT,USA,Framework Agreement,2023.0
LC-2022-00761,2022-04-11,DataCenter Solutions,2072.57,Medical Supplies,Finance,Panama,Spot Purchase,2022.0
LC-2022-00762,2022-01-25,Papelería y Más,5901.81,Uniforms & PPE,Logistics,Panama,Fixed Price,2022.0
LC-2023-00763,2023-12-27,Uniforms & Workwear Co.,228690.95,Professional Services,IT,USA,Fixed Price,2023.0
LC-2023-00764,2023-12-14,Grupo Logístico del Istmo,32361.61,Maintenance & Repair,Administration,Panama,Fixed Price,2023.0
LC-2023-00765,2023-12-10,Distribuidora Global S.A.,144224.73,IT & Technology,Procurement,Panama,Spot Purchase,2023.0
LC-2023-00766,2023-01-27,TechSupplies Panama,15618.14,Office Supplies,Finance,Panama,Fixed Price,2023.0
LC-2023-00767,2023-05-19,Mantenimiento Integral,4663.48,Office Supplies,HR,Panama,Fixed Price,2023.0
LC-2022-00768,2022-08-12,DataCenter Solutions,69996.53,Medical Supplies,Finance,Panama,Spot Purchase,2022.0
LC-2023-00769,2023-08-09,Oficentro Internacional,17113.78,Logistics & Transport,Operations,Panama,Fixed Price,2023.0
LC-2022-00770,2022-09-30,Ferremax Industrial,319636.05,Professional Services,Operations,Panama,Spot Purchase,2022.0
LC-2023-00771,2023-02-18,Distribuidora Global S.A.,84906.19,IT & Technology,Procurement,USA,Spot Purchase,2023.0
LC-2022-00772,2022-05-05,MedEquip Latinoamerica,2113.92,Security,Operations,Panama,Spot Purchase,2022.0
LC-2023-00773,2023-01-10,Transportes Rápidos S.A.,12690.53,Marketing,Legal,Panama,Fixed Price,2023.0
LC-2022-00774,2022-06-30,Ferremax Industrial,116665.41,Professional Services,Logistics,Colombia,Time & Materials,2022.0
LC-2023-00775,2023-05-14,Oficentro Internacional,76586.18,Logistics & Transport,Legal,Panama,Framework Agreement,2023.0
LC-2023-00776,2023-05-16,Distribuidora Global S.A.,5517.78,IT & Technology,IT,Panama,Time & Materials,2023.0
LC-2022-00777,2022-12-14,Ferremax Industrial,15175.47,Professional Services,Procurement,Panama,Fixed Price,2022.0
LC-2023-00778,2023-08-17,Distribuidora Global S.A.,26983.41,IT & Technology,Marketing,Panama,Time & Materials,2023.0
LC-2022-00779,2022-09-06,Ferremax Industrial,33212.44,Professional Services,Operations,USA,Fixed Price,2022.0
LC-2023-00780,2023-09-18,Distribuidora Global S.A.,76481.68,IT & Technology,Logistics,Panama,Spot Purchase,2023.0
LC-2022-00781,2022-03-06,Distribuidora Global S.A.,44947.09,IT & Technology,Procurement,USA,Time & Materials,2022.0
LC-2023-00782,2023-12-02,Suministros Médicos del Sur,663.14,Uniforms & PPE,Legal,Panama,Fixed Price,2023.0
LC-2022-00783,2022-12-10,Seguridad Total Corp,8693.2,IT & Technology,Operations,USA,Time & Materials,2022.0
LC-2023-00784,2023-03-26,TechSupplies Panama,75561.55,Office Supplies,Sales,USA,Time & Materials,2023.0
LC-2022-00785,,Seguridad Total Corp,11380.83,IT & Technology,Administration,Panama,Time & Materials,
LC-2023-00786,2023-12-12,Energía Renovable S.A.,24863.87,Catering & Food,Administration,Panama,Spot Purchase,2023.0
LC-2023-00787,2023-02-26,TechSupplies Panama,98785.55,Office Supplies,Logistics,USA,Spot Purchase,2023.0
LC-2023-00788,2023-10-05,Cleaning Pro Services,9786.61,Catering & Food,Procurement,USA,Fixed Price,2023.0
LC-2023-00789,2023-09-26,MedEquip Latinoamerica,4423.79,Security,IT,Panama,Fixed Price,2023.0
LC-2022-00790,2022-07-18,TechSupplies Panama,4948.54,Office Supplies,IT,Panama,Fixed Price,2022.0
LC-2023-00791,2023-11-18,FleetCars Panama,9362.12,Security,Procurement,Panama,Time & Materials,2023.0
LC-2022-00792,2022-02-14,TechSupplies Panama,46593.91,Office Supplies,Logistics,Panama,Spot Purchase,2022.0
LC-2022-00793,2022-03-14,TechSupplies Panama,50306.75,Office Supplies,Operations,USA,Fixed Price,2022.0
LC-2022-00794,2022-08-24,Oficentro Internacional,7847.12,Logistics & Transport,IT,Costa Rica,Framework Agreement,2022.0
LC-2022-00795,2022-03-17,Papelería y Más,971.09,Uniforms & PPE,IT,Panama,Time & Materials,2022.0
LC-2023-00796,2023-02-01,TechSupplies Panama,128512.75,Office Supplies,Administration,Panama,Time & Materials,2023.0
LC-2022-00797,2022-05-11,Grupo Logístico del Istmo,34632.01,Maintenance & Repair,Logistics,Panama,Framework Agreement,2022.0
LC-2022-00798,2022-06-25,Distribuidora Global S.A.,82273.21,IT & Technology,Procurement,Panama,Spot Purchase,2022.0
LC-2022-00799,2022-03-30,TechSupplies Panama,37570.79,Office Supplies,Administration,Panama,Time & Materials,2022.0
LC-2022-00800,2022-01-15,TechSupplies Panama,37635.66,Office Supplies,Procurement,Panama,Framework Agreement,2022.0
LC-2023-00801,2023-08-11,Oficentro Internacional,111964.88,Logistics & Transport,Administration,Panama,Time & Materials,2023.0
LC-2023-00802,2023-06-28,Suministros Médicos del Sur,2266.37,Uniforms & PPE,Marketing,Panama,Spot Purchase,2023.0
LC-2023-00803,2023-07-26,Distribuidora Global S.A.,40755.45,IT & Technology,Procurement,Panama,Fixed Price,2023.0
LC-2023-00804,2023-10-26,TECHSUPPLIES PANAMA,20853.35,Office Supplies,Sales,Panama,Time & Materials,2023.0
LC-2023-00805,2023-04-11,TechSupplies Panama,21560.2,Office Supplies,Procurement,USA,Fixed Price,2023.0
LC-2023-00806,2023-12-22,TechSupplies Panama,25059.13,Office Supplies,Sales,Colombia,Spot Purchase,2023.0
LC-2022-00807,2022-10-31,Uniforms & Workwear Co.,6858.2,Professional Services,Sales,USA,Fixed Price,2022.0
LC-2023-00808,2023-09-28,MedEquip Latinoamerica,2396.77,Security,IT,Colombia,Fixed Price,2023.0
LC-2023-00809,2023-01-28,Consultoría Estratégica,32326.23,Medical Supplies,Sales,Panama,Fixed Price,2023.0
LC-2023-00810,2023-07-29,TechSupplies Panama,12412.65,Office Supplies,Marketing,Costa Rica,Fixed Price,2023.0
LC-2023-00811,2023-08-18,TechSupplies Panama,29020.39,Office Supplies,Finance,Colombia,Spot Purchase,2023.0
LC-2023-00812,2023-05-31,Seguridad Total Corp,2541.23,IT & Technology,Sales,Panama,Framework Agreement,2023.0
LC-2023-00813,2023-04-27,Oficentro Internacional,206152.91,Logistics & Transport,Procurement,USA,Fixed Price,2023.0
LC-2022-00814,2022-07-12,Oficentro Internacional,45975.58,Logistics & Transport,Administration,Panama,Fixed Price,2022.0
LC-2022-00815,2022-06-18,Uniforms & Workwear Co.,23104.13,Professional Services,Logistics,Panama,Fixed Price,2022.0
LC-2022-00816,2022-10-28,IT Solutions Group,529.36,Maintenance & Repair,Marketing,Colombia,Fixed Price,2022.0
LC-2022-00817,2022-10-26,Ferremax Industrial,50034.11,Professional Services,Legal,Panama,Fixed Price,2022.0
LC-2023-00818,2023-02-26,Catering Express Panama,18665.76,Logistics & Transport,Marketing,Colombia,Framework Agreement,2023.0
LC-2023-00819,2023-04-14,Ferremax Industrial,40084.33,Professional Services,Marketing,USA,Spot Purchase,2023.0
LC-2023-00820,2023-01-16,TechSupplies Panama,130427.98,Office Supplies,Logistics,Panama,Spot Purchase,2023.0
LC-2023-00821,2023-12-30,Grupo Logístico del Istmo,19521.15,Maintenance & Repair,Procurement,Panama,Time & Materials,2023.0
LC-2022-00822,2022-04-30,Transportes Rápidos S.A.,40701.54,Marketing,HR,Panama,Time & Materials,2022.0
LC-2023-00823,2023-11-13,Oficentro Internacional,500000.0,Logistics & Transport,HR,Panama,Fixed Price,2023.0
LC-2022-00824,2022-05-05,MedEquip Latinoamerica,2851.9,Security,HR,USA,Framework Agreement,2022.0
LC-2022-00825,2022-01-05,TechSupplies Panama,21277.32,Office Supplies,Procurement,Panama,Time & Materials,2022.0
LC-2023-00826,2023-08-11,DataCenter Solutions,43480.89,Medical Supplies,Logistics,USA,Framework Agreement,2023.0
LC-2023-00827,2023-05-06,FleetCars Panama,52541.48,Security,Sales,Colombia,Fixed Price,2023.0
LC-2023-00828,2023-04-02,Oficentro Internacional,19391.07,Logistics & Transport,Legal,USA,Time & Materials,2023.0
LC-2022-00829,2022-07-20,TechSupplies Panama,,Office Supplies,Marketing,Panama,Framework Agreement,2022.0
LC-2022-00830,2022-07-19,DataCenter Solutions,3220.6,Medical Supplies,Finance,USA,Spot Purchase,2022.0
LC-2023-00831,2023-03-14,Distribuidora Global S.A.,7234.81,IT & Technology,Sales,Panama,Time & Materials,2023.0
LC-2022-00832,2022-08-09,Grupo Logístico del Istmo,12059.62,Maintenance & Repair,Procurement,USA,Fixed Price,2022.0
LC-2023-00833,2023-03-01,Mantenimiento Integral,1089.84,Office Supplies,Logistics,Panama,Spot Purchase,2023.0
LC-2022-00834,2022-03-09,TechSupplies Panama,14452.79,Office Supplies,Procurement,USA,Framework Agreement,2022.0
LC-2023-00835,2023-07-24,Distribuidora Global S.A.,34835.01,IT & Technology,Logistics,Panama,Time & Materials,2023.0
LC-2022-00836,2022-02-13,TechSupplies Panama,48100.97,Office Supplies,Legal,Panama,Spot Purchase,2022.0
LC-2022-00837,2022-01-03,Ferremax Industrial,233421.38,Professional Services,Procurement,Panama,Fixed Price,2022.0
LC-2023-00838,2023-03-04,DataCenter Solutions,1099.34,Medical Supplies,Finance,Colombia,Framework Agreement,2023.0
LC-2023-00839,2023-09-06,Distribuidora Global S.A.,118324.59,IT & Technology,Logistics,USA,Fixed Price,2023.0
LC-2023-00840,2023-01-18,IT Solutions Group,3565.35,Maintenance & Repair,Procurement,Colombia,Fixed Price,2023.0
LC-2023-00841,2023-04-18,TechSupplies Panama,34222.67,Office Supplies,Operations,Panama,Framework Agreement,2023.0
LC-2022-00842,2022-02-19,Oficentro Internacional,81616.23,Logistics & Transport,Legal,Colombia,Framework Agreement,2022.0
LC-2023-00843,2023-09-06,Ferremax Industrial,9440.21,Professional Services,HR,Mexico,Fixed Price,2023.0
LC-2022-00844,2022-04-09,Catering Express Panama,8722.09,Logistics & Transport,Logistics,Panama,Framework Agreement,2022.0
LC-2023-00845,2023-02-26,Distribuidora Global S.A.,44344.44,IT & Technology,Logistics,Panama,Spot Purchase,2023.0
LC-2023-00846,2023-03-04,TechSupplies Panama,65574.46,Office Supplies,IT,Panama,Fixed Price,2023.0
LC-2023-00847,2023-12-09,FleetCars Panama,7583.67,Security,Procurement,Panama,Framework Agreement,2023.0
LC-2022-00848,2022-01-30,Cleaning Pro Services,195428.57,Catering & Food,Sales,Panama,Framework Agreement,2022.0
LC-2022-00849,2022-08-03,Transportes Rápidos S.A.,1888.22,Marketing,IT,Panama,Time & Materials,2022.0
LC-2023-00850,2023-03-18,Seguridad Total Corp,2216.1,IT & Technology,Finance,Panama,Spot Purchase,2023.0
LC-2022-00851,,Ferremax Industrial,17192.55,Professional Services,Operations,USA,Fixed Price,
LC-2023-00852,2023-08-25,Distribuidora Global S.A.,18646.76,IT & Technology,Finance,USA,Time & Materials,2023.0
LC-2022-00853,2022-12-27,Distribuidora Global S.A.,16901.12,IT & Technology,Logistics,USA,Framework Agreement,2022.0
LC-2023-00854,2023-08-16,TechSupplies Panama,151269.73,Office Supplies,Administration,Panama,Fixed Price,2023.0
LC-2022-00855,2022-04-12,Publicidad Digital LATAM,41388.42,Marketing,HR,Costa Rica,Fixed Price,2022.0
LC-2023-00856,2023-11-21,Ferremax Industrial,18308.2,Professional Services,Administration,Panama,Spot Purchase,2023.0
LC-2023-00857,2023-02-22,Grupo Logístico del Istmo,13375.41,Maintenance & Repair,IT,USA,Time & Materials,2023.0
LC-2023-00858,2023-12-23,Distribuidora Global S.A.,63939.89,IT & Technology,HR,USA,Framework Agreement,2023.0
LC-2023-00859,2023-09-07,Ferremax Industrial,18719.71,Professional Services,Legal,Panama,Spot Purchase,2023.0
LC-2022-00860,2022-07-13,TechSupplies Panama,77615.17,Office Supplies,Legal,Panama,Spot Purchase,2022.0
LC-2023-00861,2023-11-22,Energía Renovable S.A.,6663.4,Catering & Food,Sales,Panama,Fixed Price,2023.0
LC-2023-00862,2023-02-09,DataCenter Solutions,505.92,Medical Supplies,Finance,Panama,Time & Materials,2023.0
LC-2022-00863,2022-07-23,Energía Renovable S.A.,50074.03,Catering & Food,HR,Panama,Framework Agreement,2022.0
LC-2022-00864,2022-10-13,Distribuidora Global S.A.,313342.84,IT & Technology,Legal,Costa Rica,Spot Purchase,2022.0
LC-2023-00865,2023-11-14,Papelería y Más,1960.23,Uniforms & PPE,Legal,Panama,Spot Purchase,2023.0
LC-2022-00866,2022-09-14,Oficentro Internacional,22805.53,Logistics & Transport,Procurement,Panama,Fixed Price,2022.0
LC-2023-00867,2023-11-26,Distribuidora Global S.A.,,IT & Technology,Operations,Panama,Spot Purchase,2023.0
LC-2022-00868,2022-03-20,Oficentro Internacional,54249.45,Logistics & Transport,Logistics,USA,Fixed Price,2022.0
LC-2023-00869,2023-05-18,Ferremax Industrial,80037.71,Professional Services,Logistics,Colombia,Spot Purchase,2023.0
LC-2023-00870,2023-03-17,MedEquip Latinoamerica,100238.42,Security,Operations,Mexico,Fixed Price,2023.0
LC-2022-00871,2022-02-03,IT Solutions Group,3769.05,Maintenance & Repair,Procurement,Panama,Fixed Price,2022.0
LC-2022-00872,2022-05-18,Uniforms & Workwear Co.,1484.09,Professional Services,HR,USA,Spot Purchase,2022.0
LC-2023-00873,2023-05-03,MedEquip Latinoamerica,620.81,Security,Procurement,Colombia,Spot Purchase,2023.0
LC-2022-00874,2022-10-19,Oficentro Internacional,15106.55,Logistics & Transport,Administration,Panama,Framework Agreement,2022.0
LC-2023-00875,2023-10-03,Catering Express Panama,4676.52,Logistics & Transport,Sales,Costa Rica,Fixed Price,2023.0
LC-2022-00876,2022-09-11,Grupo Logístico del Istmo,312846.97,Maintenance & Repair,Sales,Panama,Time & Materials,2022.0
LC-2022-00877,2022-06-23,Transportes Rápidos S.A.,,Marketing,Logistics,Panama,Framework Agreement,2022.0
LC-2022-00878,2022-10-01,IT Solutions Group,,Maintenance & Repair,Administration,USA,Spot Purchase,2022.0
LC-2023-00879,2023-08-10,Oficentro Internacional,35606.82,Logistics & Transport,Administration,Panama,Framework Agreement,2023.0
LC-2022-00880,2022-06-20,TechSupplies Panama,151156.64,Office Supplies,Procurement,USA,Framework Agreement,2022.0
LC-2022-00881,2022-10-22,Ferremax Industrial,500000.0,Professional Services,Finance,USA,Time & Materials,2022.0
LC-2023-00882,2023-08-16,Mantenimiento Integral,2216.53,Office Supplies,Administration,Costa Rica,Fixed Price,2023.0
LC-2022-00883,2022-12-22,Mantenimiento Integral,2358.64,Office Supplies,Procurement,Panama,Time & Materials,2022.0
LC-2022-00884,2022-07-24,Mantenimiento Integral,23534.94,Office Supplies,Legal,Colombia,Framework Agreement,2022.0
LC-2023-00885,2023-10-05,DataCenter Solutions,13668.34,Medical Supplies,Marketing,Panama,Fixed Price,2023.0
LC-2023-00886,2023-08-03,TechSupplies Panama,333050.29,Office Supplies,Procurement,Panama,Spot Purchase,2023.0
LC-2023-00887,2023-03-22,Ferremax Industrial,73182.66,Professional Services,IT,Panama,Framework Agreement,2023.0
LC-2023-00888,2023-10-24,DataCenter Solutions,2867.12,Medical Supplies,Legal,Panama,Framework Agreement,2023.0
LC-2022-00889,2022-09-09,TechSupplies Panama,73775.78,Office Supplies,HR,Panama,Fixed Price,2022.0
LC-2022-00890,2022-07-26,Suministros Médicos del Sur,25927.39,Uniforms & PPE,Legal,Colombia,Fixed Price,2022.0
LC-2023-00891,2023-05-13,Mantenimiento Integral,16826.72,Office Supplies,Marketing,Panama,Fixed Price,2023.0
LC-2023-00892,2023-01-08,Oficentro Internacional,66751.29,Logistics & Transport,Logistics,Panama,Spot Purchase,2023.0
LC-2023-00893,2023-08-08,Catering Express Panama,24343.3,Logistics & Transport,HR,Panama,Fixed Price,2023.0
LC-2022-00894,2022-04-03,Catering Express Panama,28394.29,Logistics & Transport,Marketing,Panama,Spot Purchase,2022.0
LC-2022-00895,2022-08-30,Oficentro Internacional,190725.56,Logistics & Transport,Administration,Costa Rica,Spot Purchase,2022.0
LC-2022-00896,2022-09-18,TechSupplies Panama,79098.71,Office Supplies,Logistics,Panama,Spot Purchase,2022.0
LC-2023-00897,2023-05-02,Transportes Rápidos S.A.,3825.03,Marketing,Finance,Panama,Spot Purchase,2023.0
LC-2022-00898,2022-11-12,Energía Renovable S.A.,,Catering & Food,Sales,USA,Framework Agreement,2022.0
LC-2022-00899,2022-09-17,Catering Express Panama,30024.33,Logistics & Transport,Operations,Colombia,Time & Materials,2022.0
LC-2023-00900,2023-03-30,Grupo Logístico del Istmo,13625.21,Maintenance & Repair,Finance,USA,Time & Materials,2023.0
LC-2022-00901,2022-08-30,Publicidad Digital LATAM,8544.22,Marketing,Logistics,Panama,Fixed Price,2022.0
LC-2022-00902,2022-02-04,Grupo Logístico del Istmo,22651.77,Maintenance & Repair,Sales,Mexico,Spot Purchase,2022.0
LC-2022-00903,2022-04-13,Ferremax Industrial,37590.02,Professional Services,Legal,Panama,Spot Purchase,2022.0
LC-2023-00904,2023-04-10,Grupo Logístico del Istmo,168407.55,Maintenance & Repair,Administration,Costa Rica,Framework Agreement,2023.0
LC-2022-00905,2022-01-04,TechSupplies Panama,45675.57,Office Supplies,Procurement,Colombia,Time & Materials,2022.0
LC-2023-00906,2023-09-01,Distribuidora Global S.A.,38396.59,IT & Technology,HR,Panama,Time & Materials,2023.0
LC-2023-00907,2023-12-05,Ferremax Industrial,7102.29,Professional Services,HR,Panama,Time & Materials,2023.0
LC-2023-00908,2023-01-22,Distribuidora Global S.A.,88921.06,IT & Technology,Sales,Panama,Spot Purchase,2023.0
LC-2022-00909,2022-04-02,Consultoría Estratégica,12941.91,Medical Supplies,Marketing,Colombia,Time & Materials,2022.0
LC-2023-00910,2023-09-07,TechSupplies Panama,486944.61,Office Supplies,Legal,USA,Spot Purchase,2023.0
LC-2023-00911,2023-04-10,Consultoría Estratégica,3097.44,Medical Supplies,Finance,Panama,Spot Purchase,2023.0
LC-2023-00912,2023-01-27,TechSupplies Panama,47239.25,Office Supplies,Logistics,Panama,Spot Purchase,2023.0
LC-2023-00913,2023-03-05,Suministros Médicos del Sur,7144.34,Uniforms & PPE,Logistics,Costa Rica,Time & Materials,2023.0
LC-2022-00914,2022-09-12,Publicidad Digital LATAM,52374.75,Marketing,IT,USA,Spot Purchase,2022.0
LC-2023-00915,2023-12-05,Distribuidora Global S.A.,32391.31,IT & Technology,HR,Panama,Spot Purchase,2023.0
LC-2022-00916,2022-02-23,Cleaning Pro Services,7469.12,Catering & Food,Finance,Panama,Fixed Price,2022.0
LC-2022-00917,2022-01-06,Suministros Médicos del Sur,12232.42,Uniforms & PPE,Administration,Costa Rica,Fixed Price,2022.0
LC-2023-00918,2023-08-18,Grupo Logístico del Istmo,45430.14,Maintenance & Repair,Sales,Panama,Fixed Price,2023.0
LC-2022-00919,2022-11-21,Oficentro Internacional,21253.56,Logistics & Transport,Procurement,Panama,Fixed Price,2022.0
LC-2023-00920,2023-01-05,Oficentro Internacional,45839.8,Logistics & Transport,HR,USA,Framework Agreement,2023.0
LC-2023-00921,2023-03-23,Cleaning Pro Services,24598.67,Catering & Food,Logistics,USA,Framework Agreement,2023.0
LC-2022-00922,2022-02-24,Seguridad Total Corp,1053.87,IT & Technology,HR,USA,Spot Purchase,2022.0
LC-2023-00923,2023-03-23,Ferremax Industrial,42598.04,Professional Services,HR,Costa Rica,Spot Purchase,2023.0
LC-2023-00924,2023-05-20,Ferremax Industrial,15675.51,Professional Services,Marketing,USA,Spot Purchase,2023.0
LC-2022-00925,2022-06-22,Grupo Logístico del Istmo,152368.31,Maintenance & Repair,IT,Panama,Time & Materials,2022.0
LC-2023-00926,2023-06-23,DataCenter Solutions,500.31,Medical Supplies,IT,USA,Fixed Price,2023.0
LC-2022-00927,2022-12-03,TechSupplies Panama,,Office Supplies,Procurement,Colombia,Fixed Price,2022.0
LC-2022-00928,2022-06-07,Grupo Logístico del Istmo,,Maintenance & Repair,Administration,Panama,Framework Agreement,2022.0
LC-2022-00929,2022-12-04,Ferremax Industrial,237667.72,Professional Services,Logistics,USA,Fixed Price,2022.0
LC-2022-00930,2022-02-19,Oficentro Internacional,33560.32,Logistics & Transport,Administration,Panama,Time & Materials,2022.0
LC-2022-00931,2022-04-05,Papelería y Más,2137.09,Uniforms & PPE,Marketing,USA,Spot Purchase,2022.0
LC-2022-00932,2022-06-16,IT Solutions Group,82597.58,Maintenance & Repair,Finance,Panama,Time & Materials,2022.0
LC-2023-00933,2023-05-18,Consultoría Estratégica,560.02,Medical Supplies,HR,Panama,Framework Agreement,2023.0
LC-2023-00934,2023-11-13,Uniforms & Workwear Co.,181.6,Professional Services,Administration,Panama,Framework Agreement,2023.0
LC-2023-00935,2023-07-31,Ferremax Industrial,61575.38,Professional Services,Legal,USA,Framework Agreement,2023.0
LC-2022-00936,2022-04-06,Grupo Logístico del Istmo,19881.3,Maintenance & Repair,HR,Panama,Spot Purchase,2022.0
LC-2022-00937,2022-10-25,TechSupplies Panama,10662.85,Office Supplies,HR,USA,Fixed Price,2022.0
LC-2022-00938,2022-09-12,Oficentro Internacional,84967.81,Logistics & Transport,HR,Colombia,Framework Agreement,2022.0
LC-2023-00939,2023-06-07,Distribuidora Global S.A.,48657.48,IT & Technology,Operations,USA,Fixed Price,2023.0
LC-2023-00940,2023-08-23,MedEquip Latinoamerica,2108.82,Security,Logistics,Panama,Framework Agreement,2023.0
LC-2022-00941,2022-02-16,DataCenter Solutions,720.21,Medical Supplies,HR,Panama,Spot Purchase,2022.0
LC-2023-00942,2023-10-01,Cleaning Pro Services,18191.07,Catering & Food,Procurement,Costa Rica,Spot Purchase,2023.0
LC-2023-00943,2023-09-11,Mantenimiento Integral,13033.81,Office Supplies,IT,Panama,Fixed Price,2023.0
LC-2022-00944,2022-06-25,Distribuidora Global S.A.,32240.83,IT & Technology,Legal,Panama,Fixed Price,2022.0
LC-2022-00945,2022-11-07,DataCenter Solutions,78429.51,Medical Supplies,Administration,Costa Rica,Spot Purchase,2022.0
LC-2022-00946,2022-05-09,Transportes Rápidos S.A.,987.2,Marketing,Legal,Panama,Fixed Price,2022.0
LC-2023-00947,2023-05-08,Transportes Rápidos S.A.,498.55,Marketing,IT,Panama,Time & Materials,2023.0
LC-2022-00948,2022-11-05,Cleaning Pro Services,1740.87,Catering & Food,Marketing,Panama,Fixed Price,2022.0
LC-2023-00949,2023-05-12,Distribuidora Global S.A.,34382.29,IT & Technology,HR,Costa Rica,Spot Purchase,2023.0
LC-2022-00950,2022-12-08,TechSupplies Panama,,Office Supplies,Administration,Panama,Fixed Price,2022.0
LC-2022-00951,2022-02-07,Publicidad Digital LATAM,3422.57,Marketing,Procurement,Costa Rica,Framework Agreement,2022.0
LC-2023-00952,2023-06-25,Cleaning Pro Services,,Catering & Food,Procurement,Panama,Fixed Price,2023.0
LC-2023-00953,2023-05-22,Oficentro Internacional,8088.13,Logistics & Transport,Legal,USA,Fixed Price,2023.0
LC-2023-00954,2023-04-26,Grupo Logístico del Istmo,205359.53,Maintenance & Repair,HR,Panama,Time & Materials,2023.0
LC-2022-00955,2022-05-15,FleetCars Panama,4344.97,Security,Sales,USA,Spot Purchase,2022.0
LC-2023-00956,2023-09-29,Grupo Logístico del Istmo,138795.24,Maintenance & Repair,Sales,USA,Time & Materials,2023.0
LC-2023-00957,2023-09-13,Ferremax Industrial,54790.41,Professional Services,HR,Panama,Time & Materials,2023.0
LC-2022-00958,2022-01-19,Ferremax Industrial,62824.72,Professional Services,IT,Panama,Fixed Price,2022.0
LC-2022-00959,2022-12-12,TechSupplies Panama,71949.57,Office Supplies,Marketing,Panama,Fixed Price,2022.0
LC-2022-00960,2022-02-17,TechSupplies Panama,62146.53,Office Supplies,Logistics,Panama,Framework Agreement,2022.0
LC-2023-00961,2023-12-25,IT Solutions Group,12888.42,Maintenance & Repair,Marketing,USA,Fixed Price,2023.0
LC-2023-00962,2023-07-30,Publicidad Digital LATAM,36088.47,Marketing,Finance,Panama,Fixed Price,2023.0
LC-2023-00963,2023-12-27,IT Solutions Group,6599.72,Maintenance & Repair,Sales,Panama,Framework Agreement,2023.0
LC-2022-00964,2022-05-06,Distribuidora Global S.A.,85033.83,IT & Technology,Sales,Panama,Time & Materials,2022.0
LC-2022-00965,2022-10-21,Seguridad Total Corp,4295.81,IT & Technology,IT,USA,Framework Agreement,2022.0
LC-2022-00966,2022-06-05,Papelería y Más,42624.13,Uniforms & PPE,Sales,Colombia,Time & Materials,2022.0
LC-2023-00967,2023-04-15,Distribuidora Global S.A.,16128.28,IT & Technology,Legal,Panama,Spot Purchase,2023.0
LC-2023-00968,2023-06-14,Energía Renovable S.A.,73233.68,Catering & Food,Procurement,Panama,Fixed Price,2023.0
LC-2023-00969,2023-02-07,Suministros Médicos del Sur,4627.46,Uniforms & PPE,HR,Panama,Fixed Price,2023.0
LC-2023-00970,2023-03-06,Uniforms & Workwear Co.,574.69,Professional Services,Operations,Colombia,Framework Agreement,2023.0
LC-2022-00971,2022-10-14,Oficentro Internacional,42350.07,Logistics & Transport,Sales,Panama,Fixed Price,2022.0
LC-2023-00972,2023-12-16,Grupo Logístico del Istmo,16038.35,Maintenance & Repair,IT,USA,Spot Purchase,2023.0
LC-2023-00973,2023-07-05,Seguridad Total Corp,17343.37,IT & Technology,Logistics,Panama,Fixed Price,2023.0
LC-2022-00974,2022-04-06,Distribuidora Global S.A.,16594.91,IT & Technology,Marketing,Panama,Time & Materials,2022.0
LC-2022-00975,2022-09-05,DataCenter Solutions,2516.75,Medical Supplies,Operations,Panama,Framework Agreement,2022.0
LC-2023-00976,2023-10-05,Ferremax Industrial,3761.42,Professional Services,Operations,Panama,Framework Agreement,2023.0
LC-2023-00977,2023-04-10,Energía Renovable S.A.,2493.74,Catering & Food,Procurement,Panama,Fixed Price,2023.0
LC-2022-00978,2022-12-25,Cleaning Pro Services,129.56,Catering & Food,Marketing,USA,Time & Materials,2022.0
LC-2023-00979,2023-06-17,Cleaning Pro Services,456.75,Catering & Food,HR,Costa Rica,Spot Purchase,2023.0
LC-2022-00980,2022-05-31,TechSupplies Panama,90445.03,Office Supplies,Sales,Panama,Fixed Price,2022.0
LC-2023-00981,2023-04-02,Distribuidora Global S.A.,93242.62,IT & Technology,HR,USA,Time & Materials,2023.0
LC-2023-00982,2023-10-14,MedEquip Latinoamerica,9303.88,Security,Legal,Panama,Spot Purchase,2023.0
LC-2023-00983,2023-06-02,Ferremax Industrial,11380.18,Professional Services,Legal,Panama,Time & Materials,2023.0
LC-2023-00984,2023-04-12,Transportes Rápidos S.A.,4575.32,Marketing,Marketing,Panama,Time & Materials,2023.0
LC-2022-00985,2022-04-23,Grupo Logístico del Istmo,36158.85,Maintenance & Repair,Finance,USA,Spot Purchase,2022.0
LC-2022-00986,2022-11-07,TechSupplies Panama,9044.95,Office Supplies,Sales,Panama,Framework Agreement,2022.0
LC-2022-00987,2022-10-18,Seguridad Total Corp,46868.33,IT & Technology,Legal,Panama,Framework Agreement,2022.0
LC-2023-00988,2023-03-04,Distribuidora Global S.A.,104071.64,IT & Technology,Sales,Panama,Fixed Price,2023.0
LC-2022-00989,2022-05-22,Oficentro Internacional,27857.1,Logistics & Transport,Legal,USA,Time & Materials,2022.0
LC-2023-00990,2023-02-01,Ferremax Industrial,37506.26,Professional Services,Sales,Panama,Spot Purchase,2023.0
LC-2023-00991,2023-10-24,Consultoría Estratégica,6718.19,Medical Supplies,Procurement,Costa Rica,Framework Agreement,2023.0
LC-2023-00992,2023-10-22,DataCenter Solutions,229.84,Medical Supplies,Logistics,USA,Fixed Price,2023.0
LC-2023-00993,2023-05-03,CLEANING PRO SERVICES,3392.2,Catering & Food,Operations,USA,Time & Materials,2023.0
LC-2022-00994,2022-09-09,MedEquip Latinoamerica,1766.97,Security,Operations,Panama,Time & Materials,2022.0
LC-2023-00995,2023-02-16,Distribuidora Global S.A.,10916.78,IT & Technology,Marketing,USA,Framework Agreement,2023.0
LC-2023-00996,2023-06-25,Oficentro Internacional,25917.65,Logistics & Transport,HR,Panama,Fixed Price,2023.0
LC-2022-00997,2022-07-07,Distribuidora Global S.A.,314023.73,IT & Technology,HR,Panama,Time & Materials,2022.0
LC-2022-00998,2022-07-05,Grupo Logístico del Istmo,,Maintenance & Repair,HR,Panama,Framework Agreement,2022.0
LC-2023-00999,2023-01-20,Oficentro Internacional,18298.7,Logistics & Transport,Legal,Panama,Framework Agreement,2023.0
LC-2023-01000,2023-05-20,TechSupplies Panama,72193.07,Office Supplies,Administration,USA,Time & Materials,2023.0
LC-2022-01001,2022-03-09,Oficentro Internacional,194702.21,Logistics & Transport,Sales,Panama,Spot Purchase,2022.0
LC-2022-01002,2022-09-10,Uniforms & Workwear Co.,19671.98,Professional Services,Logistics,USA,Fixed Price,2022.0
LC-2022-01003,2022-05-26,MedEquip Latinoamerica,5374.63,Security,Procurement,Panama,Time & Materials,2022.0
LC-2022-01004,2022-02-12,MedEquip Latinoamerica,,Security,Legal,USA,Spot Purchase,2022.0
LC-2023-01005,2023-05-09,Oficentro Internacional,83940.88,Logistics & Transport,HR,Panama,Fixed Price,2023.0
LC-2022-01006,2022-02-16,Suministros Médicos del Sur,8868.21,Uniforms & PPE,IT,USA,Framework Agreement,2022.0
LC-2023-01007,2023-03-19,Distribuidora Global S.A.,106322.46,IT & Technology,Finance,Panama,Framework Agreement,2023.0
LC-2023-01008,2023-12-26,Uniforms & Workwear Co.,12743.26,Professional Services,Sales,Colombia,Framework Agreement,2023.0
LC-2022-01009,2022-01-17,Oficentro Internacional,127958.75,Logistics & Transport,Procurement,USA,Framework Agreement,2022.0
LC-2023-01010,2023-02-28,Cleaning Pro Services,2202.06,Catering & Food,Operations,Panama,Time & Materials,2023.0
LC-2023-01011,2023-07-06,Grupo Logístico del Istmo,176464.13,Maintenance & Repair,Finance,Colombia,Fixed Price,2023.0
LC-2023-01012,2023-02-01,DataCenter Solutions,6610.4,Medical Supplies,Sales,Panama,Framework Agreement,2023.0
LC-2023-01013,2023-04-01,Distribuidora Global S.A.,,IT & Technology,Procurement,Panama,Time & Materials,2023.0
LC-2023-01014,2023-09-21,Transportes Rápidos S.A.,1747.98,Marketing,Sales,Panama,Fixed Price,2023.0
LC-2023-01015,2023-05-20,Publicidad Digital LATAM,66432.77,Marketing,Sales,Panama,Framework Agreement,2023.0
LC-2023-01016,2023-08-06,TechSupplies Panama,46050.46,Office Supplies,Legal,Panama,Framework Agreement,2023.0
LC-2022-01017,2022-03-08,Papelería y Más,1849.87,Uniforms & PPE,Administration,USA,Time & Materials,2022.0
LC-2022-01018,2022-07-16,Energía Renovable S.A.,2378.37,Catering & Food,IT,USA,Framework Agreement,2022.0
LC-2022-01019,2022-01-03,Transportes Rápidos S.A.,3039.59,Marketing,Administration,Panama,Spot Purchase,2022.0
LC-2022-01020,2022-10-08,Distribuidora Global S.A.,60415.39,IT & Technology,Sales,Panama,Spot Purchase,2022.0
LC-2022-01021,2022-02-18,MedEquip Latinoamerica,10767.13,Security,Operations,Costa Rica,Time & Materials,2022.0
LC-2023-01022,2023-08-09,Distribuidora Global S.A.,18243.42,IT & Technology,IT,Panama,Fixed Price,2023.0
LC-2022-01023,2022-06-18,Transportes Rápidos S.A.,4738.46,Marketing,Finance,Panama,Time & Materials,2022.0
LC-2022-01024,2022-09-14,Distribuidora Global S.A.,474835.84,IT & Technology,Legal,Panama,Framework Agreement,2022.0
LC-2022-01025,2022-03-16,Catering Express Panama,65598.94,Logistics & Transport,Sales,USA,Time & Materials,2022.0
LC-2022-01026,2022-03-04,Cleaning Pro Services,9456.76,Catering & Food,Administration,Panama,Fixed Price,2022.0
LC-2022-01027,2022-02-26,Transportes Rápidos S.A.,5203.08,Marketing,HR,Panama,Spot Purchase,2022.0
LC-2023-01028,2023-01-26,Transportes Rápidos S.A.,5884.32,Marketing,Marketing,Panama,Framework Agreement,2023.0
LC-2023-01029,2023-01-29,IT Solutions Group,12336.0,Maintenance & Repair,Administration,Panama,Spot Purchase,2023.0
LC-2023-01030,2023-08-25,Distribuidora Global S.A.,10642.91,IT & Technology,Operations,Panama,Framework Agreement,2023.0
LC-2023-01031,2023-10-15,Distribuidora Global S.A.,26666.09,IT & Technology,IT,USA,Time & Materials,2023.0
LC-2022-01032,2022-02-15,Cleaning Pro Services,402.27,Catering & Food,HR,Panama,Time & Materials,2022.0
LC-2022-01033,2022-05-31,Consultoría Estratégica,8944.86,Medical Supplies,Sales,Panama,Time & Materials,2022.0
LC-2022-01034,2022-02-28,Publicidad Digital LATAM,12975.18,Marketing,Marketing,USA,Time & Materials,2022.0
LC-2023-01035,2023-10-18,Distribuidora Global S.A.,20336.57,IT & Technology,Sales,Panama,Time & Materials,2023.0
LC-2023-01036,2023-08-16,DataCenter Solutions,52103.12,Medical Supplies,Procurement,USA,Framework Agreement,2023.0
LC-2023-01037,2023-05-23,OFICENTRO INTERNACIONAL,8342.19,Logistics & Transport,Finance,Panama,Fixed Price,2023.0
LC-2023-01038,2023-05-08,TechSupplies Panama,6265.1,Office Supplies,Administration,Panama,Time & Materials,2023.0
LC-2022-01039,2022-01-07,Papelería y Más,6882.09,Uniforms & PPE,IT,Panama,Time & Materials,2022.0
LC-2023-01040,2023-10-09,Distribuidora Global S.A.,127582.43,IT & Technology,Logistics,Panama,Time & Materials,2023.0
LC-2022-01041,2022-08-13,Distribuidora Global S.A.,273953.38,IT & Technology,IT,Panama,Time & Materials,2022.0
LC-2022-01042,2022-06-30,MedEquip Latinoamerica,2469.26,Security,HR,Panama,Fixed Price,2022.0
LC-2022-01043,2022-12-13,Transportes Rápidos S.A.,24785.68,Marketing,Legal,Colombia,Fixed Price,2022.0
LC-2023-01044,2023-12-30,Mantenimiento Integral,4638.92,Office Supplies,HR,USA,Spot Purchase,2023.0
LC-2023-01045,2023-12-13,Mantenimiento Integral,3793.56,Office Supplies,IT,USA,Spot Purchase,2023.0
LC-2023-01046,2023-07-03,TechSupplies Panama,104861.1,Office Supplies,Operations,Mexico,Time & Materials,2023.0
LC-2022-01047,2022-08-03,DataCenter Solutions,13075.35,Medical Supplies,Logistics,Panama,Spot Purchase,2022.0
LC-2023-01048,2023-10-23,Cleaning Pro Services,461.93,Catering & Food,HR,USA,Spot Purchase,2023.0
LC-2023-01049,2023-05-22,TechSupplies Panama,213597.44,Office Supplies,Sales,USA,Spot Purchase,2023.0
LC-2022-01050,2022-07-27,Seguridad Total Corp,38954.01,IT & Technology,Operations,Panama,Time & Materials,2022.0
LC-2023-01051,2023-01-19,Grupo Logístico del Istmo,17142.65,Maintenance & Repair,Legal,USA,Time & Materials,2023.0
LC-2023-01052,2023-08-21,Oficentro Internacional,58393.76,Logistics & Transport,Marketing,Panama,Time & Materials,2023.0
LC-2023-01053,2023-05-25,Ferremax Industrial,65698.82,Professional Services,Legal,Panama,Framework Agreement,2023.0
LC-2022-01054,2022-10-29,TechSupplies Panama,49652.72,Office Supplies,Finance,Panama,Fixed Price,2022.0
LC-2022-01055,2022-03-15,Seguridad Total Corp,2152.84,IT & Technology,IT,Panama,Fixed Price,2022.0
LC-2022-01056,2022-07-15,Transportes Rápidos S.A.,1794.65,Marketing,Logistics,Panama,Framework Agreement,2022.0
LC-2022-01057,2022-11-03,Papelería y Más,4729.95,Uniforms & PPE,Marketing,Panama,Fixed Price,2022.0
LC-2023-01058,2023-04-29,Consultoría Estratégica,28540.9,Medical Supplies,Administration,Costa Rica,Fixed Price,2023.0
LC-2023-01059,2023-05-01,IT Solutions Group,11107.77,Maintenance & Repair,IT,Panama,Time & Materials,2023.0
LC-2022-01060,2022-11-17,Ferremax Industrial,23277.97,Professional Services,Procurement,Panama,Fixed Price,2022.0
LC-2023-01061,2023-01-19,Grupo Logístico del Istmo,91678.07,Maintenance & Repair,Procurement,Panama,Fixed Price,2023.0
LC-2022-01062,2022-12-14,Papelería y Más,68.52,Uniforms & PPE,Procurement,Colombia,Framework Agreement,2022.0
LC-2023-01063,2023-08-25,Seguridad Total Corp,,IT & Technology,Marketing,Panama,Framework Agreement,2023.0
LC-2023-01064,2023-01-26,TechSupplies Panama,4502.3,Office Supplies,Sales,USA,Spot Purchase,2023.0
LC-2023-01065,2023-10-17,TechSupplies Panama,23507.41,Office Supplies,Finance,Panama,Spot Purchase,2023.0
LC-2022-01066,2022-01-28,MedEquip Latinoamerica,916.44,Security,Operations,Colombia,Spot Purchase,2022.0
LC-2023-01067,2023-04-11,Oficentro Internacional,7680.06,Logistics & Transport,IT,Panama,Fixed Price,2023.0
LC-2022-01068,2022-04-24,IT Solutions Group,28035.87,Maintenance & Repair,Legal,Panama,Time & Materials,2022.0
LC-2022-01069,2022-11-14,Grupo Logístico del Istmo,20718.01,Maintenance & Repair,IT,Panama,Time & Materials,2022.0
LC-2023-01070,2023-05-30,Cleaning Pro Services,8264.76,Catering & Food,Logistics,USA,Time & Materials,2023.0
LC-2023-01071,2023-09-12,Suministros Médicos del Sur,4580.76,Uniforms & PPE,Procurement,Panama,Spot Purchase,2023.0
LC-2022-01072,2022-04-04,Uniforms & Workwear Co.,10052.35,Professional Services,Procurement,Panama,Fixed Price,2022.0
LC-2023-01073,2023-03-02,Transportes Rápidos S.A.,5515.03,Marketing,Logistics,Panama,Time & Materials,2023.0
LC-2023-01074,2023-02-07,Ferremax Industrial,7788.54,Professional Services,HR,Colombia,Fixed Price,2023.0
LC-2023-01075,2023-12-16,TechSupplies Panama,120032.78,Office Supplies,Marketing,Panama,Fixed Price,2023.0
LC-2022-01076,2022-03-20,Grupo Logístico del Istmo,20080.25,Maintenance & Repair,Marketing,Panama,Framework Agreement,2022.0
LC-2023-01077,2023-06-03,Grupo Logístico del Istmo,5608.85,Maintenance & Repair,HR,Panama,Time & Materials,2023.0
LC-2023-01078,,Transportes Rápidos S.A.,2585.9,Marketing,Procurement,Panama,Framework Agreement,
LC-2023-01079,2023-05-12,Distribuidora Global S.A.,219896.39,IT & Technology,HR,Panama,Spot Purchase,2023.0
LC-2022-01080,2022-10-13,Transportes Rápidos S.A.,17594.34,Marketing,Procurement,Panama,Spot Purchase,2022.0
LC-2022-01081,2022-06-22,Distribuidora Global S.A.,23899.61,IT & Technology,Logistics,Panama,Spot Purchase,2022.0
LC-2022-01082,2022-02-05,TechSupplies Panama,23882.25,Office Supplies,Sales,Panama,Time & Materials,2022.0
LC-2023-01083,2023-02-04,Distribuidora Global S.A.,24687.14,IT & Technology,Marketing,Colombia,Fixed Price,2023.0
LC-2022-01084,2022-09-13,Distribuidora Global S.A.,438931.03,IT & Technology,Legal,Mexico,Time & Materials,2022.0
LC-2023-01085,2023-11-28,Grupo Logístico del Istmo,57430.03,Maintenance & Repair,Operations,Panama,Time & Materials,2023.0
LC-2022-01086,2022-02-15,Mantenimiento Integral,9368.07,Office Supplies,HR,Costa Rica,Time & Materials,2022.0
LC-2023-01087,2023-07-09,MedEquip Latinoamerica,23050.1,Security,IT,USA,Time & Materials,2023.0
LC-2023-01088,2023-02-16,DISTRIBUIDORA GLOBAL S.A.,48365.74,IT & Technology,Sales,Panama,Fixed Price,2023.0
LC-2022-01089,2022-02-14,TechSupplies Panama,26612.85,Office Supplies,Logistics,Colombia,Framework Agreement,2022.0
LC-2022-01090,2022-09-15,Cleaning Pro Services,3660.94,Catering & Food,Finance,Costa Rica,Time & Materials,2022.0
LC-2023-01091,2023-10-13,Transportes Rápidos S.A.,4414.27,Marketing,HR,Panama,Time & Materials,2023.0
LC-2023-01092,2023-09-16,DataCenter Solutions,4647.88,Medical Supplies,Finance,Panama,Fixed Price,2023.0
LC-2022-01093,2022-08-27,Papelería y Más,,Uniforms & PPE,Marketing,USA,Fixed Price,2022.0
LC-2023-01094,2023-09-27,TechSupplies Panama,38651.28,Office Supplies,Legal,Costa Rica,Time & Materials,2023.0
LC-2022-01095,2022-09-01,TechSupplies Panama,87480.23,Office Supplies,Legal,Panama,Fixed Price,2022.0
LC-2022-01096,2022-11-22,Papelería y Más,4354.33,Uniforms & PPE,Sales,Panama,Framework Agreement,2022.0
LC-2022-01097,2022-08-23,Publicidad Digital LATAM,5530.05,Marketing,Logistics,Costa Rica,Fixed Price,2022.0
LC-2023-01098,2023-09-15,MedEquip Latinoamerica,245.35,Security,IT,Colombia,Time & Materials,2023.0
LC-2022-01099,2022-07-17,DataCenter Solutions,19428.41,Medical Supplies,Finance,USA,Fixed Price,2022.0
LC-2022-01100,2022-08-30,Distribuidora Global S.A.,55038.39,IT & Technology,HR,USA,Time & Materials,2022.0
LC-2022-01101,2022-06-30,TechSupplies Panama,120284.15,Office Supplies,IT,Panama,Spot Purchase,2022.0
LC-2022-01102,2022-03-23,Publicidad Digital LATAM,63.79,Marketing,IT,Panama,Spot Purchase,2022.0
LC-2022-01103,2022-06-09,Ferremax Industrial,445097.95,Professional Services,Legal,USA,Spot Purchase,2022.0
LC-2023-01104,2023-09-02,Grupo Logístico del Istmo,30714.57,Maintenance & Repair,Finance,Mexico,Framework Agreement,2023.0
LC-2023-01105,2023-01-20,Grupo Logístico del Istmo,137285.69,Maintenance & Repair,Logistics,Panama,Framework Agreement,2023.0
LC-2022-01106,2022-01-05,Transportes Rápidos S.A.,,Marketing,IT,Panama,Time & Materials,2022.0
LC-2023-01107,2023-01-29,Ferremax Industrial,75760.22,Professional Services,Legal,Panama,Framework Agreement,2023.0
LC-2023-01108,2023-08-03,Grupo Logístico del Istmo,10258.9,Maintenance & Repair,Operations,Panama,Spot Purchase,2023.0
LC-2023-01109,2023-10-13,Seguridad Total Corp,1928.21,IT & Technology,Sales,USA,Spot Purchase,2023.0
LC-2022-01110,2022-02-05,Energía Renovable S.A.,86772.67,Catering & Food,IT,Panama,Spot Purchase,2022.0
LC-2023-01111,2023-11-29,Distribuidora Global S.A.,28887.99,IT & Technology,HR,Panama,Spot Purchase,2023.0
LC-2022-01112,2022-04-05,DataCenter Solutions,6810.01,Medical Supplies,HR,Panama,Fixed Price,2022.0
LC-2023-01113,2023-03-10,Cleaning Pro Services,18125.98,Catering & Food,Finance,USA,Time & Materials,2023.0
LC-2023-01114,2023-08-24,Ferremax Industrial,65829.17,Professional Services,Marketing,Colombia,Spot Purchase,2023.0
LC-2022-01115,2022-05-27,Papelería y Más,6158.75,Uniforms & PPE,Finance,Panama,Framework Agreement,2022.0
LC-2022-01116,2022-01-02,Transportes Rápidos S.A.,8496.77,Marketing,Operations,Panama,Spot Purchase,2022.0
LC-2022-01117,2022-06-24,Grupo Logístico del Istmo,500000.0,Maintenance & Repair,Logistics,Costa Rica,Spot Purchase,2022.0
LC-2023-01118,2023-08-04,Ferremax Industrial,33889.4,Professional Services,Marketing,Panama,Spot Purchase,2023.0
LC-2023-01119,2023-03-28,TechSupplies Panama,46226.98,Office Supplies,IT,Panama,Spot Purchase,2023.0
LC-2022-01120,2022-05-08,TechSupplies Panama,128128.03,Office Supplies,Logistics,Panama,Spot Purchase,2022.0
LC-2022-01121,2022-09-30,FERREMAX INDUSTRIAL,136848.69,Professional Services,Finance,Panama,Fixed Price,2022.0
LC-2023-01122,2023-01-20,Suministros Médicos del Sur,29159.77,Uniforms & PPE,Finance,Panama,Fixed Price,2023.0
LC-2023-01123,2023-09-11,Energía Renovable S.A.,12811.46,Catering & Food,Procurement,Costa Rica,Framework Agreement,2023.0
LC-2023-01124,2023-01-23,Suministros Médicos del Sur,884.92,Uniforms & PPE,IT,Panama,Spot Purchase,2023.0
LC-2022-01125,2022-05-23,Mantenimiento Integral,,Office Supplies,Operations,Panama,Spot Purchase,2022.0
LC-2023-01126,2023-09-26,Consultoría Estratégica,880.49,Medical Supplies,IT,Panama,Spot Purchase,2023.0
LC-2022-01127,2022-01-18,DataCenter Solutions,7738.42,Medical Supplies,Operations,Colombia,Framework Agreement,2022.0
LC-2023-01128,2023-02-14,Papelería y Más,1585.39,Uniforms & PPE,Procurement,Panama,Spot Purchase,2023.0
LC-2023-01129,2023-01-30,Energía Renovable S.A.,4463.96,Catering & Food,Procurement,Colombia,Fixed Price,2023.0
LC-2022-01130,2022-05-11,MedEquip Latinoamerica,8047.72,Security,Administration,Costa Rica,Fixed Price,2022.0
LC-2022-01131,2022-04-29,Suministros Médicos del Sur,7958.82,Uniforms & PPE,Procurement,Panama,Spot Purchase,2022.0
LC-2022-01132,2022-01-30,TechSupplies Panama,60252.84,Office Supplies,Finance,Panama,Spot Purchase,2022.0
LC-2023-01133,2023-11-13,Seguridad Total Corp,55302.14,IT & Technology,IT,Costa Rica,Framework Agreement,2023.0
LC-2022-01134,2022-04-03,Distribuidora Global S.A.,62582.51,IT & Technology,Marketing,Colombia,Spot Purchase,2022.0
LC-2023-01135,2023-01-22,Cleaning Pro Services,3407.61,Catering & Food,Administration,Panama,Framework Agreement,2023.0
LC-2022-01136,2022-08-17,DataCenter Solutions,20871.31,Medical Supplies,Marketing,Panama,Time & Materials,2022.0
LC-2023-01137,2023-08-10,Oficentro Internacional,151352.16,Logistics & Transport,Administration,Panama,Fixed Price,2023.0
LC-2023-01138,2023-08-28,Cleaning Pro Services,779.45,Catering & Food,Operations,Panama,Fixed Price,2023.0
LC-2023-01139,2023-06-17,Oficentro Internacional,74375.37,Logistics & Transport,Sales,Colombia,Time & Materials,2023.0
LC-2022-01140,2022-10-31,Distribuidora Global S.A.,84238.5,IT & Technology,Procurement,Panama,Time & Materials,2022.0
LC-2023-01141,2023-09-06,Cleaning Pro Services,3145.27,Catering & Food,HR,Costa Rica,Fixed Price,2023.0
LC-2023-01142,2023-05-22,Oficentro Internacional,189254.54,Logistics & Transport,Administration,USA,Time & Materials,2023.0
LC-2022-01143,2022-08-19,Mantenimiento Integral,3924.2,Office Supplies,HR,Costa Rica,Time & Materials,2022.0
LC-2022-01144,2022-11-03,TechSupplies Panama,42221.79,Office Supplies,Procurement,Costa Rica,Spot Purchase,2022.0
LC-2023-01145,2023-03-09,Suministros Médicos del Sur,3791.03,Uniforms & PPE,Marketing,Panama,Framework Agreement,2023.0
LC-2022-01146,2022-10-17,Grupo Logístico del Istmo,37000.8,Maintenance & Repair,Marketing,Costa Rica,Framework Agreement,2022.0
LC-2023-01147,2023-12-28,Grupo Logístico del Istmo,9744.61,Maintenance & Repair,HR,Panama,Fixed Price,2023.0
LC-2022-01148,2022-08-03,Ferremax Industrial,6450.67,Professional Services,Procurement,Panama,Time & Materials,2022.0
LC-2023-01149,2023-01-21,Distribuidora Global S.A.,246078.55,IT & Technology,Administration,Panama,Time & Materials,2023.0
LC-2022-01150,2022-07-03,Energía Renovable S.A.,1379.61,Catering & Food,Finance,Panama,Spot Purchase,2022.0
LC-2022-01151,2022-09-08,Oficentro Internacional,11051.59,Logistics & Transport,Legal,Panama,Spot Purchase,2022.0
LC-2023-01152,2023-12-10,Transportes Rápidos S.A.,194.4,Marketing,HR,Colombia,Spot Purchase,2023.0
LC-2023-01153,2023-01-12,Ferremax Industrial,,Professional Services,Legal,Panama,Spot Purchase,2023.0
LC-2023-01154,2023-08-24,DataCenter Solutions,675.44,Medical Supplies,Marketing,Panama,Fixed Price,2023.0
LC-2023-01155,2023-05-11,Papelería y Más,57700.59,Uniforms & PPE,Administration,Panama,Spot Purchase,2023.0
LC-2023-01156,2023-02-20,DISTRIBUIDORA GLOBAL S.A.,122000.51,IT & Technology,Sales,Panama,Time & Materials,2023.0
LC-2023-01157,2023-06-16,MedEquip Latinoamerica,1750.71,Security,Marketing,USA,Fixed Price,2023.0
LC-2022-01158,,DataCenter Solutions,144156.34,Medical Supplies,IT,Colombia,Fixed Price,
LC-2022-01159,2022-05-12,Ferremax Industrial,117962.09,Professional Services,Sales,Panama,Fixed Price,2022.0
LC-2023-01160,2023-06-03,Oficentro Internacional,24592.64,Logistics & Transport,Operations,Panama,Fixed Price,2023.0
LC-2022-01161,2022-02-17,Publicidad Digital LATAM,115.69,Marketing,Operations,Panama,Framework Agreement,2022.0
LC-2023-01162,2023-12-13,DataCenter Solutions,152728.0,Medical Supplies,Procurement,Panama,Spot Purchase,2023.0
LC-2023-01163,2023-11-10,Cleaning Pro Services,611.33,Catering & Food,Marketing,Panama,Fixed Price,2023.0
LC-2023-01164,2023-08-29,Oficentro Internacional,5041.82,Logistics & Transport,IT,Panama,Time & Materials,2023.0
LC-2023-01165,2023-10-28,Distribuidora Global S.A.,123881.97,IT & Technology,Logistics,Panama,Spot Purchase,2023.0
LC-2023-01166,2023-07-03,Oficentro Internacional,500000.0,Logistics & Transport,Legal,Colombia,Time & Materials,2023.0
LC-2023-01167,2023-08-01,DataCenter Solutions,39199.11,Medical Supplies,IT,Costa Rica,Framework Agreement,2023.0
LC-2023-01168,2023-01-24,Grupo Logístico del Istmo,,Maintenance & Repair,HR,Panama,Spot Purchase,2023.0
LC-2022-01169,2022-03-09,Distribuidora Global S.A.,74139.61,IT & Technology,Finance,Colombia,Spot Purchase,2022.0
LC-2022-01170,2022-01-11,Seguridad Total Corp,17678.83,IT & Technology,HR,Panama,Framework Agreement,2022.0
LC-2023-01171,2023-08-26,Consultoría Estratégica,15342.67,Medical Supplies,Finance,Panama,Framework Agreement,2023.0
LC-2023-01172,2023-09-15,Transportes Rápidos S.A.,7493.47,Marketing,Logistics,USA,Framework Agreement,2023.0
LC-2023-01173,2023-05-04,Papelería y Más,5746.24,Uniforms & PPE,HR,Panama,Spot Purchase,2023.0
LC-2023-01174,2023-08-05,Transportes Rápidos S.A.,4474.32,Marketing,HR,Panama,Spot Purchase,2023.0
LC-2023-01175,2023-12-25,Publicidad Digital LATAM,1586.13,Marketing,IT,Colombia,Spot Purchase,2023.0
LC-2023-01176,2023-06-18,Ferremax Industrial,25930.88,Professional Services,Logistics,Panama,Spot Purchase,2023.0
LC-2022-01177,2022-11-17,Oficentro Internacional,4762.14,Logistics & Transport,Finance,Panama,Spot Purchase,2022.0
LC-2022-01178,2022-03-28,TechSupplies Panama,32273.2,Office Supplies,Finance,Panama,Fixed Price,2022.0
LC-2023-01179,2023-05-07,IT Solutions Group,1115.56,Maintenance & Repair,Legal,Colombia,Time & Materials,2023.0
LC-2023-01180,,MedEquip Latinoamerica,938.81,Security,Finance,Panama,Fixed Price,
LC-2022-01181,2022-09-08,Grupo Logístico del Istmo,45065.53,Maintenance & Repair,Marketing,Costa Rica,Framework Agreement,2022.0
LC-2023-01182,2023-09-14,Suministros Médicos del Sur,39656.23,Uniforms & PPE,Marketing,Colombia,Fixed Price,2023.0
LC-2023-01183,2023-01-11,Seguridad Total Corp,19486.46,IT & Technology,IT,Panama,Fixed Price,2023.0
LC-2022-01184,2022-04-26,Grupo Logístico del Istmo,5515.95,Maintenance & Repair,Legal,Panama,Framework Agreement,2022.0
LC-2023-01185,2023-05-10,IT Solutions Group,1113.83,Maintenance & Repair,Finance,Panama,Framework Agreement,2023.0
LC-2023-01186,2023-04-20,MedEquip Latinoamerica,20153.97,Security,IT,Panama,Fixed Price,2023.0
LC-2022-01187,2022-12-29,Distribuidora Global S.A.,11170.32,IT & Technology,Procurement,Panama,Framework Agreement,2022.0
LC-2023-01188,2023-05-19,Grupo Logístico del Istmo,27734.72,Maintenance & Repair,Operations,Panama,Spot Purchase,2023.0
LC-2023-01189,2023-11-04,Grupo Logístico del Istmo,70267.35,Maintenance & Repair,Procurement,Panama,Time & Materials,2023.0
LC-2022-01190,2022-04-22,Grupo Logístico del Istmo,11361.51,Maintenance & Repair,HR,USA,Framework Agreement,2022.0
LC-2023-01191,2023-12-28,Distribuidora Global S.A.,41210.59,IT & Technology,Legal,Panama,Framework Agreement,2023.0
LC-2023-01192,2023-11-14,Grupo Logístico del Istmo,7325.89,Maintenance & Repair,Sales,Panama,Time & Materials,2023.0
LC-2023-01193,2023-11-30,Oficentro Internacional,17647.67,Logistics & Transport,Legal,USA,Spot Purchase,2023.0
LC-2022-01194,2022-05-15,Uniforms & Workwear Co.,7940.03,Professional Services,Marketing,Costa Rica,Spot Purchase,2022.0
LC-2022-01195,2022-02-23,TechSupplies Panama,5369.06,Office Supplies,Marketing,Panama,Time & Materials,2022.0
LC-2022-01196,2022-10-16,Papelería y Más,9515.83,Uniforms & PPE,Legal,USA,Framework Agreement,2022.0
LC-2022-01197,2022-10-15,TechSupplies Panama,35469.72,Office Supplies,Marketing,Panama,Time & Materials,2022.0
LC-2023-01198,2023-12-25,TechSupplies Panama,70473.21,Office Supplies,Legal,Panama,Spot Purchase,2023.0
LC-2022-01199,2022-08-23,Cleaning Pro Services,6876.54,Catering & Food,IT,USA,Time & Materials,2022.0
LC-2023-01200,2023-09-24,TechSupplies Panama,186645.9,Office Supplies,HR,Panama,Fixed Price,2023.0
LC-2023-01201,2023-03-13,MedEquip Latinoamerica,5930.34,Security,IT,Panama,Framework Agreement,2023.0
LC-2022-01202,2022-12-26,Oficentro Internacional,21692.32,Logistics & Transport,Logistics,Panama,Framework Agreement,2022.0
LC-2022-01203,2022-08-06,TechSupplies Panama,42055.99,Office Supplies,Operations,Panama,Framework Agreement,2022.0
LC-2022-01204,,Grupo Logístico del Istmo,69700.14,Maintenance & Repair,Logistics,USA,Framework Agreement,
LC-2023-01205,2023-01-06,MedEquip Latinoamerica,5288.5,Security,HR,Panama,Framework Agreement,2023.0
LC-2022-01206,2022-03-31,TechSupplies Panama,38128.22,Office Supplies,Logistics,Panama,Spot Purchase,2022.0
LC-2022-01207,2022-07-17,Distribuidora Global S.A.,15640.36,IT & Technology,Administration,Colombia,Time & Materials,2022.0
LC-2022-01208,2022-07-26,MedEquip Latinoamerica,1818.28,Security,Sales,Panama,Spot Purchase,2022.0
LC-2023-01209,2023-01-10,Grupo Logístico del Istmo,6747.14,Maintenance & Repair,Logistics,Mexico,Framework Agreement,2023.0
LC-2022-01210,2022-06-20,Distribuidora Global S.A.,296407.98,IT & Technology,Legal,USA,Fixed Price,2022.0
LC-2023-01211,2023-02-12,Distribuidora Global S.A.,8162.98,IT & Technology,Administration,Panama,Time & Materials,2023.0
LC-2023-01212,2023-07-30,Distribuidora Global S.A.,15811.83,IT & Technology,Procurement,Costa Rica,Spot Purchase,2023.0
LC-2023-01213,2023-08-30,TechSupplies Panama,15335.28,Office Supplies,HR,USA,Time & Materials,2023.0
LC-2022-01214,2022-08-14,Ferremax Industrial,106288.17,Professional Services,Marketing,Panama,Framework Agreement,2022.0
LC-2022-01215,2022-02-10,TechSupplies Panama,25490.48,Office Supplies,Marketing,Panama,Framework Agreement,2022.0
LC-2022-01216,2022-08-04,DISTRIBUIDORA GLOBAL S.A.,162314.4,IT & Technology,Operations,Colombia,Time & Materials,2022.0
LC-2023-01217,2023-12-24,Cleaning Pro Services,1789.63,Catering & Food,Sales,Panama,Fixed Price,2023.0
LC-2023-01218,2023-10-03,Uniforms & Workwear Co.,7468.81,Professional Services,Logistics,Panama,Fixed Price,2023.0
LC-2023-01219,2023-07-05,Publicidad Digital LATAM,1403.86,Marketing,HR,Panama,Fixed Price,2023.0
LC-2023-01220,2023-10-04,Cleaning Pro Services,122727.74,Catering & Food,Legal,Colombia,Framework Agreement,2023.0
LC-2022-01221,2022-06-09,TechSupplies Panama,8733.15,Office Supplies,Logistics,Panama,Spot Purchase,2022.0
LC-2022-01222,2022-07-05,TechSupplies Panama,52669.13,Office Supplies,Procurement,Panama,Spot Purchase,2022.0
LC-2022-01223,2022-01-22,MedEquip Latinoamerica,12716.62,Security,HR,Colombia,Framework Agreement,2022.0
LC-2022-01224,2022-03-15,Transportes Rápidos S.A.,9142.59,Marketing,IT,Panama,Time & Materials,2022.0
LC-2023-01225,2023-09-10,Grupo Logístico del Istmo,29075.61,Maintenance & Repair,Marketing,Panama,Fixed Price,2023.0
LC-2022-01226,2022-03-27,Distribuidora Global S.A.,31076.75,IT & Technology,Operations,Panama,Time & Materials,2022.0
LC-2023-01227,2023-12-26,Seguridad Total Corp,5248.6,IT & Technology,Operations,Panama,Framework Agreement,2023.0
LC-2023-01228,2023-05-06,Uniforms & Workwear Co.,3942.21,Professional Services,HR,Panama,Framework Agreement,2023.0
LC-2022-01229,2022-04-16,DataCenter Solutions,20864.8,Medical Supplies,Finance,Panama,Fixed Price,2022.0
LC-2022-01230,2022-08-21,Grupo Logístico del Istmo,500000.0,Maintenance & Repair,Operations,Panama,Fixed Price,2022.0
LC-2023-01231,2023-05-19,TechSupplies Panama,18601.73,Office Supplies,Legal,Colombia,Fixed Price,2023.0
LC-2022-01232,2022-05-02,Consultoría Estratégica,629.73,Medical Supplies,Sales,Panama,Framework Agreement,2022.0
LC-2023-01233,2023-06-28,Distribuidora Global S.A.,32665.07,IT & Technology,HR,Panama,Spot Purchase,2023.0
LC-2022-01234,2022-12-23,Uniforms & Workwear Co.,235523.04,Professional Services,Logistics,USA,Framework Agreement,2022.0
LC-2022-01235,2022-01-03,Grupo Logístico del Istmo,13843.77,Maintenance & Repair,Logistics,Costa Rica,Fixed Price,2022.0
LC-2023-01236,2023-05-05,TechSupplies Panama,259611.14,Office Supplies,HR,Panama,Spot Purchase,2023.0
LC-2022-01237,2022-05-11,Papelería y Más,60873.38,Uniforms & PPE,HR,Panama,Framework Agreement,2022.0
LC-2022-01238,2022-05-22,Grupo Logístico del Istmo,18689.07,Maintenance & Repair,Legal,USA,Framework Agreement,2022.0
LC-2023-01239,2023-06-30,Grupo Logístico del Istmo,71881.89,Maintenance & Repair,Procurement,USA,Spot Purchase,2023.0
LC-2023-01240,2023-12-21,Transportes Rápidos S.A.,56533.85,Marketing,Marketing,USA,Time & Materials,2023.0
LC-2022-01241,2022-05-17,IT Solutions Group,2783.07,Maintenance & Repair,Sales,USA,Spot Purchase,2022.0
LC-2022-01242,2022-05-28,Catering Express Panama,3621.45,Logistics & Transport,HR,Panama,Spot Purchase,2022.0
LC-2022-01243,2022-05-22,Grupo Logístico del Istmo,18069.54,Maintenance & Repair,IT,Panama,Fixed Price,2022.0
LC-2023-01244,2023-12-20,Papelería y Más,1072.63,Uniforms & PPE,Legal,Panama,Fixed Price,2023.0
LC-2023-01245,,Cleaning Pro Services,1855.82,Catering & Food,HR,Panama,Time & Materials,
LC-2023-01246,2023-04-27,Catering Express Panama,783.75,Logistics & Transport,Legal,Panama,Time & Materials,2023.0
LC-2023-01247,2023-03-31,Oficentro Internacional,37831.61,Logistics & Transport,Legal,Costa Rica,Framework Agreement,2023.0
LC-2023-01248,2023-05-31,TechSupplies Panama,14415.11,Office Supplies,Operations,USA,Time & Materials,2023.0
LC-2023-01249,2023-08-09,Consultoría Estratégica,6979.13,Medical Supplies,Procurement,USA,Framework Agreement,2023.0
LC-2022-01250,2022-05-09,TechSupplies Panama,5613.47,Office Supplies,Finance,USA,Spot Purchase,2022.0
LC-2023-01251,2023-12-11,Grupo Logístico del Istmo,54017.12,Maintenance & Repair,Marketing,USA,Fixed Price,2023.0
LC-2023-01252,2023-10-25,Catering Express Panama,17159.26,Logistics & Transport,HR,Panama,Framework Agreement,2023.0
LC-2022-01253,2022-10-16,Grupo Logístico del Istmo,3319.33,Maintenance & Repair,Sales,Panama,Time & Materials,2022.0
LC-2023-01254,2023-10-16,Distribuidora Global S.A.,56889.6,IT & Technology,Logistics,Panama,Time & Materials,2023.0
LC-2022-01255,2022-02-16,Cleaning Pro Services,30992.59,Catering & Food,Operations,USA,Spot Purchase,2022.0
LC-2022-01256,2022-11-19,Publicidad Digital LATAM,800.74,Marketing,Logistics,Panama,Time & Materials,2022.0
LC-2023-01257,2023-05-31,Transportes Rápidos S.A.,60406.9,Marketing,Finance,Panama,Spot Purchase,2023.0
LC-2022-01258,2022-10-25,Cleaning Pro Services,9214.45,Catering & Food,Legal,USA,Fixed Price,2022.0
LC-2022-01259,2022-06-14,Cleaning Pro Services,1706.98,Catering & Food,IT,Panama,Time & Materials,2022.0
LC-2023-01260,2023-04-04,Cleaning Pro Services,4520.36,Catering & Food,Marketing,Mexico,Framework Agreement,2023.0
LC-2022-01261,2022-09-02,IT Solutions Group,11355.87,Maintenance & Repair,Legal,Panama,Spot Purchase,2022.0
LC-2022-01262,2022-05-27,TechSupplies Panama,39783.46,Office Supplies,Procurement,Panama,Fixed Price,2022.0
LC-2023-01263,2023-04-11,Mantenimiento Integral,11027.35,Office Supplies,Finance,USA,Fixed Price,2023.0
LC-2022-01264,2022-03-14,Oficentro Internacional,12030.4,Logistics & Transport,Sales,Panama,Fixed Price,2022.0
LC-2023-01265,2023-10-28,Ferremax Industrial,44499.49,Professional Services,Logistics,Mexico,Spot Purchase,2023.0
LC-2023-01266,2023-02-23,Ferremax Industrial,6657.79,Professional Services,Sales,Panama,Spot Purchase,2023.0
LC-2022-01267,2022-03-27,Grupo Logístico del Istmo,31777.98,Maintenance & Repair,Administration,Panama,Framework Agreement,2022.0
LC-2022-01268,2022-09-08,IT Solutions Group,1266.66,Maintenance & Repair,Operations,USA,Fixed Price,2022.0
LC-2022-01269,2022-03-16,Distribuidora Global S.A.,15023.4,IT & Technology,Legal,Panama,Spot Purchase,2022.0
LC-2022-01270,2022-04-22,Grupo Logístico del Istmo,160061.25,Maintenance & Repair,Procurement,Colombia,Spot Purchase,2022.0
LC-2022-01271,2022-12-03,FleetCars Panama,25259.69,Security,Legal,Panama,Spot Purchase,2022.0
LC-2023-01272,2023-04-11,TechSupplies Panama,75430.41,Office Supplies,Procurement,Panama,Framework Agreement,2023.0
LC-2023-01273,2023-09-08,DataCenter Solutions,954.83,Medical Supplies,Sales,USA,Fixed Price,2023.0
LC-2022-01274,2022-08-05,Seguridad Total Corp,3057.61,IT & Technology,Procurement,Panama,Fixed Price,2022.0
LC-2022-01275,2022-03-12,Oficentro Internacional,155704.81,Logistics & Transport,HR,Panama,Time & Materials,2022.0
LC-2023-01276,2023-11-17,Ferremax Industrial,43047.54,Professional Services,Legal,USA,Time & Materials,2023.0
LC-2022-01277,2022-06-18,Uniforms & Workwear Co.,159371.67,Professional Services,Legal,Panama,Framework Agreement,2022.0
LC-2022-01278,2022-12-30,MedEquip Latinoamerica,8865.98,Security,HR,Colombia,Spot Purchase,2022.0
LC-2023-01279,2023-11-15,MedEquip Latinoamerica,6555.59,Security,Administration,Panama,Fixed Price,2023.0
LC-2023-01280,2023-04-15,Catering Express Panama,3091.23,Logistics & Transport,Sales,Panama,Time & Materials,2023.0
LC-2023-01281,2023-04-07,Seguridad Total Corp,6004.78,IT & Technology,Legal,Panama,Fixed Price,2023.0
LC-2022-01282,2022-08-12,DataCenter Solutions,3910.01,Medical Supplies,Administration,Panama,Fixed Price,2022.0
LC-2022-01283,2022-12-23,Seguridad Total Corp,14216.56,IT & Technology,Administration,Panama,Time & Materials,2022.0
LC-2022-01284,2022-11-06,Consultoría Estratégica,20641.39,Medical Supplies,Sales,Panama,Fixed Price,2022.0
LC-2022-01285,2022-12-27,Transportes Rápidos S.A.,1511.74,Marketing,Procurement,Panama,Spot Purchase,2022.0
LC-2023-01286,2023-03-15,Seguridad Total Corp,667.24,IT & Technology,Finance,Panama,Spot Purchase,2023.0
LC-2023-01287,2023-10-12,Grupo Logístico del Istmo,4010.03,Maintenance & Repair,Logistics,Colombia,Spot Purchase,2023.0
LC-2023-01288,2023-10-28,IT Solutions Group,,Maintenance & Repair,Finance,Panama,Fixed Price,2023.0
LC-2023-01289,2023-10-11,Papelería y Más,939.13,Uniforms & PPE,Administration,USA,Fixed Price,2023.0
LC-2023-01290,2023-04-11,Oficentro Internacional,2742.24,Logistics & Transport,Legal,Panama,Time & Materials,2023.0
LC-2023-01291,,Consultoría Estratégica,8803.18,Medical Supplies,Sales,Panama,Spot Purchase,
LC-2022-01292,2022-10-02,Grupo Logístico del Istmo,500000.0,Maintenance & Repair,IT,USA,Framework Agreement,2022.0
LC-2022-01293,2022-01-05,Mantenimiento Integral,4870.22,Office Supplies,Legal,Colombia,Time & Materials,2022.0
LC-2022-01294,2022-12-10,TechSupplies Panama,99328.61,Office Supplies,Sales,USA,Framework Agreement,2022.0
LC-2022-01295,2022-02-22,MedEquip Latinoamerica,5556.61,Security,Legal,Panama,Spot Purchase,2022.0
LC-2023-01296,2023-06-14,DataCenter Solutions,4237.23,Medical Supplies,HR,Panama,Framework Agreement,2023.0
LC-2023-01297,2023-10-05,Distribuidora Global S.A.,109413.74,IT & Technology,Finance,Colombia,Spot Purchase,2023.0
LC-2023-01298,2023-03-24,Oficentro Internacional,,Logistics & Transport,Finance,Panama,Fixed Price,2023.0
LC-2022-01299,2022-01-26,Cleaning Pro Services,7339.96,Catering & Food,Marketing,Panama,Spot Purchase,2022.0
LC-2023-01300,2023-10-31,DataCenter Solutions,7962.89,Medical Supplies,Sales,Panama,Time & Materials,2023.0
LC-2023-01301,2023-11-07,TechSupplies Panama,16289.75,Office Supplies,Legal,Mexico,Framework Agreement,2023.0
LC-2023-01302,2023-04-16,Distribuidora Global S.A.,119425.83,IT & Technology,Administration,Panama,Fixed Price,2023.0
LC-2023-01303,2023-05-22,Oficentro Internacional,29438.2,Logistics & Transport,HR,Panama,Fixed Price,2023.0
LC-2023-01304,2023-05-14,Distribuidora Global S.A.,14663.34,IT & Technology,Operations,Panama,Fixed Price,2023.0
LC-2022-01305,2022-06-14,GRUPO LOGÍSTICO DEL ISTMO,69134.68,Maintenance & Repair,Sales,Colombia,Spot Purchase,2022.0
LC-2022-01306,2022-12-18,MedEquip Latinoamerica,1277.04,Security,Administration,Panama,Fixed Price,2022.0
LC-2022-01307,2022-05-05,MedEquip Latinoamerica,5126.98,Security,HR,USA,Framework Agreement,2022.0
LC-2022-01308,2022-04-28,Ferremax Industrial,35920.28,Professional Services,HR,Panama,Framework Agreement,2022.0
LC-2023-01309,2023-05-09,Distribuidora Global S.A.,133662.69,IT & Technology,HR,Panama,Framework Agreement,2023.0
LC-2023-01310,2023-03-23,DataCenter Solutions,10017.08,Medical Supplies,Procurement,Costa Rica,Spot Purchase,2023.0
LC-2023-01311,2023-08-21,TechSupplies Panama,35241.08,Office Supplies,Logistics,Panama,Fixed Price,2023.0
LC-2023-01312,2023-03-10,TechSupplies Panama,96888.83,Office Supplies,Procurement,Panama,Spot Purchase,2023.0
LC-2023-01313,2023-08-04,Distribuidora Global S.A.,192576.56,IT & Technology,Legal,Panama,Time & Materials,2023.0
LC-2023-01314,2023-08-24,Ferremax Industrial,70924.58,Professional Services,Operations,USA,Framework Agreement,2023.0
LC-2022-01315,2022-01-31,Consultoría Estratégica,4991.69,Medical Supplies,Marketing,Panama,Spot Purchase,2022.0
LC-2023-01316,2023-11-04,TechSupplies Panama,7523.57,Office Supplies,IT,Panama,Time & Materials,2023.0
LC-2022-01317,2022-08-07,Distribuidora Global S.A.,10115.9,IT & Technology,Operations,Costa Rica,Framework Agreement,2022.0
LC-2023-01318,2023-06-24,MedEquip Latinoamerica,3109.33,Security,Legal,Panama,Time & Materials,2023.0
LC-2023-01319,2023-11-30,Consultoría Estratégica,1969.89,Medical Supplies,Finance,USA,Spot Purchase,2023.0
LC-2022-01320,2022-10-09,TechSupplies Panama,29016.92,Office Supplies,Procurement,USA,Fixed Price,2022.0
LC-2022-01321,2022-10-19,Oficentro Internacional,,Logistics & Transport,Legal,Panama,Fixed Price,2022.0
LC-2023-01322,2023-02-17,Distribuidora Global S.A.,68571.43,IT & Technology,Procurement,Panama,Time & Materials,2023.0
LC-2022-01323,2022-04-08,Oficentro Internacional,33369.63,Logistics & Transport,Operations,Panama,Spot Purchase,2022.0
LC-2023-01324,2023-07-24,Oficentro Internacional,65107.95,Logistics & Transport,Sales,Panama,Fixed Price,2023.0
LC-2023-01325,2023-01-18,Oficentro Internacional,39236.76,Logistics & Transport,Procurement,USA,Fixed Price,2023.0
LC-2023-01326,2023-12-06,Catering Express Panama,253.86,Logistics & Transport,HR,Panama,Framework Agreement,2023.0
LC-2023-01327,2023-12-06,Papelería y Más,1201.1,Uniforms & PPE,Sales,USA,Fixed Price,2023.0
LC-2022-01328,2022-12-04,Distribuidora Global S.A.,30549.24,IT & Technology,Logistics,Panama,Framework Agreement,2022.0
LC-2022-01329,2022-05-03,Transportes Rápidos S.A.,800.68,Marketing,HR,USA,Spot Purchase,2022.0
LC-2023-01330,2023-11-16,Uniforms & Workwear Co.,12087.09,Professional Services,Legal,Colombia,Spot Purchase,2023.0
LC-2022-01331,2022-08-20,DataCenter Solutions,48831.27,Medical Supplies,Logistics,Panama,Spot Purchase,2022.0
LC-2023-01332,2023-12-13,Grupo Logístico del Istmo,156766.74,Maintenance & Repair,IT,Colombia,Time & Materials,2023.0
LC-2022-01333,2022-07-12,Distribuidora Global S.A.,28109.66,IT & Technology,IT,Panama,Spot Purchase,2022.0
LC-2023-01334,2023-12-27,Seguridad Total Corp,45985.86,IT & Technology,Marketing,Panama,Framework Agreement,2023.0
LC-2023-01335,2023-04-09,FleetCars Panama,6142.59,Security,IT,Panama,Spot Purchase,2023.0
LC-2023-01336,2023-12-04,TechSupplies Panama,24233.64,Office Supplies,Logistics,Panama,Time & Materials,2023.0
LC-2022-01337,2022-09-04,TechSupplies Panama,,Office Supplies,Finance,Costa Rica,Fixed Price,2022.0
LC-2022-01338,2022-09-29,Ferremax Industrial,25261.49,Professional Services,Marketing,Panama,Framework Agreement,2022.0
LC-2023-01339,2023-06-05,TechSupplies Panama,22792.52,Office Supplies,Legal,USA,Spot Purchase,2023.0
LC-2022-01340,2022-07-18,Distribuidora Global S.A.,44555.88,IT & Technology,Legal,Costa Rica,Spot Purchase,2022.0
LC-2022-01341,2022-04-22,MedEquip Latinoamerica,6253.28,Security,Procurement,USA,Spot Purchase,2022.0
LC-2022-01342,2022-09-02,TechSupplies Panama,36448.49,Office Supplies,Operations,Panama,Framework Agreement,2022.0
LC-2022-01343,2022-04-14,Cleaning Pro Services,9465.48,Catering & Food,Legal,Panama,Spot Purchase,2022.0
LC-2023-01344,2023-10-15,Ferremax Industrial,151565.86,Professional Services,HR,Panama,Framework Agreement,2023.0
LC-2022-01345,2022-11-09,Distribuidora Global S.A.,113489.43,IT & Technology,Marketing,Colombia,Spot Purchase,2022.0
LC-2023-01346,2023-04-12,TRANSPORTES RÁPIDOS S.A.,529.88,Marketing,HR,Panama,Framework Agreement,2023.0
LC-2022-01347,2022-06-24,Oficentro Internacional,1694.76,Logistics & Transport,HR,Panama,Fixed Price,2022.0
LC-2022-01348,2022-09-11,Publicidad Digital LATAM,19959.89,Marketing,Administration,Panama,Spot Purchase,2022.0
LC-2022-01349,2022-05-31,Transportes Rápidos S.A.,632.5,Marketing,Logistics,Panama,Time & Materials,2022.0
LC-2023-01350,2023-07-13,Oficentro Internacional,27730.32,Logistics & Transport,Procurement,Costa Rica,Framework Agreement,2023.0
LC-2023-01351,2023-06-15,Distribuidora Global S.A.,8918.33,IT & Technology,Sales,Panama,Framework Agreement,2023.0
LC-2022-01352,2022-06-01,Cleaning Pro Services,329.32,Catering & Food,Finance,Panama,Fixed Price,2022.0
LC-2023-01353,2023-08-15,TechSupplies Panama,69546.81,Office Supplies,Procurement,Panama,Time & Materials,2023.0
LC-2022-01354,2022-10-08,Papelería y Más,15347.88,Uniforms & PPE,IT,Panama,Fixed Price,2022.0
LC-2023-01355,2023-11-27,Ferremax Industrial,18182.0,Professional Services,Marketing,Panama,Framework Agreement,2023.0
LC-2022-01356,2022-02-12,Consultoría Estratégica,100.83,Medical Supplies,Logistics,Panama,Time & Materials,2022.0
LC-2022-01357,2022-10-23,DISTRIBUIDORA GLOBAL S.A.,18854.5,IT & Technology,Procurement,USA,Framework Agreement,2022.0
LC-2023-01358,2023-10-01,TechSupplies Panama,58114.17,Office Supplies,HR,USA,Framework Agreement,2023.0
LC-2022-01359,2022-02-11,Distribuidora Global S.A.,6156.76,IT & Technology,Logistics,Panama,Spot Purchase,2022.0
LC-2023-01360,2023-11-08,Ferremax Industrial,45253.35,Professional Services,Operations,Panama,Framework Agreement,2023.0
LC-2022-01361,2022-03-30,Uniforms & Workwear Co.,4803.19,Professional Services,Marketing,Colombia,Time & Materials,2022.0
LC-2022-01362,2022-02-02,Grupo Logístico del Istmo,72776.6,Maintenance & Repair,Finance,Panama,Time & Materials,2022.0
LC-2022-01363,2022-09-25,DataCenter Solutions,5880.34,Medical Supplies,Legal,Panama,Fixed Price,2022.0
LC-2023-01364,2023-12-01,Grupo Logístico del Istmo,11297.28,Maintenance & Repair,Sales,USA,Time & Materials,2023.0
LC-2023-01365,2023-08-04,TechSupplies Panama,152647.38,Office Supplies,Logistics,Panama,Framework Agreement,2023.0
LC-2023-01366,2023-06-24,Seguridad Total Corp,3874.63,IT & Technology,Legal,Panama,Time & Materials,2023.0
LC-2023-01367,2023-04-23,Transportes Rápidos S.A.,4717.54,Marketing,Procurement,Panama,Spot Purchase,2023.0
LC-2023-01368,2023-09-22,MedEquip Latinoamerica,1212.09,Security,Legal,Panama,Time & Materials,2023.0
LC-2022-01369,2022-02-24,Grupo Logístico del Istmo,21334.08,Maintenance & Repair,Administration,USA,Framework Agreement,2022.0
LC-2022-01370,2022-03-28,Distribuidora Global S.A.,12559.55,IT & Technology,Marketing,Panama,Fixed Price,2022.0
LC-2023-01371,2023-12-09,Oficentro Internacional,29509.42,Logistics & Transport,Finance,Panama,Spot Purchase,2023.0
LC-2023-01372,2023-06-13,Transportes Rápidos S.A.,64059.19,Marketing,Operations,Colombia,Time & Materials,2023.0
LC-2022-01373,2022-01-07,TechSupplies Panama,7000.37,Office Supplies,HR,Panama,Framework Agreement,2022.0
LC-2023-01374,2023-06-17,Distribuidora Global S.A.,5238.16,IT & Technology,HR,USA,Fixed Price,2023.0
LC-2022-01375,2022-05-05,Catering Express Panama,44656.52,Logistics & Transport,Procurement,Panama,Fixed Price,2022.0
LC-2023-01376,2023-11-05,TechSupplies Panama,28248.95,Office Supplies,Marketing,Panama,Spot Purchase,2023.0
LC-2023-01377,2023-05-03,TechSupplies Panama,16270.56,Office Supplies,IT,Panama,Time & Materials,2023.0
LC-2023-01378,2023-02-05,Cleaning Pro Services,23385.16,Catering & Food,Sales,Colombia,Framework Agreement,2023.0
LC-2023-01379,2023-04-14,Mantenimiento Integral,1981.44,Office Supplies,HR,Panama,Framework Agreement,2023.0
LC-2022-01380,2022-12-30,Distribuidora Global S.A.,324880.16,IT & Technology,Administration,Panama,Fixed Price,2022.0
LC-2022-01381,2022-12-24,Oficentro Internacional,81921.03,Logistics & Transport,HR,Panama,Time & Materials,2022.0
LC-2023-01382,2023-04-16,TechSupplies Panama,20221.59,Office Supplies,HR,Panama,Framework Agreement,2023.0
LC-2023-01383,2023-10-23,Seguridad Total Corp,124986.66,IT & Technology,Logistics,Panama,Fixed Price,2023.0
LC-2022-01384,2022-05-13,TechSupplies Panama,17555.84,Office Supplies,Marketing,Mexico,Framework Agreement,2022.0
LC-2022-01385,2022-01-31,Cleaning Pro Services,14960.12,Catering & Food,Legal,Panama,Fixed Price,2022.0
LC-2022-01386,2022-08-31,Distribuidora Global S.A.,52007.91,IT & Technology,Procurement,Panama,Time & Materials,2022.0
LC-2023-01387,2023-09-19,Grupo Logístico del Istmo,173180.48,Maintenance & Repair,Legal,Panama,Fixed Price,2023.0
LC-2022-01388,2022-06-28,Ferremax Industrial,236526.0,Professional Services,Sales,USA,Fixed Price,2022.0
LC-2022-01389,2022-07-20,Suministros Médicos del Sur,5156.46,Uniforms & PPE,Administration,USA,Time & Materials,2022.0
LC-2022-01390,2022-03-30,TechSupplies Panama,14704.35,Office Supplies,HR,Panama,Time & Materials,2022.0
LC-2023-01391,2023-02-22,TechSupplies Panama,63067.86,Office Supplies,HR,Panama,Framework Agreement,2023.0
LC-2022-01392,2022-08-01,Transportes Rápidos S.A.,1778.32,Marketing,Marketing,USA,Time & Materials,2022.0
LC-2023-01393,2023-03-26,Cleaning Pro Services,100718.11,Catering & Food,Marketing,Panama,Fixed Price,2023.0
LC-2022-01394,2022-05-01,Distribuidora Global S.A.,42780.7,IT & Technology,Marketing,Panama,Fixed Price,2022.0
LC-2023-01395,2023-12-22,Distribuidora Global S.A.,23426.29,IT & Technology,Logistics,Panama,Spot Purchase,2023.0
LC-2023-01396,2023-06-15,Oficentro Internacional,45325.11,Logistics & Transport,Marketing,USA,Time & Materials,2023.0
LC-2022-01397,2022-09-27,Distribuidora Global S.A.,7211.62,IT & Technology,Finance,USA,Spot Purchase,2022.0
LC-2023-01398,2023-07-15,TechSupplies Panama,11317.02,Office Supplies,Operations,Panama,Time & Materials,2023.0
LC-2022-01399,2022-03-16,FleetCars Panama,29751.08,Security,Operations,Panama,Spot Purchase,2022.0
LC-2023-01400,2023-03-03,Catering Express Panama,1834.74,Logistics & Transport,Operations,Panama,Fixed Price,2023.0
LC-2022-01401,2022-04-17,MedEquip Latinoamerica,1022.12,Security,HR,Panama,Fixed Price,2022.0
LC-2022-01402,2022-02-26,Grupo Logístico del Istmo,,Maintenance & Repair,Logistics,Panama,Fixed Price,2022.0
LC-2023-01403,2023-07-20,Cleaning Pro Services,29101.83,Catering & Food,Legal,Colombia,Fixed Price,2023.0
LC-2022-01404,2022-04-29,Distribuidora Global S.A.,86055.18,IT & Technology,Legal,USA,Time & Materials,2022.0
LC-2022-01405,,Grupo Logístico del Istmo,120001.22,Maintenance & Repair,IT,Panama,Spot Purchase,
LC-2022-01406,2022-01-16,Grupo Logístico del Istmo,14644.88,Maintenance & Repair,Marketing,USA,Fixed Price,2022.0
LC-2022-01407,2022-02-14,Distribuidora Global S.A.,6593.42,IT & Technology,Procurement,Panama,Framework Agreement,2022.0
LC-2023-01408,2023-05-06,Suministros Médicos del Sur,46723.4,Uniforms & PPE,HR,USA,Spot Purchase,2023.0
LC-2022-01409,2022-08-14,Energía Renovable S.A.,3028.98,Catering & Food,IT,USA,Framework Agreement,2022.0
LC-2022-01410,2022-11-23,MedEquip Latinoamerica,3373.65,Security,IT,USA,Framework Agreement,2022.0
LC-2022-01411,2022-03-22,Uniforms & Workwear Co.,36036.63,Professional Services,Administration,USA,Framework Agreement,2022.0
LC-2023-01412,2023-01-17,TechSupplies Panama,70790.21,Office Supplies,Marketing,Panama,Fixed Price,2023.0
LC-2022-01413,2022-04-27,TechSupplies Panama,,Office Supplies,Procurement,Colombia,Spot Purchase,2022.0
LC-2022-01414,2022-10-13,Cleaning Pro Services,126437.52,Catering & Food,Logistics,Panama,Fixed Price,2022.0
LC-2022-01415,2022-07-30,Grupo Logístico del Istmo,16777.23,Maintenance & Repair,Procurement,Panama,Time & Materials,2022.0
LC-2022-01416,2022-01-27,DataCenter Solutions,19766.82,Medical Supplies,Operations,USA,Framework Agreement,2022.0
LC-2022-01417,2022-01-29,Catering Express Panama,5353.57,Logistics & Transport,Logistics,Costa Rica,Time & Materials,2022.0
LC-2023-01418,2023-11-26,Grupo Logístico del Istmo,50126.78,Maintenance & Repair,Operations,Panama,Spot Purchase,2023.0
LC-2022-01419,2022-06-16,Grupo Logístico del Istmo,227330.94,Maintenance & Repair,Administration,Mexico,Framework Agreement,2022.0
LC-2022-01420,2022-03-29,TechSupplies Panama,66796.3,Office Supplies,Operations,Panama,Framework Agreement,2022.0
LC-2023-01421,2023-01-06,Cleaning Pro Services,11019.75,Catering & Food,Operations,USA,Framework Agreement,2023.0
LC-2023-01422,2023-08-06,Seguridad Total Corp,24557.22,IT & Technology,Operations,Panama,Framework Agreement,2023.0
LC-2023-01423,2023-04-23,Ferremax Industrial,23436.66,Professional Services,Operations,Panama,Fixed Price,2023.0
LC-2022-01424,2022-10-11,MedEquip Latinoamerica,1395.75,Security,Legal,Panama,Fixed Price,2022.0
LC-2022-01425,2022-09-23,Ferremax Industrial,10365.4,Professional Services,Logistics,Mexico,Framework Agreement,2022.0
LC-2022-01426,2022-08-27,TechSupplies Panama,3430.19,Office Supplies,Administration,Colombia,Fixed Price,2022.0
LC-2023-01427,2023-07-21,IT Solutions Group,107399.49,Maintenance & Repair,Administration,Panama,Fixed Price,2023.0
LC-2023-01428,2023-07-08,Oficentro Internacional,9663.87,Logistics & Transport,Logistics,Panama,Framework Agreement,2023.0
LC-2022-01429,2022-08-31,Distribuidora Global S.A.,27847.42,IT & Technology,Procurement,Panama,Fixed Price,2022.0
LC-2022-01430,2022-10-17,Transportes Rápidos S.A.,3244.71,Marketing,Finance,Colombia,Spot Purchase,2022.0
LC-2023-01431,2023-04-27,Oficentro Internacional,52516.78,Logistics & Transport,Legal,Colombia,Framework Agreement,2023.0
LC-2022-01432,2022-04-19,Grupo Logístico del Istmo,96653.21,Maintenance & Repair,Logistics,Panama,Fixed Price,2022.0
LC-2022-01433,2022-08-09,Seguridad Total Corp,17866.99,IT & Technology,Marketing,USA,Framework Agreement,2022.0
LC-2023-01434,2023-08-02,TechSupplies Panama,18039.28,Office Supplies,Finance,Panama,Time & Materials,2023.0
LC-2023-01435,2023-09-14,Grupo Logístico del Istmo,29716.39,Maintenance & Repair,Finance,USA,Fixed Price,2023.0
LC-2022-01436,2022-12-03,Oficentro Internacional,50975.27,Logistics & Transport,Administration,Panama,Time & Materials,2022.0
LC-2023-01437,2023-04-01,Ferremax Industrial,26945.47,Professional Services,Finance,Colombia,Time & Materials,2023.0
LC-2023-01438,2023-11-01,Grupo Logístico del Istmo,249899.64,Maintenance & Repair,Marketing,Panama,Framework Agreement,2023.0
LC-2023-01439,2023-02-22,TechSupplies Panama,65458.39,Office Supplies,HR,USA,Time & Materials,2023.0
LC-2022-01440,2022-03-25,Mantenimiento Integral,14799.03,Office Supplies,Sales,Panama,Fixed Price,2022.0
LC-2022-01441,2022-01-16,Ferremax Industrial,80455.34,Professional Services,IT,Panama,Spot Purchase,2022.0
LC-2022-01442,2022-05-10,Transportes Rápidos S.A.,28572.81,Marketing,Procurement,Costa Rica,Fixed Price,2022.0
LC-2023-01443,2023-03-09,TechSupplies Panama,45126.54,Office Supplies,Finance,Panama,Spot Purchase,2023.0
LC-2023-01444,2023-08-29,Transportes Rápidos S.A.,702.57,Marketing,Finance,Panama,Framework Agreement,2023.0
LC-2023-01445,2023-10-08,Distribuidora Global S.A.,58666.58,IT & Technology,Sales,Panama,Spot Purchase,2023.0
LC-2023-01446,2023-08-27,Ferremax Industrial,16620.16,Professional Services,HR,Costa Rica,Time & Materials,2023.0
LC-2023-01447,2023-11-22,Uniforms & Workwear Co.,2224.03,Professional Services,Administration,USA,Framework Agreement,2023.0
LC-2022-01448,2022-08-26,Ferremax Industrial,73396.89,Professional Services,Administration,Panama,Fixed Price,2022.0
LC-2022-01449,2022-10-20,Uniforms & Workwear Co.,31489.98,Professional Services,Administration,USA,Spot Purchase,2022.0
LC-2023-01450,2023-08-12,TechSupplies Panama,37254.42,Office Supplies,IT,Panama,Framework Agreement,2023.0
LC-2023-01451,2023-03-26,TechSupplies Panama,52606.74,Office Supplies,Logistics,Panama,Spot Purchase,2023.0
LC-2022-01452,2022-08-26,Oficentro Internacional,280031.66,Logistics & Transport,Administration,Costa Rica,Fixed Price,2022.0
LC-2023-01453,2023-07-07,Catering Express Panama,7052.45,Logistics & Transport,HR,Panama,Fixed Price,2023.0
LC-2023-01454,2023-08-08,Mantenimiento Integral,243415.39,Office Supplies,Sales,Panama,Framework Agreement,2023.0
LC-2023-01455,2023-04-01,Ferremax Industrial,71582.91,Professional Services,Finance,Costa Rica,Fixed Price,2023.0
LC-2022-01456,2022-12-29,Distribuidora Global S.A.,4390.0,IT & Technology,Logistics,Costa Rica,Fixed Price,2022.0
LC-2022-01457,2022-10-10,Distribuidora Global S.A.,89680.62,IT & Technology,HR,USA,Framework Agreement,2022.0
LC-2022-01458,2022-04-13,Distribuidora Global S.A.,57376.5,IT & Technology,Sales,Panama,Spot Purchase,2022.0
LC-2022-01459,2022-09-09,Catering Express Panama,34017.46,Logistics & Transport,Operations,Colombia,Fixed Price,2022.0
LC-2023-01460,2023-05-12,Transportes Rápidos S.A.,13490.92,Marketing,Logistics,USA,Time & Materials,2023.0
LC-2022-01461,2022-01-04,TechSupplies Panama,30756.38,Office Supplies,Finance,USA,Time & Materials,2022.0
LC-2023-01462,2023-09-21,Transportes Rápidos S.A.,783.33,Marketing,Operations,Panama,Framework Agreement,2023.0
LC-2022-01463,2022-10-27,Ferremax Industrial,28259.14,Professional Services,HR,Panama,Time & Materials,2022.0
LC-2022-01464,2022-04-09,Cleaning Pro Services,1372.27,Catering & Food,Marketing,USA,Framework Agreement,2022.0
LC-2022-01465,2022-09-11,Seguridad Total Corp,2057.43,IT & Technology,Legal,Panama,Framework Agreement,2022.0
LC-2023-01466,2023-12-23,Oficentro Internacional,73592.18,Logistics & Transport,Finance,Panama,Spot Purchase,2023.0
LC-2022-01467,2022-01-30,IT Solutions Group,60165.64,Maintenance & Repair,Administration,Panama,Time & Materials,2022.0
LC-2022-01468,2022-09-25,Seguridad Total Corp,8884.0,IT & Technology,Operations,USA,Framework Agreement,2022.0
LC-2023-01469,2023-05-13,Grupo Logístico del Istmo,8646.76,Maintenance & Repair,Logistics,Panama,Framework Agreement,2023.0
LC-2023-01470,2023-07-03,Oficentro Internacional,61915.34,Logistics & Transport,Legal,Panama,Time & Materials,2023.0
LC-2022-01471,2022-01-22,Cleaning Pro Services,29582.77,Catering & Food,Sales,Panama,Fixed Price,2022.0
LC-2023-01472,2023-06-16,FleetCars Panama,1969.09,Security,Marketing,Panama,Fixed Price,2023.0
LC-2022-01473,2022-10-25,Catering Express Panama,4019.75,Logistics & Transport,Legal,Costa Rica,Time & Materials,2022.0
LC-2022-01474,2022-01-21,TechSupplies Panama,36961.27,Office Supplies,IT,Panama,Fixed Price,2022.0
LC-2022-01475,2022-11-05,Seguridad Total Corp,,IT & Technology,Operations,Panama,Framework Agreement,2022.0
LC-2022-01476,2022-05-15,Distribuidora Global S.A.,79057.96,IT & Technology,Finance,Panama,Spot Purchase,2022.0
LC-2022-01477,2022-01-21,Distribuidora Global S.A.,,IT & Technology,Marketing,Costa Rica,Spot Purchase,2022.0
LC-2023-01478,2023-09-13,TechSupplies Panama,60080.4,Office Supplies,Administration,Panama,Time & Materials,2023.0
LC-2022-01479,2022-07-27,Papelería y Más,1298.24,Uniforms & PPE,Logistics,Panama,Spot Purchase,2022.0
LC-2023-01480,2023-02-21,Grupo Logístico del Istmo,21483.71,Maintenance & Repair,Legal,Panama,Time & Materials,2023.0
LC-2023-01481,2023-05-24,MedEquip Latinoamerica,14524.21,Security,IT,Panama,Fixed Price,2023.0
LC-2023-01482,2023-02-11,Transportes Rápidos S.A.,2809.47,Marketing,Procurement,Panama,Fixed Price,2023.0
LC-2023-01483,2023-10-08,Distribuidora Global S.A.,288472.96,IT & Technology,Logistics,Panama,Time & Materials,2023.0
LC-2022-01484,2022-03-27,IT Solutions Group,2698.75,Maintenance & Repair,Procurement,USA,Time & Materials,2022.0
LC-2022-01485,2022-03-02,Papelería y Más,6884.5,Uniforms & PPE,Administration,Mexico,Time & Materials,2022.0
LC-2023-01486,,Oficentro Internacional,111202.6,Logistics & Transport,HR,Panama,Framework Agreement,
LC-2022-01487,2022-11-17,Transportes Rápidos S.A.,585.49,Marketing,Marketing,USA,Spot Purchase,2022.0
LC-2022-01488,2022-04-18,Ferremax Industrial,4389.76,Professional Services,Marketing,Costa Rica,Fixed Price,2022.0
LC-2022-01489,2022-06-20,Distribuidora Global S.A.,5820.91,IT & Technology,Marketing,Costa Rica,Fixed Price,2022.0
LC-2022-01490,2022-05-24,Uniforms & Workwear Co.,32659.01,Professional Services,Procurement,Panama,Spot Purchase,2022.0
LC-2023-01491,2023-06-20,Oficentro Internacional,18727.91,Logistics & Transport,Legal,Panama,Framework Agreement,2023.0
LC-2023-01492,2023-09-21,TechSupplies Panama,500000.0,Office Supplies,Logistics,USA,Time & Materials,2023.0
LC-2022-01493,,Ferremax Industrial,18451.54,Professional Services,IT,Panama,Time & Materials,
LC-2022-01494,2022-01-06,Grupo Logístico del Istmo,45318.09,Maintenance & Repair,HR,USA,Fixed Price,2022.0
LC-2023-01495,2023-10-02,MedEquip Latinoamerica,49670.42,Security,Sales,Panama,Fixed Price,2023.0
LC-2022-01496,2022-07-17,MedEquip Latinoamerica,99622.1,Security,IT,Panama,Fixed Price,2022.0
LC-2022-01497,2022-09-18,Cleaning Pro Services,108256.14,Catering & Food,Logistics,Panama,Spot Purchase,2022.0
LC-2022-01498,2022-10-14,Cleaning Pro Services,30108.09,Catering & Food,Finance,Costa Rica,Time & Materials,2022.0
LC-2023-01499,2023-09-23,MedEquip Latinoamerica,22836.01,Security,Legal,Panama,Framework Agreement,2023.0
LC-2022-01500,2022-05-27,Seguridad Total Corp,11953.63,IT & Technology,IT,Panama,Time & Materials,2022.0
LC-2023-01501,2023-03-12,Uniforms & Workwear Co.,15796.47,Professional Services,Operations,Panama,Spot Purchase,2023.0
LC-2023-01502,2023-01-30,Distribuidora Global S.A.,18743.03,IT & Technology,Marketing,Panama,Spot Purchase,2023.0
LC-2022-01503,2022-06-20,Oficentro Internacional,13604.57,Logistics & Transport,Finance,USA,Time & Materials,2022.0
LC-2023-01504,2023-12-13,Catering Express Panama,4889.95,Logistics & Transport,Marketing,Panama,Spot Purchase,2023.0
LC-2023-01505,2023-01-10,Grupo Logístico del Istmo,29607.37,Maintenance & Repair,Sales,Panama,Fixed Price,2023.0
LC-2023-01506,2023-01-27,Grupo Logístico del Istmo,21080.98,Maintenance & Repair,Administration,USA,Time & Materials,2023.0
LC-2022-01507,2022-01-06,TechSupplies Panama,83756.15,Office Supplies,Sales,USA,Time & Materials,2022.0
LC-2022-01508,2022-02-04,FleetCars Panama,20598.18,Security,Marketing,Panama,Framework Agreement,2022.0
LC-2023-01509,2023-08-09,Suministros Médicos del Sur,5611.71,Uniforms & PPE,Logistics,Panama,Fixed Price,2023.0
LC-2023-01510,2023-04-30,Suministros Médicos del Sur,45084.56,Uniforms & PPE,Procurement,USA,Time & Materials,2023.0
LC-2023-01511,2023-12-24,Distribuidora Global S.A.,9227.77,IT & Technology,Sales,Panama,Time & Materials,2023.0
LC-2023-01512,2023-10-15,Grupo Logístico del Istmo,28784.97,Maintenance & Repair,Finance,Panama,Spot Purchase,2023.0
LC-2022-01513,2022-12-07,Oficentro Internacional,15364.47,Logistics & Transport,IT,Colombia,Fixed Price,2022.0
LC-2023-01514,2023-06-13,Transportes Rápidos S.A.,,Marketing,Administration,Costa Rica,Framework Agreement,2023.0
LC-2023-01515,2023-05-29,DataCenter Solutions,4341.52,Medical Supplies,Operations,Panama,Time & Materials,2023.0
LC-2022-01516,2022-06-27,Distribuidora Global S.A.,31379.28,IT & Technology,Administration,Panama,Spot Purchase,2022.0
LC-2022-01517,2022-12-16,Oficentro Internacional,223270.58,Logistics & Transport,Marketing,Panama,Fixed Price,2022.0
LC-2022-01518,2022-07-06,Energía Renovable S.A.,12660.19,Catering & Food,Finance,Panama,Fixed Price,2022.0
LC-2023-01519,2023-10-16,Publicidad Digital LATAM,1057.56,Marketing,HR,Panama,Time & Materials,2023.0
LC-2022-01520,2022-11-14,TechSupplies Panama,336015.0,Office Supplies,IT,Costa Rica,Time & Materials,2022.0
LC-2022-01521,2022-07-12,TechSupplies Panama,157194.7,Office Supplies,Sales,Panama,Time & Materials,2022.0
LC-2023-01522,2023-05-17,Oficentro Internacional,73022.09,Logistics & Transport,Procurement,Panama,Fixed Price,2023.0
LC-2022-01523,2022-06-09,MedEquip Latinoamerica,3499.14,Security,HR,Panama,Spot Purchase,2022.0
LC-2023-01524,2023-12-18,Grupo Logístico del Istmo,11483.57,Maintenance & Repair,Logistics,Panama,Framework Agreement,2023.0
LC-2022-01525,2022-09-22,Oficentro Internacional,23233.53,Logistics & Transport,Marketing,Mexico,Time & Materials,2022.0
LC-2023-01526,2023-04-24,MedEquip Latinoamerica,25162.82,Security,HR,USA,Time & Materials,2023.0
LC-2023-01527,2023-10-07,Cleaning Pro Services,83023.54,Catering & Food,Operations,Panama,Fixed Price,2023.0
LC-2022-01528,2022-07-11,Ferremax Industrial,231397.49,Professional Services,Sales,Colombia,Fixed Price,2022.0
LC-2023-01529,2023-08-31,TechSupplies Panama,20198.84,Office Supplies,Operations,Panama,Spot Purchase,2023.0
LC-2023-01530,2023-09-08,Catering Express Panama,916.51,Logistics & Transport,Logistics,Costa Rica,Framework Agreement,2023.0
LC-2023-01531,2023-03-08,Publicidad Digital LATAM,6071.31,Marketing,IT,Mexico,Fixed Price,2023.0
LC-2022-01532,2022-11-04,Cleaning Pro Services,346.31,Catering & Food,HR,USA,Time & Materials,2022.0
LC-2022-01533,2022-05-14,TechSupplies Panama,53519.49,Office Supplies,Administration,Costa Rica,Time & Materials,2022.0
LC-2023-01534,2023-02-10,DISTRIBUIDORA GLOBAL S.A.,30420.65,IT & Technology,HR,Panama,Spot Purchase,2023.0
LC-2022-01535,2022-07-09,Uniforms & Workwear Co.,2442.91,Professional Services,Logistics,Panama,Fixed Price,2022.0
LC-2022-01536,2022-01-06,TechSupplies Panama,5358.06,Office Supplies,Marketing,Mexico,Framework Agreement,2022.0
LC-2023-01537,2023-04-20,Transportes Rápidos S.A.,10619.0,Marketing,IT,USA,Spot Purchase,2023.0
LC-2022-01538,2022-10-17,Distribuidora Global S.A.,19163.43,IT & Technology,HR,Panama,Framework Agreement,2022.0
LC-2023-01539,2023-11-17,Grupo Logístico del Istmo,8920.43,Maintenance & Repair,Finance,Panama,Spot Purchase,2023.0
LC-2022-01540,2022-12-15,CLEANING PRO SERVICES,66.13,Catering & Food,IT,Panama,Framework Agreement,2022.0
LC-2022-01541,2022-05-22,Grupo Logístico del Istmo,35136.02,Maintenance & Repair,Finance,Colombia,Time & Materials,2022.0
LC-2023-01542,2023-03-12,Distribuidora Global S.A.,304583.92,IT & Technology,Legal,Colombia,Time & Materials,2023.0
LC-2022-01543,2022-06-17,Ferremax Industrial,266601.7,Professional Services,Logistics,Panama,Time & Materials,2022.0
LC-2023-01544,,Mantenimiento Integral,2475.89,Office Supplies,Sales,Colombia,Fixed Price,
LC-2023-01545,2023-12-04,Oficentro Internacional,17629.79,Logistics & Transport,Administration,USA,Spot Purchase,2023.0
LC-2022-01546,2022-09-22,Grupo Logístico del Istmo,63737.55,Maintenance & Repair,Operations,Panama,Spot Purchase,2022.0
LC-2023-01547,2023-12-31,FleetCars Panama,1099.29,Security,Marketing,Panama,Spot Purchase,2023.0
LC-2023-01548,2023-11-22,SEGURIDAD TOTAL CORP,7728.64,IT & Technology,Legal,USA,Spot Purchase,2023.0
LC-2023-01549,2023-03-22,Transportes Rápidos S.A.,15508.14,Marketing,Logistics,Panama,Spot Purchase,2023.0
LC-2022-01550,2022-09-16,Ferremax Industrial,158311.5,Professional Services,Sales,Panama,Framework Agreement,2022.0
LC-2023-01551,2023-01-01,Distribuidora Global S.A.,32203.01,IT & Technology,Logistics,Panama,Framework Agreement,2023.0
LC-2023-01552,2023-06-29,Distribuidora Global S.A.,28441.13,IT & Technology,Finance,Panama,Fixed Price,2023.0
LC-2023-01553,2023-03-18,Distribuidora Global S.A.,12662.76,IT & Technology,HR,Colombia,Spot Purchase,2023.0
LC-2022-01554,2022-02-11,Cleaning Pro Services,1421.8,Catering & Food,Marketing,USA,Spot Purchase,2022.0
LC-2022-01555,2022-12-12,Publicidad Digital LATAM,3499.17,Marketing,Finance,Panama,Fixed Price,2022.0
LC-2023-01556,2023-03-20,Distribuidora Global S.A.,56434.65,IT & Technology,Logistics,Costa Rica,Fixed Price,2023.0
LC-2023-01557,2023-12-12,Suministros Médicos del Sur,19348.63,Uniforms & PPE,Administration,USA,Time & Materials,2023.0
LC-2022-01558,2022-10-11,Seguridad Total Corp,1473.26,IT & Technology,Legal,Panama,Time & Materials,2022.0
LC-2023-01559,2023-02-21,TechSupplies Panama,217776.87,Office Supplies,Logistics,Panama,Fixed Price,2023.0
LC-2022-01560,2022-04-10,OFICENTRO INTERNACIONAL,26229.81,Logistics & Transport,Procurement,USA,Framework Agreement,2022.0
LC-2023-01561,2023-08-26,Distribuidora Global S.A.,35396.18,IT & Technology,Logistics,Costa Rica,Spot Purchase,2023.0
LC-2022-01562,2022-12-15,Ferremax Industrial,14814.27,Professional Services,Marketing,Panama,Framework Agreement,2022.0
LC-2023-01563,2023-11-21,IT Solutions Group,129.49,Maintenance & Repair,Procurement,Panama,Time & Materials,2023.0
LC-2023-01564,2023-07-29,Cleaning Pro Services,18510.03,Catering & Food,Finance,Colombia,Spot Purchase,2023.0
LC-2023-01565,2023-04-08,MedEquip Latinoamerica,14842.74,Security,Logistics,Panama,Framework Agreement,2023.0
LC-2023-01566,2023-03-02,TechSupplies Panama,25910.59,Office Supplies,Sales,USA,Spot Purchase,2023.0
LC-2023-01567,2023-07-05,MedEquip Latinoamerica,5434.3,Security,Procurement,Panama,Spot Purchase,2023.0
LC-2023-01568,2023-08-08,Distribuidora Global S.A.,67449.0,IT & Technology,IT,Panama,Fixed Price,2023.0
LC-2022-01569,2022-12-27,Suministros Médicos del Sur,471.62,Uniforms & PPE,Legal,USA,Spot Purchase,2022.0
LC-2023-01570,2023-11-12,Oficentro Internacional,19247.51,Logistics & Transport,Sales,Colombia,Fixed Price,2023.0
LC-2022-01571,2022-08-19,Oficentro Internacional,94194.55,Logistics & Transport,Marketing,USA,Spot Purchase,2022.0
LC-2023-01572,2023-02-14,Catering Express Panama,748.87,Logistics & Transport,Procurement,Panama,Time & Materials,2023.0
LC-2023-01573,2023-01-28,Ferremax Industrial,51651.24,Professional Services,HR,Colombia,Fixed Price,2023.0
LC-2022-01574,2022-05-22,TechSupplies Panama,7130.25,Office Supplies,Operations,USA,Time & Materials,2022.0
LC-2023-01575,2023-09-17,Cleaning Pro Services,9893.62,Catering & Food,Legal,Panama,Framework Agreement,2023.0
LC-2023-01576,2023-07-20,Distribuidora Global S.A.,34795.04,IT & Technology,Sales,Panama,Spot Purchase,2023.0
LC-2023-01577,2023-12-31,Ferremax Industrial,5228.3,Professional Services,IT,Panama,Spot Purchase,2023.0
LC-2023-01578,2023-04-16,Uniforms & Workwear Co.,28200.9,Professional Services,IT,USA,Spot Purchase,2023.0
LC-2023-01579,2023-09-11,Mantenimiento Integral,1632.9,Office Supplies,Procurement,USA,Fixed Price,2023.0
LC-2023-01580,2023-11-30,TechSupplies Panama,13734.92,Office Supplies,Finance,Panama,Fixed Price,2023.0
LC-2023-01581,2023-07-05,IT Solutions Group,6639.91,Maintenance & Repair,Finance,Panama,Framework Agreement,2023.0
LC-2022-01582,2022-03-03,MedEquip Latinoamerica,27527.92,Security,Operations,Panama,Spot Purchase,2022.0
LC-2023-01583,2023-03-15,Seguridad Total Corp,1070.91,IT & Technology,Sales,Panama,Spot Purchase,2023.0
LC-2022-01584,2022-06-23,Seguridad Total Corp,5391.18,IT & Technology,Administration,Costa Rica,Fixed Price,2022.0
LC-2022-01585,2022-04-10,TechSupplies Panama,60753.49,Office Supplies,Procurement,Panama,Framework Agreement,2022.0
LC-2022-01586,2022-12-17,Transportes Rápidos S.A.,13900.2,Marketing,IT,Costa Rica,Framework Agreement,2022.0
LC-2022-01587,2022-05-24,Transportes Rápidos S.A.,6403.9,Marketing,Administration,Panama,Fixed Price,2022.0
LC-2022-01588,2022-11-11,Grupo Logístico del Istmo,23378.37,Maintenance & Repair,Sales,Costa Rica,Framework Agreement,2022.0
LC-2022-01589,2022-06-08,Ferremax Industrial,13452.12,Professional Services,Procurement,Colombia,Framework Agreement,2022.0
LC-2022-01590,2022-01-29,Oficentro Internacional,40270.43,Logistics & Transport,Legal,Panama,Time & Materials,2022.0
LC-2023-01591,2023-05-04,Distribuidora Global S.A.,10030.98,IT & Technology,Sales,Costa Rica,Spot Purchase,2023.0
LC-2023-01592,2023-01-23,TechSupplies Panama,1090.49,Office Supplies,Marketing,Panama,Framework Agreement,2023.0
LC-2022-01593,2022-01-15,MedEquip Latinoamerica,9460.11,Security,HR,USA,Spot Purchase,2022.0
LC-2023-01594,2023-10-28,TechSupplies Panama,107443.65,Office Supplies,HR,Panama,Fixed Price,2023.0
LC-2022-01595,2022-07-27,DataCenter Solutions,141.97,Medical Supplies,Operations,Costa Rica,Time & Materials,2022.0
LC-2023-01596,2023-07-21,Consultoría Estratégica,1080.74,Medical Supplies,Marketing,Panama,Framework Agreement,2023.0
LC-2022-01597,2022-09-08,Distribuidora Global S.A.,76342.5,IT & Technology,Operations,Panama,Time & Materials,2022.0
LC-2022-01598,2022-07-01,DataCenter Solutions,107607.24,Medical Supplies,IT,Panama,Spot Purchase,2022.0
LC-2022-01599,2022-05-16,Distribuidora Global S.A.,37233.06,IT & Technology,IT,Costa Rica,Fixed Price,2022.0
LC-2022-01600,2022-04-11,Cleaning Pro Services,1649.12,Catering & Food,Administration,USA,Spot Purchase,2022.0
LC-2023-01601,2023-03-29,DataCenter Solutions,3735.57,Medical Supplies,IT,USA,Fixed Price,2023.0
LC-2023-01602,2023-08-19,TechSupplies Panama,189066.05,Office Supplies,Procurement,Panama,Fixed Price,2023.0
LC-2022-01603,2022-01-01,Ferremax Industrial,16728.06,Professional Services,IT,USA,Spot Purchase,2022.0
LC-2023-01604,2023-06-11,DataCenter Solutions,1482.1,Medical Supplies,Sales,USA,Spot Purchase,2023.0
LC-2023-01605,2023-10-03,MedEquip Latinoamerica,2382.45,Security,Sales,Panama,Framework Agreement,2023.0
LC-2023-01606,2023-05-23,Ferremax Industrial,11568.09,Professional Services,Sales,USA,Spot Purchase,2023.0
LC-2022-01607,2022-07-18,Oficentro Internacional,42074.8,Logistics & Transport,Procurement,Panama,Time & Materials,2022.0
LC-2022-01608,2022-04-16,Ferremax Industrial,255151.85,Professional Services,Sales,Mexico,Spot Purchase,2022.0
LC-2023-01609,2023-02-10,DataCenter Solutions,7979.4,Medical Supplies,Sales,Panama,Time & Materials,2023.0
LC-2022-01610,2022-10-03,TechSupplies Panama,26827.31,Office Supplies,Marketing,USA,Spot Purchase,2022.0
LC-2022-01611,2022-12-08,Catering Express Panama,3172.53,Logistics & Transport,Sales,Panama,Framework Agreement,2022.0
LC-2022-01612,2022-01-06,Oficentro Internacional,5564.55,Logistics & Transport,Administration,Panama,Spot Purchase,2022.0
LC-2022-01613,2022-01-20,Grupo Logístico del Istmo,104791.9,Maintenance & Repair,HR,Panama,Framework Agreement,2022.0
LC-2023-01614,2023-03-14,Oficentro Internacional,33077.06,Logistics & Transport,Sales,Panama,Framework Agreement,2023.0
LC-2022-01615,2022-10-08,TechSupplies Panama,29243.84,Office Supplies,IT,USA,Spot Purchase,2022.0
LC-2023-01616,2023-11-07,Ferremax Industrial,500000.0,Professional Services,Administration,USA,Fixed Price,2023.0
LC-2022-01617,2022-03-02,TechSupplies Panama,51974.24,Office Supplies,Administration,USA,Spot Purchase,2022.0
LC-2022-01618,2022-05-18,Grupo Logístico del Istmo,14733.08,Maintenance & Repair,Logistics,Panama,Spot Purchase,2022.0
LC-2023-01619,2023-08-11,Papelería y Más,2592.72,Uniforms & PPE,HR,Panama,Framework Agreement,2023.0
LC-2023-01620,2023-12-08,Cleaning Pro Services,,Catering & Food,Logistics,USA,Framework Agreement,2023.0
LC-2022-01621,2022-08-08,Seguridad Total Corp,5824.95,IT & Technology,Sales,Panama,Spot Purchase,2022.0
LC-2022-01622,2022-05-24,Oficentro Internacional,6464.41,Logistics & Transport,Logistics,Panama,Fixed Price,2022.0
LC-2023-01623,2023-06-09,Ferremax Industrial,109433.76,Professional Services,Operations,USA,Fixed Price,2023.0
LC-2022-01624,2022-10-17,Consultoría Estratégica,1804.04,Medical Supplies,Sales,USA,Spot Purchase,2022.0
LC-2023-01625,2023-06-29,MedEquip Latinoamerica,81629.55,Security,Marketing,Mexico,Fixed Price,2023.0
LC-2022-01626,2022-03-16,Cleaning Pro Services,24836.56,Catering & Food,Procurement,USA,Time & Materials,2022.0
LC-2022-01627,2022-03-16,Ferremax Industrial,21230.92,Professional Services,HR,Colombia,Framework Agreement,2022.0
LC-2023-01628,2023-08-12,Seguridad Total Corp,33574.58,IT & Technology,Legal,Panama,Spot Purchase,2023.0
LC-2022-01629,2022-09-23,Distribuidora Global S.A.,39396.28,IT & Technology,Sales,Panama,Time & Materials,2022.0
LC-2023-01630,2023-08-14,MedEquip Latinoamerica,17661.82,Security,IT,Mexico,Framework Agreement,2023.0
LC-2022-01631,2022-05-11,TechSupplies Panama,64969.9,Office Supplies,Operations,USA,Fixed Price,2022.0
LC-2022-01632,2022-07-26,Oficentro Internacional,13152.56,Logistics & Transport,IT,Colombia,Time & Materials,2022.0
LC-2022-01633,2022-01-28,Energía Renovable S.A.,1871.84,Catering & Food,IT,Mexico,Framework Agreement,2022.0
LC-2022-01634,2022-08-02,Catering Express Panama,23038.94,Logistics & Transport,Legal,Panama,Spot Purchase,2022.0
LC-2022-01635,2022-04-06,TechSupplies Panama,24300.92,Office Supplies,Legal,USA,Fixed Price,2022.0
LC-2022-01636,2022-05-04,MedEquip Latinoamerica,2682.56,Security,HR,Costa Rica,Time & Materials,2022.0
LC-2022-01637,2022-04-03,Suministros Médicos del Sur,1173.0,Uniforms & PPE,Legal,Panama,Time & Materials,2022.0
LC-2023-01638,2023-01-25,Distribuidora Global S.A.,60374.3,IT & Technology,Procurement,Panama,Fixed Price,2023.0
LC-2023-01639,2023-10-30,Grupo Logístico del Istmo,431503.07,Maintenance & Repair,Logistics,Panama,Spot Purchase,2023.0
LC-2022-01640,2022-10-09,DataCenter Solutions,990.99,Medical Supplies,Legal,USA,Fixed Price,2022.0
LC-2022-01641,2022-05-12,Catering Express Panama,5096.6,Logistics & Transport,HR,USA,Fixed Price,2022.0
LC-2023-01642,2023-01-16,Distribuidora Global S.A.,197731.37,IT & Technology,Administration,Panama,Framework Agreement,2023.0
LC-2023-01643,2023-01-09,TechSupplies Panama,33005.53,Office Supplies,Marketing,Panama,Time & Materials,2023.0
LC-2022-01644,2022-09-29,Ferremax Industrial,62495.27,Professional Services,Logistics,Panama,Framework Agreement,2022.0
LC-2023-01645,2023-02-22,Distribuidora Global S.A.,10148.97,IT & Technology,Procurement,Panama,Time & Materials,2023.0
LC-2022-01646,2022-12-24,MedEquip Latinoamerica,9343.73,Security,HR,Panama,Fixed Price,2022.0
LC-2023-01647,2023-07-04,Distribuidora Global S.A.,29010.9,IT & Technology,Procurement,Panama,Spot Purchase,2023.0
LC-2022-01648,2022-05-12,Distribuidora Global S.A.,118524.62,IT & Technology,Procurement,USA,Framework Agreement,2022.0
LC-2023-01649,2023-08-08,DataCenter Solutions,29175.34,Medical Supplies,Finance,USA,Spot Purchase,2023.0
LC-2022-01650,2022-04-08,Energía Renovable S.A.,239030.27,Catering & Food,IT,Colombia,Fixed Price,2022.0
LC-2022-01651,2022-12-03,TechSupplies Panama,72806.45,Office Supplies,Logistics,Panama,Framework Agreement,2022.0
LC-2022-01652,2022-12-02,MedEquip Latinoamerica,8011.99,Security,Logistics,Mexico,Time & Materials,2022.0
LC-2023-01653,2023-10-10,Energía Renovable S.A.,6578.59,Catering & Food,Operations,Costa Rica,Spot Purchase,2023.0
LC-2023-01654,2023-02-11,TechSupplies Panama,23770.5,Office Supplies,Operations,Panama,Time & Materials,2023.0
LC-2022-01655,2022-08-08,Oficentro Internacional,54512.24,Logistics & Transport,Administration,Panama,Spot Purchase,2022.0
LC-2022-01656,2022-07-10,Papelería y Más,3155.49,Uniforms & PPE,Marketing,Panama,Framework Agreement,2022.0
LC-2023-01657,2023-06-16,MedEquip Latinoamerica,6327.7,Security,Finance,Colombia,Framework Agreement,2023.0
LC-2022-01658,2022-08-21,Distribuidora Global S.A.,176507.22,IT & Technology,Marketing,Panama,Fixed Price,2022.0
LC-2023-01659,2023-04-09,Transportes Rápidos S.A.,1085.92,Marketing,HR,Panama,Framework Agreement,2023.0
LC-2023-01660,2023-06-08,IT Solutions Group,27168.62,Maintenance & Repair,Marketing,Panama,Spot Purchase,2023.0
LC-2023-01661,2023-07-31,Distribuidora Global S.A.,176405.06,IT & Technology,Sales,USA,Time & Materials,2023.0
LC-2023-01662,2023-01-19,Grupo Logístico del Istmo,31518.12,Maintenance & Repair,IT,Colombia,Time & Materials,2023.0
LC-2023-01663,2023-07-08,IT Solutions Group,203.82,Maintenance & Repair,IT,Costa Rica,Time & Materials,2023.0
LC-2023-01664,2023-06-19,Oficentro Internacional,17511.51,Logistics & Transport,Legal,Panama,Spot Purchase,2023.0
LC-2022-01665,2022-09-15,Distribuidora Global S.A.,172196.83,IT & Technology,Logistics,Panama,Fixed Price,2022.0
LC-2023-01666,2023-02-25,Papelería y Más,4749.04,Uniforms & PPE,Administration,Panama,Fixed Price,2023.0
LC-2023-01667,2023-10-24,Publicidad Digital LATAM,1097.78,Marketing,IT,Panama,Time & Materials,2023.0
LC-2023-01668,2023-02-16,Grupo Logístico del Istmo,19816.5,Maintenance & Repair,IT,Panama,Time & Materials,2023.0
LC-2022-01669,2022-12-02,TechSupplies Panama,,Office Supplies,Procurement,Panama,Framework Agreement,2022.0
LC-2023-01670,2023-11-08,Distribuidora Global S.A.,69988.08,IT & Technology,Administration,USA,Time & Materials,2023.0
LC-2022-01671,2022-10-06,Cleaning Pro Services,3434.41,Catering & Food,HR,Panama,Framework Agreement,2022.0
LC-2023-01672,2023-12-28,Oficentro Internacional,23384.08,Logistics & Transport,Procurement,Panama,Time & Materials,2023.0
LC-2022-01673,2022-09-05,TechSupplies Panama,22694.78,Office Supplies,Finance,Panama,Framework Agreement,2022.0
LC-2022-01674,2022-10-14,Publicidad Digital LATAM,1231.99,Marketing,Legal,Panama,Fixed Price,2022.0
LC-2023-01675,2023-01-01,DataCenter Solutions,55440.38,Medical Supplies,Sales,Panama,Framework Agreement,2023.0
LC-2023-01676,2023-11-13,TechSupplies Panama,24666.85,Office Supplies,Procurement,Panama,Spot Purchase,2023.0
LC-2023-01677,2023-09-14,Ferremax Industrial,156465.41,Professional Services,Administration,USA,Spot Purchase,2023.0
LC-2023-01678,2023-08-13,Cleaning Pro Services,48145.07,Catering & Food,Administration,Colombia,Fixed Price,2023.0
LC-2022-01679,2022-02-10,Cleaning Pro Services,21970.73,Catering & Food,Administration,Panama,Spot Purchase,2022.0
LC-2023-01680,2023-10-06,Cleaning Pro Services,2572.34,Catering & Food,Marketing,Panama,Spot Purchase,2023.0
LC-2022-01681,2022-04-12,TechSupplies Panama,58951.84,Office Supplies,HR,Panama,Framework Agreement,2022.0
LC-2022-01682,2022-12-27,Ferremax Industrial,35276.25,Professional Services,Logistics,Panama,Framework Agreement,2022.0
LC-2022-01683,2022-06-14,Distribuidora Global S.A.,12277.92,IT & Technology,Procurement,Colombia,Framework Agreement,2022.0
LC-2022-01684,2022-06-26,Oficentro Internacional,53596.08,Logistics & Transport,Legal,Costa Rica,Framework Agreement,2022.0
LC-2022-01685,2022-04-14,Cleaning Pro Services,838.35,Catering & Food,IT,Panama,Framework Agreement,2022.0
LC-2022-01686,2022-07-27,Cleaning Pro Services,29188.18,Catering & Food,HR,Costa Rica,Spot Purchase,2022.0
LC-2022-01687,2022-06-22,Mantenimiento Integral,2448.12,Office Supplies,Sales,Costa Rica,Time & Materials,2022.0
LC-2023-01688,2023-02-12,FleetCars Panama,6645.79,Security,Marketing,Panama,Time & Materials,2023.0
LC-2022-01689,2022-12-15,Transportes Rápidos S.A.,7517.07,Marketing,Legal,Panama,Time & Materials,2022.0
LC-2022-01690,2022-11-28,Distribuidora Global S.A.,26617.23,IT & Technology,Logistics,USA,Fixed Price,2022.0
LC-2022-01691,2022-08-18,MedEquip Latinoamerica,11849.5,Security,Logistics,Panama,Spot Purchase,2022.0
LC-2022-01692,2022-10-31,TechSupplies Panama,20539.72,Office Supplies,IT,Panama,Fixed Price,2022.0
LC-2023-01693,2023-02-27,Catering Express Panama,18159.44,Logistics & Transport,Legal,USA,Time & Materials,2023.0
LC-2023-01694,2023-12-25,Cleaning Pro Services,652.64,Catering & Food,Legal,Costa Rica,Framework Agreement,2023.0
LC-2023-01695,2023-07-08,Grupo Logístico del Istmo,42262.5,Maintenance & Repair,Sales,Panama,Framework Agreement,2023.0
LC-2022-01696,2022-04-09,IT Solutions Group,90074.6,Maintenance & Repair,IT,USA,Time & Materials,2022.0
LC-2022-01697,2022-12-23,Ferremax Industrial,10933.67,Professional Services,Sales,Panama,Time & Materials,2022.0
LC-2023-01698,2023-04-17,Suministros Médicos del Sur,1778.25,Uniforms & PPE,Procurement,Panama,Fixed Price,2023.0
LC-2023-01699,2023-07-27,Consultoría Estratégica,10623.9,Medical Supplies,HR,Panama,Spot Purchase,2023.0
LC-2022-01700,2022-03-08,Transportes Rápidos S.A.,6434.13,Marketing,Finance,Colombia,Framework Agreement,2022.0
LC-2023-01701,2023-03-18,Uniforms & Workwear Co.,8316.07,Professional Services,Operations,Costa Rica,Spot Purchase,2023.0
LC-2022-01702,2022-12-05,TechSupplies Panama,65318.11,Office Supplies,Procurement,Panama,Framework Agreement,2022.0
LC-2022-01703,2022-01-07,Grupo Logístico del Istmo,77782.03,Maintenance & Repair,Marketing,Colombia,Framework Agreement,2022.0
LC-2023-01704,2023-06-27,Cleaning Pro Services,25966.17,Catering & Food,Finance,USA,Fixed Price,2023.0
LC-2023-01705,2023-10-27,Publicidad Digital LATAM,9088.16,Marketing,HR,Panama,Fixed Price,2023.0
LC-2023-01706,2023-02-22,Distribuidora Global S.A.,27186.91,IT & Technology,Legal,USA,Spot Purchase,2023.0
LC-2023-01707,2023-12-26,TechSupplies Panama,81396.57,Office Supplies,Logistics,Panama,Time & Materials,2023.0
LC-2023-01708,2023-10-25,Oficentro Internacional,354994.77,Logistics & Transport,IT,Panama,Framework Agreement,2023.0
LC-2023-01709,2023-07-25,MedEquip Latinoamerica,4028.1,Security,Operations,USA,Fixed Price,2023.0
LC-2022-01710,2022-12-01,Publicidad Digital LATAM,1139.34,Marketing,Marketing,Panama,Fixed Price,2022.0
LC-2023-01711,2023-10-14,MedEquip Latinoamerica,25864.35,Security,Finance,Panama,Time & Materials,2023.0
LC-2023-01712,2023-08-11,Oficentro Internacional,31430.77,Logistics & Transport,HR,USA,Framework Agreement,2023.0
LC-2022-01713,2022-02-01,Seguridad Total Corp,188.86,IT & Technology,Marketing,Panama,Spot Purchase,2022.0
LC-2022-01714,2022-04-21,Seguridad Total Corp,17520.6,IT & Technology,Finance,Panama,Framework Agreement,2022.0
LC-2023-01715,2023-09-20,Uniforms & Workwear Co.,2201.75,Professional Services,Procurement,Panama,Time & Materials,2023.0
LC-2023-01716,2023-11-16,MedEquip Latinoamerica,4290.68,Security,Legal,Panama,Fixed Price,2023.0
LC-2022-01717,2022-02-12,TechSupplies Panama,54088.47,Office Supplies,Procurement,Panama,Spot Purchase,2022.0
LC-2023-01718,2023-11-11,Mantenimiento Integral,6540.37,Office Supplies,Administration,Panama,Fixed Price,2023.0
LC-2022-01719,2022-10-17,Transportes Rápidos S.A.,14245.23,Marketing,Marketing,Panama,Time & Materials,2022.0
LC-2023-01720,2023-01-22,Consultoría Estratégica,2557.46,Medical Supplies,Legal,Panama,Spot Purchase,2023.0
LC-2023-01721,2023-05-25,MedEquip Latinoamerica,10611.13,Security,Administration,Panama,Framework Agreement,2023.0
LC-2022-01722,2022-04-02,Transportes Rápidos S.A.,3329.84,Marketing,Marketing,Panama,Time & Materials,2022.0
LC-2023-01723,2023-07-02,MedEquip Latinoamerica,,Security,Sales,Costa Rica,Fixed Price,2023.0
LC-2023-01724,2023-06-05,Grupo Logístico del Istmo,75996.38,Maintenance & Repair,Marketing,Panama,Spot Purchase,2023.0
LC-2022-01725,2022-07-10,Transportes Rápidos S.A.,1208.15,Marketing,IT,Panama,Spot Purchase,2022.0
LC-2022-01726,2022-02-16,TechSupplies Panama,133676.57,Office Supplies,IT,USA,Fixed Price,2022.0
LC-2022-01727,2022-07-01,FleetCars Panama,2199.65,Security,Operations,Panama,Framework Agreement,2022.0
LC-2023-01728,2023-09-06,Catering Express Panama,16516.03,Logistics & Transport,Operations,Panama,Time & Materials,2023.0
LC-2022-01729,2022-07-29,Grupo Logístico del Istmo,56429.35,Maintenance & Repair,Administration,Costa Rica,Framework Agreement,2022.0
LC-2023-01730,2023-01-22,Grupo Logístico del Istmo,329661.09,Maintenance & Repair,Operations,Panama,Spot Purchase,2023.0
LC-2022-01731,2022-02-12,Ferremax Industrial,27773.59,Professional Services,Administration,Panama,Spot Purchase,2022.0
LC-2023-01732,2023-05-16,TechSupplies Panama,23880.56,Office Supplies,Finance,Panama,Time & Materials,2023.0
LC-2022-01733,2022-10-19,Papelería y Más,4773.67,Uniforms & PPE,Legal,Panama,Framework Agreement,2022.0
LC-2022-01734,2022-07-25,Grupo Logístico del Istmo,25239.97,Maintenance & Repair,IT,Panama,Spot Purchase,2022.0
LC-2022-01735,2022-07-08,Distribuidora Global S.A.,94838.46,IT & Technology,IT,Panama,Spot Purchase,2022.0
LC-2023-01736,2023-03-29,Grupo Logístico del Istmo,5220.91,Maintenance & Repair,Sales,Panama,Time & Materials,2023.0
LC-2022-01737,2022-11-22,SEGURIDAD TOTAL CORP,1011.79,IT & Technology,IT,Mexico,Time & Materials,2022.0
LC-2023-01738,2023-04-19,IT Solutions Group,990.58,Maintenance & Repair,Logistics,Panama,Framework Agreement,2023.0
LC-2022-01739,2022-08-19,TechSupplies Panama,113592.09,Office Supplies,Logistics,USA,Fixed Price,2022.0
LC-2023-01740,2023-09-09,Grupo Logístico del Istmo,282868.12,Maintenance & Repair,Procurement,Panama,Time & Materials,2023.0
LC-2023-01741,2023-02-24,PUBLICIDAD DIGITAL LATAM,4202.04,Marketing,Operations,Panama,Fixed Price,2023.0
LC-2022-01742,,Papelería y Más,3815.27,Uniforms & PPE,Sales,Panama,Fixed Price,
LC-2022-01743,2022-08-18,Distribuidora Global S.A.,39500.26,IT & Technology,Operations,Panama,Fixed Price,2022.0
LC-2022-01744,2022-10-17,Distribuidora Global S.A.,146422.85,IT & Technology,Procurement,USA,Spot Purchase,2022.0
LC-2022-01745,2022-12-20,TechSupplies Panama,11934.35,Office Supplies,Procurement,USA,Framework Agreement,2022.0
LC-2022-01746,2022-08-18,Uniforms & Workwear Co.,7027.27,Professional Services,Procurement,USA,Framework Agreement,2022.0
LC-2022-01747,2022-01-22,Publicidad Digital LATAM,21222.06,Marketing,Logistics,Panama,Framework Agreement,2022.0
LC-2022-01748,2022-05-09,Grupo Logístico del Istmo,66258.1,Maintenance & Repair,Marketing,Panama,Spot Purchase,2022.0
LC-2023-01749,2023-03-31,Grupo Logístico del Istmo,45592.47,Maintenance & Repair,Legal,Panama,Spot Purchase,2023.0
LC-2022-01750,2022-09-09,DataCenter Solutions,22061.06,Medical Supplies,HR,Costa Rica,Time & Materials,2022.0
LC-2023-01751,2023-07-16,IT Solutions Group,85.21,Maintenance & Repair,Administration,Panama,Spot Purchase,2023.0
LC-2022-01752,2022-04-22,Oficentro Internacional,81916.06,Logistics & Transport,Legal,Panama,Spot Purchase,2022.0
LC-2022-01753,2022-07-24,Consultoría Estratégica,1842.51,Medical Supplies,Administration,Panama,Fixed Price,2022.0
LC-2023-01754,2023-03-30,Grupo Logístico del Istmo,,Maintenance & Repair,Marketing,Panama,Time & Materials,2023.0
LC-2023-01755,2023-10-19,TechSupplies Panama,67066.71,Office Supplies,Administration,Mexico,Time & Materials,2023.0
LC-2023-01756,2023-05-14,Grupo Logístico del Istmo,188789.94,Maintenance & Repair,Procurement,Panama,Time & Materials,2023.0
LC-2022-01757,2022-03-08,PAPELERÍA Y MÁS,3999.11,Uniforms & PPE,Operations,Colombia,Fixed Price,2022.0
LC-2022-01758,2022-07-27,Distribuidora Global S.A.,113942.53,IT & Technology,Finance,Panama,Framework Agreement,2022.0
LC-2023-01759,2023-05-02,Distribuidora Global S.A.,251383.24,IT & Technology,Administration,Panama,Spot Purchase,2023.0
LC-2023-01760,2023-03-02,Mantenimiento Integral,35325.9,Office Supplies,HR,Panama,Time & Materials,2023.0
LC-2023-01761,2023-12-08,MedEquip Latinoamerica,57523.38,Security,Procurement,Colombia,Framework Agreement,2023.0
LC-2022-01762,2022-05-19,Consultoría Estratégica,14960.84,Medical Supplies,Procurement,Panama,Fixed Price,2022.0
LC-2023-01763,2023-03-28,Seguridad Total Corp,5503.56,IT & Technology,Administration,Colombia,Framework Agreement,2023.0
LC-2022-01764,2022-03-29,Publicidad Digital LATAM,444.54,Marketing,Administration,Panama,Framework Agreement,2022.0
LC-2023-01765,2023-11-16,Oficentro Internacional,27030.6,Logistics & Transport,Legal,Panama,Fixed Price,2023.0
LC-2022-01766,2022-01-17,Seguridad Total Corp,1387.32,IT & Technology,Finance,Panama,Spot Purchase,2022.0
LC-2023-01767,2023-06-17,Grupo Logístico del Istmo,491457.75,Maintenance & Repair,Logistics,Panama,Framework Agreement,2023.0
LC-2022-01768,2022-09-27,TechSupplies Panama,29405.5,Office Supplies,IT,Colombia,Framework Agreement,2022.0
LC-2022-01769,2022-12-07,Papelería y Más,5912.4,Uniforms & PPE,Procurement,Colombia,Fixed Price,2022.0
LC-2023-01770,2023-01-25,Cleaning Pro Services,11239.93,Catering & Food,Administration,Panama,Framework Agreement,2023.0
LC-2022-01771,2022-12-10,Transportes Rápidos S.A.,5246.96,Marketing,Logistics,Colombia,Spot Purchase,2022.0
LC-2022-01772,2022-09-25,Grupo Logístico del Istmo,277634.63,Maintenance & Repair,Sales,Panama,Framework Agreement,2022.0
LC-2023-01773,2023-06-06,FleetCars Panama,1931.45,Security,Finance,Colombia,Framework Agreement,2023.0
LC-2023-01774,2023-01-18,Seguridad Total Corp,6580.8,IT & Technology,IT,Panama,Time & Materials,2023.0
LC-2022-01775,2022-12-16,Distribuidora Global S.A.,14898.79,IT & Technology,Finance,Panama,Fixed Price,2022.0
LC-2023-01776,2023-11-12,Cleaning Pro Services,678.56,Catering & Food,Procurement,Colombia,Framework Agreement,2023.0
LC-2022-01777,2022-04-04,TechSupplies Panama,,Office Supplies,Finance,Panama,Fixed Price,2022.0
LC-2023-01778,2023-10-03,Distribuidora Global S.A.,34736.83,IT & Technology,Finance,Panama,Framework Agreement,2023.0
LC-2023-01779,2023-04-26,Suministros Médicos del Sur,2581.3,Uniforms & PPE,Administration,Costa Rica,Time & Materials,2023.0
LC-2022-01780,2022-03-23,Distribuidora Global S.A.,15821.02,IT & Technology,HR,USA,Fixed Price,2022.0
LC-2023-01781,2023-12-21,MedEquip Latinoamerica,596.17,Security,IT,Colombia,Fixed Price,2023.0
LC-2023-01782,2023-10-13,Papelería y Más,4338.75,Uniforms & PPE,IT,Panama,Spot Purchase,2023.0
LC-2022-01783,2022-12-20,DataCenter Solutions,514.36,Medical Supplies,IT,Panama,Framework Agreement,2022.0
LC-2022-01784,2022-03-08,Publicidad Digital LATAM,15368.63,Marketing,Logistics,Panama,Time & Materials,2022.0
LC-2022-01785,2022-01-13,Distribuidora Global S.A.,40091.82,IT & Technology,Legal,Panama,Spot Purchase,2022.0
LC-2023-01786,2023-08-06,Seguridad Total Corp,552.07,IT & Technology,Sales,Colombia,Fixed Price,2023.0
LC-2022-01787,2022-11-04,Papelería y Más,3090.8,Uniforms & PPE,Procurement,Panama,Spot Purchase,2022.0
LC-2023-01788,2023-12-09,TechSupplies Panama,14726.62,Office Supplies,Administration,Panama,Fixed Price,2023.0
LC-2023-01789,2023-04-09,FleetCars Panama,7932.8,Security,Legal,Panama,Spot Purchase,2023.0
LC-2023-01790,2023-10-10,Consultoría Estratégica,36705.27,Medical Supplies,HR,Panama,Spot Purchase,2023.0
LC-2022-01791,2022-08-11,Mantenimiento Integral,295.08,Office Supplies,HR,Panama,Time & Materials,2022.0
LC-2022-01792,2022-06-12,Oficentro Internacional,41690.61,Logistics & Transport,Operations,USA,Spot Purchase,2022.0
LC-2023-01793,2023-03-20,TechSupplies Panama,29966.66,Office Supplies,Procurement,USA,Spot Purchase,2023.0
LC-2022-01794,2022-11-28,DataCenter Solutions,13453.71,Medical Supplies,Sales,Panama,Fixed Price,2022.0
LC-2023-01795,2023-05-18,MedEquip Latinoamerica,,Security,Procurement,Panama,Spot Purchase,2023.0
LC-2023-01796,2023-09-06,DataCenter Solutions,1590.89,Medical Supplies,Administration,Panama,Fixed Price,2023.0
LC-2022-01797,2022-03-06,Mantenimiento Integral,,Office Supplies,HR,Panama,Spot Purchase,2022.0
LC-2022-01798,2022-10-15,Consultoría Estratégica,1489.15,Medical Supplies,IT,Panama,Spot Purchase,2022.0
LC-2023-01799,2023-12-27,TechSupplies Panama,132086.01,Office Supplies,HR,Panama,Time & Materials,2023.0
LC-2023-01800,2023-06-08,Ferremax Industrial,37256.21,Professional Services,Procurement,Panama,Framework Agreement,2023.0
LC-2023-01801,2023-09-10,Oficentro Internacional,355552.72,Logistics & Transport,Marketing,USA,Spot Purchase,2023.0
LC-2022-01802,2022-10-10,Distribuidora Global S.A.,33765.91,IT & Technology,Legal,Mexico,Time & Materials,2022.0
LC-2022-01803,2022-12-02,Ferremax Industrial,15520.42,Professional Services,IT,Colombia,Fixed Price,2022.0
LC-2023-01804,2023-09-12,Seguridad Total Corp,507.47,IT & Technology,Sales,USA,Framework Agreement,2023.0
LC-2022-01805,2022-10-30,TechSupplies Panama,4172.34,Office Supplies,Administration,USA,Fixed Price,2022.0
LC-2023-01806,2023-03-10,Mantenimiento Integral,456.59,Office Supplies,Logistics,Panama,Spot Purchase,2023.0
LC-2023-01807,2023-10-30,TechSupplies Panama,50038.7,Office Supplies,Logistics,Panama,Fixed Price,2023.0
LC-2023-01808,2023-07-23,Seguridad Total Corp,10541.63,IT & Technology,HR,Panama,Spot Purchase,2023.0
LC-2023-01809,2023-12-25,Energía Renovable S.A.,458.62,Catering & Food,Procurement,Panama,Time & Materials,2023.0
LC-2022-01810,2022-12-01,Oficentro Internacional,106302.7,Logistics & Transport,Operations,Panama,Fixed Price,2022.0
LC-2023-01811,2023-10-24,Papelería y Más,2381.32,Uniforms & PPE,Marketing,Panama,Spot Purchase,2023.0
LC-2023-01812,2023-06-08,Seguridad Total Corp,6125.34,IT & Technology,Logistics,Panama,Fixed Price,2023.0
LC-2022-01813,2022-04-15,Distribuidora Global S.A.,251365.86,IT & Technology,Finance,Panama,Time & Materials,2022.0
LC-2023-01814,2023-02-27,Papelería y Más,18868.69,Uniforms & PPE,Sales,Panama,Fixed Price,2023.0
LC-2023-01815,2023-12-13,Distribuidora Global S.A.,26311.55,IT & Technology,Legal,Colombia,Spot Purchase,2023.0
LC-2022-01816,2022-08-21,Ferremax Industrial,12463.62,Professional Services,Finance,Mexico,Framework Agreement,2022.0
LC-2022-01817,2022-02-13,Distribuidora Global S.A.,2745.78,IT & Technology,IT,USA,Fixed Price,2022.0
LC-2023-01818,2023-02-01,IT Solutions Group,1671.15,Maintenance & Repair,Marketing,Panama,Framework Agreement,2023.0
LC-2023-01819,2023-07-18,Seguridad Total Corp,3580.67,IT & Technology,Procurement,Panama,Spot Purchase,2023.0
LC-2023-01820,2023-12-20,TechSupplies Panama,11107.6,Office Supplies,Procurement,Panama,Framework Agreement,2023.0
LC-2023-01821,2023-07-04,Catering Express Panama,,Logistics & Transport,Legal,Panama,Time & Materials,2023.0
LC-2022-01822,2022-06-13,Oficentro Internacional,39823.89,Logistics & Transport,Sales,USA,Spot Purchase,2022.0
LC-2023-01823,2023-10-29,TechSupplies Panama,27727.3,Office Supplies,Logistics,Panama,Fixed Price,2023.0
LC-2022-01824,2022-07-29,DataCenter Solutions,1853.81,Medical Supplies,Marketing,Mexico,Spot Purchase,2022.0
LC-2023-01825,2023-12-08,Papelería y Más,6329.53,Uniforms & PPE,IT,Panama,Framework Agreement,2023.0
LC-2023-01826,2023-08-04,Grupo Logístico del Istmo,61717.87,Maintenance & Repair,Operations,Colombia,Time & Materials,2023.0
LC-2022-01827,2022-12-08,Distribuidora Global S.A.,9813.57,IT & Technology,Operations,Panama,Time & Materials,2022.0
LC-2023-01828,2023-05-19,Oficentro Internacional,197425.95,Logistics & Transport,Legal,USA,Time & Materials,2023.0
LC-2022-01829,2022-01-01,DataCenter Solutions,4239.15,Medical Supplies,IT,Panama,Fixed Price,2022.0
LC-2023-01830,2023-01-26,Consultoría Estratégica,5055.71,Medical Supplies,Operations,Panama,Spot Purchase,2023.0
LC-2022-01831,2022-03-19,Grupo Logístico del Istmo,84953.33,Maintenance & Repair,IT,Panama,Framework Agreement,2022.0
LC-2022-01832,2022-09-27,Distribuidora Global S.A.,48043.37,IT & Technology,Finance,Panama,Time & Materials,2022.0
LC-2023-01833,2023-05-03,FleetCars Panama,20531.28,Security,Finance,Colombia,Fixed Price,2023.0
LC-2022-01834,2022-10-04,Ferremax Industrial,,Professional Services,Administration,Colombia,Framework Agreement,2022.0
LC-2023-01835,2023-11-26,Transportes Rápidos S.A.,1961.26,Marketing,IT,Panama,Spot Purchase,2023.0
LC-2023-01836,2023-11-04,Ferremax Industrial,56039.06,Professional Services,HR,Panama,Fixed Price,2023.0
LC-2022-01837,2022-01-25,Oficentro Internacional,9205.24,Logistics & Transport,Procurement,Panama,Framework Agreement,2022.0
LC-2023-01838,2023-07-31,Transportes Rápidos S.A.,5783.94,Marketing,Operations,Colombia,Fixed Price,2023.0
LC-2022-01839,2022-10-21,Ferremax Industrial,34895.88,Professional Services,IT,Costa Rica,Fixed Price,2022.0
LC-2023-01840,2023-07-19,Ferremax Industrial,28289.89,Professional Services,HR,Panama,Framework Agreement,2023.0
LC-2023-01841,2023-04-24,Grupo Logístico del Istmo,31124.64,Maintenance & Repair,Administration,Panama,Framework Agreement,2023.0
LC-2023-01842,2023-01-04,DataCenter Solutions,292.14,Medical Supplies,Procurement,Colombia,Spot Purchase,2023.0
LC-2023-01843,2023-04-07,Distribuidora Global S.A.,18798.46,IT & Technology,Sales,Colombia,Spot Purchase,2023.0
LC-2023-01844,2023-09-06,Distribuidora Global S.A.,40595.56,IT & Technology,Marketing,Colombia,Time & Materials,2023.0
LC-2023-01845,2023-12-11,IT Solutions Group,6246.55,Maintenance & Repair,Administration,Panama,Time & Materials,2023.0
LC-2023-01846,2023-08-13,Suministros Médicos del Sur,,Uniforms & PPE,Marketing,Panama,Fixed Price,2023.0
LC-2023-01847,2023-05-16,TechSupplies Panama,165851.72,Office Supplies,IT,Colombia,Framework Agreement,2023.0
LC-2022-01848,2022-08-13,MedEquip Latinoamerica,1340.42,Security,Legal,USA,Spot Purchase,2022.0
LC-2022-01849,2022-06-09,Suministros Médicos del Sur,21040.11,Uniforms & PPE,IT,Colombia,Spot Purchase,2022.0
LC-2022-01850,2022-05-28,Distribuidora Global S.A.,60635.34,IT & Technology,Marketing,Panama,Spot Purchase,2022.0
LC-2022-01851,2022-07-15,Papelería y Más,,Uniforms & PPE,Logistics,Panama,Fixed Price,2022.0
LC-2023-01852,2023-04-09,TechSupplies Panama,305704.15,Office Supplies,Finance,Panama,Framework Agreement,2023.0
LC-2023-01853,2023-02-02,Grupo Logístico del Istmo,8670.1,Maintenance & Repair,Administration,Panama,Framework Agreement,2023.0
LC-2023-01854,2023-11-27,FleetCars Panama,19510.95,Security,Administration,USA,Fixed Price,2023.0
LC-2023-01855,2023-03-09,Distribuidora Global S.A.,120656.0,IT & Technology,Procurement,Panama,Fixed Price,2023.0
LC-2022-01856,2022-02-09,Publicidad Digital LATAM,1797.35,Marketing,Procurement,Panama,Spot Purchase,2022.0
LC-2023-01857,2023-10-09,TechSupplies Panama,193099.01,Office Supplies,Finance,Panama,Time & Materials,2023.0
LC-2022-01858,2022-11-14,TechSupplies Panama,26901.68,Office Supplies,Procurement,Panama,Framework Agreement,2022.0
LC-2023-01859,2023-08-31,Cleaning Pro Services,7578.27,Catering & Food,Finance,Panama,Time & Materials,2023.0
LC-2022-01860,2022-10-09,Ferremax Industrial,49631.76,Professional Services,Marketing,Panama,Spot Purchase,2022.0
LC-2023-01861,2023-12-16,DataCenter Solutions,4017.99,Medical Supplies,Operations,Panama,Fixed Price,2023.0
LC-2023-01862,2023-03-13,IT Solutions Group,16584.31,Maintenance & Repair,Operations,Panama,Framework Agreement,2023.0
LC-2023-01863,2023-02-01,TechSupplies Panama,94106.88,Office Supplies,Procurement,Panama,Fixed Price,2023.0
LC-2022-01864,2022-08-17,Seguridad Total Corp,356.81,IT & Technology,Operations,Panama,Time & Materials,2022.0
LC-2022-01865,2022-04-14,TechSupplies Panama,173721.43,Office Supplies,Procurement,Colombia,Fixed Price,2022.0
LC-2023-01866,2023-01-11,Cleaning Pro Services,405.96,Catering & Food,Operations,Panama,Spot Purchase,2023.0
LC-2023-01867,2023-03-05,Uniforms & Workwear Co.,23128.46,Professional Services,Sales,Colombia,Fixed Price,2023.0
LC-2023-01868,2023-11-12,Grupo Logístico del Istmo,140371.28,Maintenance & Repair,Finance,Panama,Framework Agreement,2023.0
LC-2022-01869,2022-06-15,FleetCars Panama,956.76,Security,HR,Panama,Fixed Price,2022.0
LC-2023-01870,2023-05-05,DataCenter Solutions,2653.88,Medical Supplies,Marketing,Panama,Framework Agreement,2023.0
LC-2022-01871,2022-07-27,Grupo Logístico del Istmo,9634.97,Maintenance & Repair,Marketing,Panama,Time & Materials,2022.0
LC-2022-01872,2022-04-26,Distribuidora Global S.A.,28059.84,IT & Technology,Operations,USA,Fixed Price,2022.0
LC-2023-01873,2023-05-07,Oficentro Internacional,25093.37,Logistics & Transport,HR,Panama,Time & Materials,2023.0
LC-2023-01874,2023-07-21,Ferremax Industrial,92558.17,Professional Services,Finance,Panama,Spot Purchase,2023.0
LC-2022-01875,2022-03-11,TechSupplies Panama,174970.12,Office Supplies,HR,USA,Time & Materials,2022.0
LC-2022-01876,2022-08-19,TechSupplies Panama,193846.25,Office Supplies,Legal,Colombia,Framework Agreement,2022.0
LC-2022-01877,2022-01-29,Distribuidora Global S.A.,18497.64,IT & Technology,Sales,Mexico,Spot Purchase,2022.0
LC-2023-01878,2023-05-06,Ferremax Industrial,28252.4,Professional Services,IT,Costa Rica,Time & Materials,2023.0
LC-2023-01879,2023-05-25,DataCenter Solutions,393.41,Medical Supplies,HR,Panama,Framework Agreement,2023.0
LC-2023-01880,2023-10-19,Distribuidora Global S.A.,13807.34,IT & Technology,Finance,Costa Rica,Time & Materials,2023.0
LC-2022-01881,2022-11-12,DataCenter Solutions,20895.26,Medical Supplies,Sales,Panama,Framework Agreement,2022.0
LC-2023-01882,2023-04-26,Seguridad Total Corp,55457.61,IT & Technology,Administration,Colombia,Time & Materials,2023.0
LC-2022-01883,2022-09-15,MedEquip Latinoamerica,771.61,Security,Administration,Colombia,Fixed Price,2022.0
LC-2022-01884,2022-09-03,Cleaning Pro Services,2020.91,Catering & Food,IT,Panama,Framework Agreement,2022.0
LC-2022-01885,2022-10-13,Catering Express Panama,4723.91,Logistics & Transport,Marketing,Colombia,Spot Purchase,2022.0
LC-2022-01886,2022-07-14,Seguridad Total Corp,7481.9,IT & Technology,HR,Mexico,Framework Agreement,2022.0
LC-2022-01887,2022-05-01,Oficentro Internacional,13745.62,Logistics & Transport,Procurement,USA,Time & Materials,2022.0
LC-2023-01888,2023-01-19,TechSupplies Panama,60407.78,Office Supplies,Sales,Panama,Spot Purchase,2023.0
LC-2022-01889,2022-09-18,MedEquip Latinoamerica,2414.48,Security,Marketing,Panama,Time & Materials,2022.0
LC-2022-01890,2022-07-13,Mantenimiento Integral,4809.37,Office Supplies,Legal,Panama,Fixed Price,2022.0
LC-2023-01891,2023-06-08,Energía Renovable S.A.,11152.58,Catering & Food,Marketing,USA,Framework Agreement,2023.0
LC-2023-01892,2023-05-03,Grupo Logístico del Istmo,36596.46,Maintenance & Repair,Procurement,USA,Fixed Price,2023.0
LC-2022-01893,2022-10-12,Distribuidora Global S.A.,21511.37,IT & Technology,Operations,Panama,Fixed Price,2022.0
LC-2023-01894,2023-11-08,DISTRIBUIDORA GLOBAL S.A.,31839.67,IT & Technology,Legal,Panama,Fixed Price,2023.0
LC-2022-01895,2022-09-04,Cleaning Pro Services,4304.67,Catering & Food,Logistics,Panama,Spot Purchase,2022.0
LC-2022-01896,2022-06-05,Oficentro Internacional,,Logistics & Transport,Marketing,Panama,Time & Materials,2022.0
LC-2022-01897,2022-06-14,TechSupplies Panama,26620.71,Office Supplies,Legal,Panama,Fixed Price,2022.0
LC-2022-01898,2022-09-10,Oficentro Internacional,247304.74,Logistics & Transport,Procurement,Panama,Fixed Price,2022.0
LC-2022-01899,2022-04-20,TechSupplies Panama,,Office Supplies,HR,Panama,Framework Agreement,2022.0
LC-2022-01900,2022-08-26,IT Solutions Group,3155.11,Maintenance & Repair,Legal,Panama,Time & Materials,2022.0
LC-2022-01901,2022-01-24,Ferremax Industrial,83813.16,Professional Services,Legal,USA,Spot Purchase,2022.0
LC-2022-01902,2022-01-22,Ferremax Industrial,24328.81,Professional Services,Marketing,Panama,Framework Agreement,2022.0
LC-2023-01903,2023-09-08,Cleaning Pro Services,28557.84,Catering & Food,Sales,Panama,Fixed Price,2023.0
LC-2023-01904,2023-02-19,Grupo Logístico del Istmo,56589.04,Maintenance & Repair,IT,Panama,Framework Agreement,2023.0
LC-2023-01905,2023-10-23,Grupo Logístico del Istmo,31927.96,Maintenance & Repair,Procurement,Panama,Time & Materials,2023.0
LC-2022-01906,2022-01-21,Grupo Logístico del Istmo,62147.15,Maintenance & Repair,Sales,Panama,Spot Purchase,2022.0
LC-2022-01907,2022-10-03,Distribuidora Global S.A.,5513.47,IT & Technology,Logistics,Panama,Time & Materials,2022.0
LC-2022-01908,2022-02-07,TechSupplies Panama,9394.49,Office Supplies,Administration,Colombia,Time & Materials,2022.0
LC-2022-01909,2022-09-14,Distribuidora Global S.A.,8667.1,IT & Technology,HR,Panama,Fixed Price,2022.0
LC-2022-01910,2022-08-23,Oficentro Internacional,43110.92,Logistics & Transport,Legal,Panama,Time & Materials,2022.0
LC-2022-01911,2022-10-23,IT Solutions Group,66089.98,Maintenance & Repair,Administration,Panama,Time & Materials,2022.0
LC-2022-01912,2022-03-10,TechSupplies Panama,500000.0,Office Supplies,IT,USA,Fixed Price,2022.0
LC-2022-01913,2022-07-03,MedEquip Latinoamerica,12798.42,Security,Procurement,USA,Framework Agreement,2022.0
LC-2023-01914,2023-06-10,Distribuidora Global S.A.,66238.25,IT & Technology,HR,Mexico,Framework Agreement,2023.0
LC-2022-01915,2022-06-09,Grupo Logístico del Istmo,4182.78,Maintenance & Repair,HR,Panama,Spot Purchase,2022.0
LC-2023-01916,2023-04-11,Grupo Logístico del Istmo,18935.46,Maintenance & Repair,Logistics,Panama,Time & Materials,2023.0
LC-2022-01917,2022-05-20,DataCenter Solutions,,Medical Supplies,Operations,Panama,Spot Purchase,2022.0
LC-2023-01918,2023-06-22,Transportes Rápidos S.A.,1936.68,Marketing,Legal,USA,Spot Purchase,2023.0
LC-2022-01919,2022-09-15,Seguridad Total Corp,3819.15,IT & Technology,Administration,Costa Rica,Spot Purchase,2022.0
LC-2023-01920,2023-09-07,Ferremax Industrial,20609.17,Professional Services,Operations,Panama,Fixed Price,2023.0
LC-2023-01921,2023-01-18,Uniforms & Workwear Co.,,Professional Services,Legal,Panama,Framework Agreement,2023.0
LC-2023-01922,2023-10-27,TechSupplies Panama,89098.01,Office Supplies,HR,Panama,Time & Materials,2023.0
LC-2023-01923,2023-02-13,Uniforms & Workwear Co.,983.27,Professional Services,Procurement,Panama,Spot Purchase,2023.0
LC-2022-01924,2022-05-30,Ferremax Industrial,48392.31,Professional Services,Legal,Panama,Time & Materials,2022.0
LC-2022-01925,2022-03-21,Distribuidora Global S.A.,437529.41,IT & Technology,Procurement,Panama,Spot Purchase,2022.0
LC-2022-01926,2022-12-06,Ferremax Industrial,12049.02,Professional Services,Procurement,Panama,Framework Agreement,2022.0
LC-2022-01927,2022-03-03,Suministros Médicos del Sur,,Uniforms & PPE,HR,Costa Rica,Framework Agreement,2022.0
LC-2022-01928,2022-12-22,Distribuidora Global S.A.,25765.58,IT & Technology,Legal,Panama,Spot Purchase,2022.0
LC-2023-01929,2023-03-20,MedEquip Latinoamerica,25627.97,Security,Finance,Panama,Spot Purchase,2023.0
LC-2022-01930,2022-06-07,Papelería y Más,92736.85,Uniforms & PPE,Administration,USA,Fixed Price,2022.0
LC-2022-01931,2022-07-21,Ferremax Industrial,8304.4,Professional Services,Logistics,Panama,Time & Materials,2022.0
LC-2022-01932,2022-07-19,Distribuidora Global S.A.,65909.58,IT & Technology,Logistics,Panama,Time & Materials,2022.0
LC-2022-01933,2022-08-04,Uniforms & Workwear Co.,,Professional Services,Legal,USA,Framework Agreement,2022.0
LC-2023-01934,2023-04-25,Oficentro Internacional,31979.87,Logistics & Transport,Procurement,Panama,Time & Materials,2023.0
LC-2023-01935,2023-04-26,Distribuidora Global S.A.,500000.0,IT & Technology,Procurement,Panama,Framework Agreement,2023.0
LC-2023-01936,2023-06-24,Uniforms & Workwear Co.,515.71,Professional Services,Sales,Colombia,Framework Agreement,2023.0
LC-2022-01937,2022-08-20,MedEquip Latinoamerica,7191.17,Security,Logistics,USA,Time & Materials,2022.0
LC-2022-01938,2022-02-22,Energía Renovable S.A.,9912.38,Catering & Food,Logistics,USA,Spot Purchase,2022.0
LC-2022-01939,2022-08-13,Distribuidora Global S.A.,133645.17,IT & Technology,HR,USA,Time & Materials,2022.0
LC-2023-01940,2023-02-27,Energía Renovable S.A.,5692.9,Catering & Food,Marketing,USA,Framework Agreement,2023.0
LC-2023-01941,2023-11-10,Distribuidora Global S.A.,52557.37,IT & Technology,HR,USA,Spot Purchase,2023.0
LC-2023-01942,2023-04-30,Grupo Logístico del Istmo,22697.76,Maintenance & Repair,Legal,Panama,Spot Purchase,2023.0
LC-2023-01943,2023-08-26,Oficentro Internacional,50158.95,Logistics & Transport,Procurement,USA,Spot Purchase,2023.0
LC-2023-01944,2023-09-05,TechSupplies Panama,24056.71,Office Supplies,HR,Panama,Time & Materials,2023.0
LC-2023-01945,2023-05-20,Distribuidora Global S.A.,76564.31,IT & Technology,Operations,Panama,Spot Purchase,2023.0
LC-2023-01946,2023-04-28,Transportes Rápidos S.A.,2823.08,Marketing,HR,Panama,Fixed Price,2023.0
LC-2022-01947,2022-02-11,Grupo Logístico del Istmo,57097.78,Maintenance & Repair,Sales,Colombia,Fixed Price,2022.0
LC-2022-01948,2022-07-16,Suministros Médicos del Sur,4703.71,Uniforms & PPE,Finance,Panama,Fixed Price,2022.0
LC-2023-01949,2023-09-23,Ferremax Industrial,140261.01,Professional Services,Logistics,USA,Framework Agreement,2023.0
LC-2022-01950,2022-06-11,Distribuidora Global S.A.,34143.5,IT & Technology,Procurement,USA,Framework Agreement,2022.0
LC-2022-01951,2022-12-13,Cleaning Pro Services,343.93,Catering & Food,Logistics,Panama,Spot Purchase,2022.0
LC-2023-01952,2023-11-01,Grupo Logístico del Istmo,165099.86,Maintenance & Repair,Marketing,Panama,Framework Agreement,2023.0
LC-2022-01953,2022-08-04,TechSupplies Panama,12248.04,Office Supplies,Logistics,Colombia,Framework Agreement,2022.0
LC-2022-01954,2022-04-21,Distribuidora Global S.A.,16572.18,IT & Technology,Administration,Panama,Time & Materials,2022.0
LC-2023-01955,2023-08-17,Oficentro Internacional,17768.93,Logistics & Transport,Sales,Colombia,Framework Agreement,2023.0
LC-2023-01956,2023-12-28,Energía Renovable S.A.,38625.08,Catering & Food,Marketing,Costa Rica,Framework Agreement,2023.0
LC-2022-01957,2022-02-20,TechSupplies Panama,2799.49,Office Supplies,IT,Panama,Fixed Price,2022.0
LC-2023-01958,2023-12-28,TechSupplies Panama,500000.0,Office Supplies,Procurement,Panama,Spot Purchase,2023.0
LC-2023-01959,2023-08-04,Papelería y Más,23958.66,Uniforms & PPE,Legal,Colombia,Framework Agreement,2023.0
LC-2023-01960,2023-05-14,TechSupplies Panama,47471.59,Office Supplies,Logistics,Panama,Fixed Price,2023.0
LC-2022-01961,2022-10-12,TechSupplies Panama,34000.39,Office Supplies,Marketing,USA,Spot Purchase,2022.0
LC-2023-01962,2023-09-22,SEGURIDAD TOTAL CORP,7542.67,IT & Technology,Sales,Costa Rica,Framework Agreement,2023.0
LC-2022-01963,2022-06-01,Catering Express Panama,10739.5,Logistics & Transport,Marketing,Panama,Time & Materials,2022.0
LC-2023-01964,2023-03-22,Ferremax Industrial,78767.73,Professional Services,Marketing,Panama,Time & Materials,2023.0
LC-2023-01965,2023-07-06,Publicidad Digital LATAM,11309.59,Marketing,Administration,USA,Framework Agreement,2023.0
LC-2023-01966,2023-05-01,Distribuidora Global S.A.,40436.85,IT & Technology,Administration,Colombia,Fixed Price,2023.0
LC-2023-01967,2023-08-29,Uniforms & Workwear Co.,3655.52,Professional Services,Administration,Panama,Framework Agreement,2023.0
LC-2023-01968,2023-02-09,IT Solutions Group,3917.03,Maintenance & Repair,IT,Colombia,Framework Agreement,2023.0
LC-2022-01969,2022-01-03,Consultoría Estratégica,3668.86,Medical Supplies,Procurement,Panama,Spot Purchase,2022.0
LC-2023-01970,2023-05-29,Oficentro Internacional,141566.4,Logistics & Transport,Marketing,Panama,Fixed Price,2023.0
LC-2023-01971,2023-05-24,Seguridad Total Corp,11972.11,IT & Technology,Administration,Colombia,Fixed Price,2023.0
LC-2023-01972,2023-07-29,Oficentro Internacional,1065.86,Logistics & Transport,Finance,Panama,Spot Purchase,2023.0
LC-2023-01973,2023-10-25,Distribuidora Global S.A.,79784.21,IT & Technology,Legal,Panama,Framework Agreement,2023.0
LC-2023-01974,2023-11-19,Energía Renovable S.A.,6582.07,Catering & Food,Logistics,Panama,Framework Agreement,2023.0
LC-2022-01975,2022-11-13,Papelería y Más,4778.76,Uniforms & PPE,Sales,Panama,Framework Agreement,2022.0
LC-2022-01976,2022-09-03,Distribuidora Global S.A.,22783.18,IT & Technology,HR,Panama,Fixed Price,2022.0
LC-2022-01977,2022-12-12,Oficentro Internacional,139935.27,Logistics & Transport,HR,Panama,Spot Purchase,2022.0
LC-2022-01978,2022-03-27,Ferremax Industrial,113213.62,Professional Services,Finance,USA,Framework Agreement,2022.0
LC-2023-01979,2023-09-28,Mantenimiento Integral,1541.77,Office Supplies,Marketing,Panama,Fixed Price,2023.0
LC-2023-01980,2023-06-19,Distribuidora Global S.A.,59187.33,IT & Technology,HR,Panama,Time & Materials,2023.0
LC-2023-01981,2023-02-03,FleetCars Panama,1144.26,Security,Sales,Panama,Framework Agreement,2023.0
LC-2022-01982,2022-07-14,Seguridad Total Corp,620.53,IT & Technology,Legal,Panama,Time & Materials,2022.0
LC-2023-01983,2023-07-25,Transportes Rápidos S.A.,1919.7,Marketing,IT,Colombia,Spot Purchase,2023.0
LC-2022-01984,2022-07-12,TechSupplies Panama,,Office Supplies,Operations,Panama,Spot Purchase,2022.0
LC-2022-01985,2022-11-19,Energía Renovable S.A.,20530.93,Catering & Food,Sales,Panama,Fixed Price,2022.0
LC-2023-01986,2023-08-31,Cleaning Pro Services,10610.81,Catering & Food,Marketing,Mexico,Fixed Price,2023.0
LC-2023-01987,2023-10-16,Papelería y Más,14583.47,Uniforms & PPE,Sales,Panama,Fixed Price,2023.0
LC-2023-01988,2023-11-12,Oficentro Internacional,67468.35,Logistics & Transport,Finance,Panama,Framework Agreement,2023.0
LC-2023-01989,2023-02-26,Grupo Logístico del Istmo,16818.29,Maintenance & Repair,HR,Panama,Framework Agreement,2023.0
LC-2022-01990,2022-01-27,Ferremax Industrial,60980.36,Professional Services,Logistics,Panama,Fixed Price,2022.0
LC-2023-01991,2023-01-07,IT Solutions Group,16327.63,Maintenance & Repair,Marketing,USA,Fixed Price,2023.0
LC-2023-01992,2023-08-20,Oficentro Internacional,89782.88,Logistics & Transport,Finance,Panama,Time & Materials,2023.0
LC-2023-01993,2023-12-31,Catering Express Panama,29242.26,Logistics & Transport,Marketing,Costa Rica,Fixed Price,2023.0
LC-2022-01994,2022-04-13,Oficentro Internacional,84962.45,Logistics & Transport,Marketing,Colombia,Framework Agreement,2022.0
LC-2022-01995,2022-10-03,FleetCars Panama,8326.28,Security,Legal,Panama,Framework Agreement,2022.0
LC-2022-01996,2022-02-13,Consultoría Estratégica,24470.54,Medical Supplies,Operations,Panama,Spot Purchase,2022.0
LC-2022-01997,2022-03-25,Oficentro Internacional,35177.94,Logistics & Transport,Administration,USA,Time & Materials,2022.0
LC-2023-01998,2023-04-27,Transportes Rápidos S.A.,1309.22,Marketing,Finance,Colombia,Fixed Price,2023.0
LC-2022-01999,2022-01-06,Consultoría Estratégica,3848.35,Medical Supplies,Marketing,Panama,Spot Purchase,2022.0
LC-2022-02000,2022-03-02,Papelería y Más,1607.84,Uniforms & PPE,IT,USA,Time & Materials,2022.0
LC-2023-02001,2023-02-19,Catering Express Panama,1785.11,Logistics & Transport,Logistics,Panama,Time & Materials,2023.0
LC-2022-02002,2022-09-19,Oficentro Internacional,30533.44,Logistics & Transport,Administration,Panama,Spot Purchase,2022.0
LC-2023-02003,2023-12-09,Grupo Logístico del Istmo,14032.01,Maintenance & Repair,IT,Costa Rica,Framework Agreement,2023.0
LC-2022-02004,2022-08-25,Distribuidora Global S.A.,25095.56,IT & Technology,IT,Panama,Fixed Price,2022.0
LC-2022-02005,2022-04-26,Transportes Rápidos S.A.,287.03,Marketing,HR,Panama,Framework Agreement,2022.0
LC-2022-02006,2022-12-16,Catering Express Panama,6767.86,Logistics & Transport,Operations,Panama,Fixed Price,2022.0
LC-2023-02007,2023-01-23,Seguridad Total Corp,4923.66,IT & Technology,Sales,Panama,Spot Purchase,2023.0
LC-2022-02008,2022-12-28,TechSupplies Panama,13622.71,Office Supplies,HR,Panama,Spot Purchase,2022.0
LC-2022-02009,2022-02-20,TechSupplies Panama,80105.1,Office Supplies,Procurement,Panama,Spot Purchase,2022.0
LC-2023-02010,2023-06-21,Seguridad Total Corp,20057.44,IT & Technology,Operations,Costa Rica,Spot Purchase,2023.0
LC-2022-02011,2022-01-15,TechSupplies Panama,5276.02,Office Supplies,Logistics,Panama,Spot Purchase,2022.0
LC-2023-02012,2023-04-06,Ferremax Industrial,14541.04,Professional Services,Logistics,Colombia,Time & Materials,2023.0
LC-2022-02013,2022-08-14,Publicidad Digital LATAM,1550.43,Marketing,Logistics,Panama,Spot Purchase,2022.0
LC-2022-02014,2022-04-23,DataCenter Solutions,1200.08,Medical Supplies,Legal,Panama,Time & Materials,2022.0
LC-2022-02015,2022-01-21,Distribuidora Global S.A.,98259.75,IT & Technology,Marketing,Panama,Spot Purchase,2022.0
LC-2023-02016,2023-10-05,Uniforms & Workwear Co.,3674.83,Professional Services,Logistics,Panama,Time & Materials,2023.0
LC-2022-02017,2022-01-02,Distribuidora Global S.A.,26438.65,IT & Technology,Marketing,Panama,Framework Agreement,2022.0
LC-2023-02018,2023-08-24,Papelería y Más,243.28,Uniforms & PPE,Legal,Panama,Framework Agreement,2023.0
LC-2023-02019,2023-01-25,Cleaning Pro Services,12747.97,Catering & Food,Administration,Panama,Fixed Price,2023.0
LC-2022-02020,2022-09-04,Distribuidora Global S.A.,8208.21,IT & Technology,Sales,Panama,Spot Purchase,2022.0
LC-2022-02021,2022-08-25,MedEquip Latinoamerica,5377.07,Security,Finance,Panama,Time & Materials,2022.0
LC-2022-02022,2022-05-19,MedEquip Latinoamerica,7450.72,Security,Finance,Panama,Spot Purchase,2022.0
LC-2022-02023,2022-05-04,Distribuidora Global S.A.,185867.68,IT & Technology,Operations,USA,Spot Purchase,2022.0
LC-2023-02024,2023-09-19,Uniforms & Workwear Co.,690.05,Professional Services,Finance,Panama,Time & Materials,2023.0
LC-2023-02025,2023-12-07,MedEquip Latinoamerica,53.02,Security,IT,Panama,Spot Purchase,2023.0
LC-2022-02026,2022-12-05,Papelería y Más,6475.46,Uniforms & PPE,Procurement,Panama,Spot Purchase,2022.0
LC-2023-02027,2023-01-01,Cleaning Pro Services,73186.54,Catering & Food,Operations,Panama,Framework Agreement,2023.0
LC-2022-02028,2022-07-17,Papelería y Más,31521.32,Uniforms & PPE,Administration,Panama,Framework Agreement,2022.0
LC-2022-02029,2022-05-16,Papelería y Más,6731.07,Uniforms & PPE,IT,Panama,Time & Materials,2022.0
LC-2023-02030,2023-01-11,Cleaning Pro Services,2350.88,Catering & Food,Operations,Panama,Time & Materials,2023.0
LC-2022-02031,2022-06-12,TRANSPORTES RÁPIDOS S.A.,16492.88,Marketing,HR,Colombia,Fixed Price,2022.0
LC-2022-02032,2022-06-11,MedEquip Latinoamerica,1141.02,Security,Legal,Panama,Fixed Price,2022.0
LC-2023-02033,2023-04-09,TechSupplies Panama,64320.22,Office Supplies,HR,Panama,Framework Agreement,2023.0
LC-2023-02034,2023-09-18,MedEquip Latinoamerica,10490.29,Security,Procurement,Panama,Time & Materials,2023.0
LC-2022-02035,2022-10-30,Cleaning Pro Services,24108.38,Catering & Food,Operations,Panama,Spot Purchase,2022.0
LC-2022-02036,2022-02-25,IT Solutions Group,308503.99,Maintenance & Repair,Finance,Colombia,Time & Materials,2022.0
LC-2022-02037,2022-02-24,Distribuidora Global S.A.,58156.86,IT & Technology,Procurement,Panama,Time & Materials,2022.0
LC-2022-02038,2022-09-05,Distribuidora Global S.A.,19717.14,IT & Technology,Operations,USA,Fixed Price,2022.0
LC-2022-02039,2022-07-02,Distribuidora Global S.A.,35217.94,IT & Technology,Logistics,Panama,Time & Materials,2022.0
LC-2023-02040,2023-06-15,Distribuidora Global S.A.,4346.42,IT & Technology,IT,Colombia,Fixed Price,2023.0
LC-2023-02041,2023-04-17,DataCenter Solutions,1733.56,Medical Supplies,Finance,Costa Rica,Framework Agreement,2023.0
LC-2023-02042,2023-11-12,Distribuidora Global S.A.,22222.51,IT & Technology,Operations,Mexico,Fixed Price,2023.0
LC-2022-02043,2022-03-26,Distribuidora Global S.A.,19362.51,IT & Technology,HR,Costa Rica,Fixed Price,2022.0
LC-2022-02044,2022-02-28,Grupo Logístico del Istmo,43600.58,Maintenance & Repair,Marketing,Colombia,Framework Agreement,2022.0
LC-2023-02045,2023-11-20,Transportes Rápidos S.A.,1431.35,Marketing,Sales,Panama,Spot Purchase,2023.0
LC-2023-02046,2023-07-13,Papelería y Más,26411.27,Uniforms & PPE,Logistics,Panama,Fixed Price,2023.0
LC-2022-02047,2022-06-04,Ferremax Industrial,36324.53,Professional Services,Procurement,USA,Fixed Price,2022.0
LC-2022-02048,2022-02-11,Seguridad Total Corp,4846.68,IT & Technology,Sales,Panama,Spot Purchase,2022.0
LC-2022-02049,2022-12-20,Distribuidora Global S.A.,24502.4,IT & Technology,Logistics,Panama,Spot Purchase,2022.0
LC-2023-02050,2023-07-31,Oficentro Internacional,43749.21,Logistics & Transport,HR,Panama,Spot Purchase,2023.0
LC-2023-02051,2023-01-10,Ferremax Industrial,97745.06,Professional Services,Sales,Panama,Fixed Price,2023.0
LC-2023-02052,2023-10-03,Papelería y Más,1338.5,Uniforms & PPE,Marketing,Costa Rica,Fixed Price,2023.0
LC-2023-02053,2023-09-25,Cleaning Pro Services,1831.38,Catering & Food,Administration,USA,Spot Purchase,2023.0
LC-2022-02054,2022-03-08,Seguridad Total Corp,3116.33,IT & Technology,Marketing,Panama,Time & Materials,2022.0
LC-2023-02055,2023-07-24,IT Solutions Group,652.75,Maintenance & Repair,Logistics,USA,Fixed Price,2023.0
LC-2023-02056,2023-05-26,Papelería y Más,1438.15,Uniforms & PPE,HR,USA,Spot Purchase,2023.0
LC-2023-02057,2023-02-14,Transportes Rápidos S.A.,2405.87,Marketing,IT,USA,Fixed Price,2023.0
LC-2022-02058,2022-06-24,Transportes Rápidos S.A.,18243.86,Marketing,Administration,Colombia,Framework Agreement,2022.0
LC-2022-02059,2022-09-06,Oficentro Internacional,49765.32,Logistics & Transport,Logistics,Panama,Fixed Price,2022.0
LC-2022-02060,2022-04-17,Papelería y Más,6570.76,Uniforms & PPE,Marketing,Panama,Time & Materials,2022.0
LC-2022-02061,2022-06-10,IT Solutions Group,17612.2,Maintenance & Repair,Legal,Panama,Spot Purchase,2022.0
LC-2022-02062,2022-08-23,IT Solutions Group,3999.57,Maintenance & Repair,Operations,Panama,Spot Purchase,2022.0
LC-2023-02063,2023-11-16,TechSupplies Panama,58020.86,Office Supplies,IT,Costa Rica,Fixed Price,2023.0
LC-2022-02064,2022-08-20,Oficentro Internacional,32084.68,Logistics & Transport,Logistics,USA,Fixed Price,2022.0
LC-2022-02065,2022-05-18,Ferremax Industrial,49932.87,Professional Services,HR,Panama,Framework Agreement,2022.0
LC-2022-02066,2022-10-26,Transportes Rápidos S.A.,2050.55,Marketing,Operations,Panama,Fixed Price,2022.0
LC-2023-02067,2023-08-25,Seguridad Total Corp,126.69,IT & Technology,Sales,Panama,Framework Agreement,2023.0
LC-2022-02068,2022-04-07,TechSupplies Panama,30910.93,Office Supplies,HR,Panama,Fixed Price,2022.0
LC-2023-02069,2023-09-14,Uniforms & Workwear Co.,41527.96,Professional Services,Finance,USA,Fixed Price,2023.0
LC-2023-02070,2023-02-19,Transportes Rápidos S.A.,19718.71,Marketing,Procurement,Panama,Time & Materials,2023.0
LC-2022-02071,2022-03-27,Grupo Logístico del Istmo,115667.73,Maintenance & Repair,Operations,Costa Rica,Fixed Price,2022.0
LC-2023-02072,2023-04-18,Seguridad Total Corp,31388.48,IT & Technology,Sales,Panama,Fixed Price,2023.0
LC-2022-02073,2022-07-09,Papelería y Más,5613.82,Uniforms & PPE,Marketing,Panama,Fixed Price,2022.0
LC-2022-02074,2022-04-25,Cleaning Pro Services,6607.59,Catering & Food,Sales,Mexico,Spot Purchase,2022.0
LC-2023-02075,2023-10-15,Distribuidora Global S.A.,17306.16,IT & Technology,Legal,Panama,Spot Purchase,2023.0
LC-2022-02076,2022-01-04,Publicidad Digital LATAM,3059.14,Marketing,Finance,Costa Rica,Spot Purchase,2022.0
LC-2022-02077,2022-03-20,Cleaning Pro Services,12377.76,Catering & Food,Sales,Panama,Fixed Price,2022.0
LC-2023-02078,2023-07-07,MedEquip Latinoamerica,29906.37,Security,Administration,Panama,Fixed Price,2023.0
LC-2023-02079,2023-02-22,Oficentro Internacional,30719.86,Logistics & Transport,Operations,USA,Time & Materials,2023.0
LC-2022-02080,2022-03-17,TechSupplies Panama,21157.99,Office Supplies,Administration,USA,Time & Materials,2022.0
LC-2022-02081,2022-05-14,Distribuidora Global S.A.,36338.52,IT & Technology,Logistics,Panama,Framework Agreement,2022.0
LC-2022-02082,2022-09-01,Catering Express Panama,12110.28,Logistics & Transport,Operations,Mexico,Framework Agreement,2022.0
LC-2022-02083,2022-04-30,Seguridad Total Corp,563.53,IT & Technology,Operations,USA,Fixed Price,2022.0
LC-2023-02084,2023-01-05,Energía Renovable S.A.,156.92,Catering & Food,IT,Panama,Time & Materials,2023.0
LC-2023-02085,2023-12-03,IT Solutions Group,2152.09,Maintenance & Repair,Operations,Panama,Time & Materials,2023.0
LC-2022-02086,2022-09-18,Distribuidora Global S.A.,8392.93,IT & Technology,HR,Mexico,Time & Materials,2022.0
LC-2023-02087,2023-05-13,Ferremax Industrial,19736.63,Professional Services,HR,Panama,Fixed Price,2023.0
LC-2023-02088,2023-06-22,DataCenter Solutions,3937.61,Medical Supplies,HR,USA,Time & Materials,2023.0
LC-2023-02089,2023-06-25,Distribuidora Global S.A.,21080.46,IT & Technology,Logistics,USA,Fixed Price,2023.0
LC-2023-02090,2023-02-22,TechSupplies Panama,207515.44,Office Supplies,Marketing,Costa Rica,Time & Materials,2023.0
LC-2023-02091,2023-04-08,PAPELERÍA Y MÁS,8023.4,Uniforms & PPE,Operations,Panama,Framework Agreement,2023.0
LC-2022-02092,2022-10-24,Ferremax Industrial,52081.72,Professional Services,Administration,USA,Fixed Price,2022.0
LC-2023-02093,2023-02-17,Suministros Médicos del Sur,12497.84,Uniforms & PPE,Logistics,USA,Time & Materials,2023.0
LC-2023-02094,2023-11-04,Cleaning Pro Services,890.47,Catering & Food,Administration,USA,Spot Purchase,2023.0
LC-2022-02095,2022-05-29,Cleaning Pro Services,23357.37,Catering & Food,Procurement,Panama,Framework Agreement,2022.0
LC-2023-02096,2023-08-02,Consultoría Estratégica,4386.79,Medical Supplies,IT,Panama,Framework Agreement,2023.0
LC-2022-02097,2022-07-14,Oficentro Internacional,81192.38,Logistics & Transport,Administration,Panama,Time & Materials,2022.0
LC-2023-02098,2023-02-18,TechSupplies Panama,10034.37,Office Supplies,HR,Mexico,Spot Purchase,2023.0
LC-2022-02099,2022-06-08,Cleaning Pro Services,477.88,Catering & Food,Operations,USA,Spot Purchase,2022.0
LC-2022-02100,2022-06-28,Publicidad Digital LATAM,16761.41,Marketing,Operations,Colombia,Spot Purchase,2022.0
LC-2022-02101,2022-11-30,Papelería y Más,8643.94,Uniforms & PPE,Marketing,USA,Time & Materials,2022.0
LC-2022-02102,2022-10-19,TechSupplies Panama,12302.26,Office Supplies,Marketing,Panama,Fixed Price,2022.0
LC-2022-02103,2022-12-16,Uniforms & Workwear Co.,,Professional Services,Finance,Panama,Spot Purchase,2022.0
LC-2023-02104,2023-03-21,Grupo Logístico del Istmo,140157.45,Maintenance & Repair,Sales,USA,Time & Materials,2023.0
LC-2022-02105,2022-08-10,Cleaning Pro Services,,Catering & Food,Sales,Panama,Fixed Price,2022.0
LC-2023-02106,2023-06-26,DataCenter Solutions,57757.55,Medical Supplies,HR,Mexico,Time & Materials,2023.0
LC-2023-02107,2023-02-13,Distribuidora Global S.A.,12323.4,IT & Technology,IT,Mexico,Framework Agreement,2023.0
LC-2022-02108,2022-01-31,Oficentro Internacional,78125.38,Logistics & Transport,Marketing,Panama,Fixed Price,2022.0
LC-2023-02109,2023-02-03,Distribuidora Global S.A.,24481.13,IT & Technology,Marketing,Panama,Spot Purchase,2023.0
LC-2022-02110,2022-03-25,Seguridad Total Corp,12146.32,IT & Technology,Marketing,Panama,Fixed Price,2022.0
LC-2023-02111,2023-01-20,Publicidad Digital LATAM,2172.92,Marketing,Operations,Panama,Fixed Price,2023.0
LC-2022-02112,2022-02-25,Oficentro Internacional,29871.15,Logistics & Transport,Administration,Panama,Framework Agreement,2022.0
LC-2023-02113,2023-10-05,MedEquip Latinoamerica,5225.88,Security,Administration,Panama,Spot Purchase,2023.0
LC-2023-02114,2023-03-30,Oficentro Internacional,10909.35,Logistics & Transport,Operations,USA,Spot Purchase,2023.0
LC-2023-02115,2023-02-26,Energía Renovable S.A.,14931.62,Catering & Food,HR,Costa Rica,Spot Purchase,2023.0
LC-2023-02116,2023-10-03,MedEquip Latinoamerica,2276.01,Security,Finance,Costa Rica,Spot Purchase,2023.0
LC-2022-02117,2022-09-27,Suministros Médicos del Sur,,Uniforms & PPE,Administration,Colombia,Fixed Price,2022.0
LC-2023-02118,2023-04-10,Oficentro Internacional,11012.44,Logistics & Transport,IT,Panama,Time & Materials,2023.0
LC-2023-02119,2023-02-15,Oficentro Internacional,1677.73,Logistics & Transport,HR,Panama,Framework Agreement,2023.0
LC-2022-02120,2022-03-22,DISTRIBUIDORA GLOBAL S.A.,28876.02,IT & Technology,HR,Colombia,Fixed Price,2022.0
LC-2022-02121,2022-05-16,Papelería y Más,183308.01,Uniforms & PPE,IT,USA,Framework Agreement,2022.0
LC-2022-02122,2022-03-18,Grupo Logístico del Istmo,93108.91,Maintenance & Repair,IT,Panama,Spot Purchase,2022.0
LC-2022-02123,2022-02-18,Cleaning Pro Services,4774.81,Catering & Food,HR,USA,Framework Agreement,2022.0
LC-2022-02124,2022-10-19,Publicidad Digital LATAM,3313.18,Marketing,Finance,Panama,Framework Agreement,2022.0
LC-2023-02125,2023-07-02,TechSupplies Panama,37307.85,Office Supplies,Finance,Panama,Spot Purchase,2023.0
LC-2022-02126,2022-03-18,Seguridad Total Corp,,IT & Technology,Marketing,Panama,Time & Materials,2022.0
LC-2022-02127,2022-04-15,Ferremax Industrial,8804.56,Professional Services,Administration,USA,Time & Materials,2022.0
LC-2023-02128,2023-05-19,Grupo Logístico del Istmo,138300.76,Maintenance & Repair,Administration,USA,Framework Agreement,2023.0
LC-2022-02129,2022-04-28,Seguridad Total Corp,14372.5,IT & Technology,IT,USA,Time & Materials,2022.0
LC-2023-02130,2023-08-10,Oficentro Internacional,85975.95,Logistics & Transport,Operations,Panama,Time & Materials,2023.0
LC-2023-02131,2023-02-17,Seguridad Total Corp,9487.34,IT & Technology,Administration,USA,Spot Purchase,2023.0
LC-2023-02132,2023-02-19,Transportes Rápidos S.A.,5061.53,Marketing,Legal,USA,Time & Materials,2023.0
LC-2022-02133,2022-03-28,Distribuidora Global S.A.,81424.66,IT & Technology,Operations,Panama,Time & Materials,2022.0
LC-2023-02134,2023-11-27,Grupo Logístico del Istmo,73878.49,Maintenance & Repair,HR,Panama,Spot Purchase,2023.0
LC-2023-02135,2023-02-19,MedEquip Latinoamerica,2889.79,Security,Procurement,Panama,Framework Agreement,2023.0
LC-2022-02136,2022-12-02,Seguridad Total Corp,2078.91,IT & Technology,HR,Panama,Time & Materials,2022.0
LC-2022-02137,2022-08-29,Consultoría Estratégica,5726.07,Medical Supplies,Marketing,USA,Framework Agreement,2022.0
LC-2022-02138,2022-02-08,MedEquip Latinoamerica,50187.95,Security,Operations,Panama,Time & Materials,2022.0
LC-2023-02139,2023-09-05,Transportes Rápidos S.A.,766.12,Marketing,IT,Colombia,Spot Purchase,2023.0
LC-2023-02140,2023-09-17,DataCenter Solutions,543.87,Medical Supplies,Logistics,USA,Framework Agreement,2023.0
LC-2022-02141,2022-02-06,Oficentro Internacional,44254.53,Logistics & Transport,Procurement,Colombia,Spot Purchase,2022.0
LC-2023-02142,2023-02-04,TechSupplies Panama,38602.23,Office Supplies,Marketing,Panama,Spot Purchase,2023.0
LC-2023-02143,2023-01-25,TechSupplies Panama,44712.57,Office Supplies,Administration,Panama,Framework Agreement,2023.0
LC-2023-02144,2023-01-29,DataCenter Solutions,7086.38,Medical Supplies,Procurement,USA,Spot Purchase,2023.0
LC-2022-02145,2022-05-13,Grupo Logístico del Istmo,27782.38,Maintenance & Repair,Procurement,Costa Rica,Time & Materials,2022.0
LC-2023-02146,2023-02-13,Papelería y Más,45926.39,Uniforms & PPE,Marketing,Panama,Fixed Price,2023.0
LC-2023-02147,2023-02-04,Grupo Logístico del Istmo,5318.33,Maintenance & Repair,Logistics,Panama,Framework Agreement,2023.0
LC-2022-02148,2022-06-21,MedEquip Latinoamerica,1418.36,Security,Operations,Colombia,Fixed Price,2022.0
LC-2022-02149,2022-07-06,Oficentro Internacional,32083.41,Logistics & Transport,Sales,Panama,Framework Agreement,2022.0
LC-2022-02150,2022-07-10,TechSupplies Panama,5055.2,Office Supplies,Sales,USA,Framework Agreement,2022.0
LC-2022-02151,2022-08-16,MedEquip Latinoamerica,3775.24,Security,Administration,Panama,Spot Purchase,2022.0
LC-2022-02152,2022-06-18,FleetCars Panama,59409.25,Security,Finance,Panama,Spot Purchase,2022.0
LC-2022-02153,2022-07-02,TechSupplies Panama,37237.21,Office Supplies,Sales,Costa Rica,Spot Purchase,2022.0
LC-2023-02154,2023-12-13,Cleaning Pro Services,6946.9,Catering & Food,Legal,USA,Time & Materials,2023.0
LC-2023-02155,2023-07-28,Grupo Logístico del Istmo,8004.85,Maintenance & Repair,IT,USA,Fixed Price,2023.0
LC-2023-02156,2023-07-27,DataCenter Solutions,1949.75,Medical Supplies,Marketing,Panama,Spot Purchase,2023.0
LC-2022-02157,2022-01-08,Seguridad Total Corp,2799.53,IT & Technology,Logistics,Panama,Time & Materials,2022.0
LC-2022-02158,2022-04-26,Transportes Rápidos S.A.,3051.62,Marketing,Marketing,USA,Fixed Price,2022.0
LC-2022-02159,2022-10-03,TechSupplies Panama,169053.85,Office Supplies,Sales,USA,Time & Materials,2022.0
LC-2023-02160,2023-04-10,Grupo Logístico del Istmo,70914.43,Maintenance & Repair,Finance,Panama,Framework Agreement,2023.0
LC-2023-02161,2023-03-06,TechSupplies Panama,9568.68,Office Supplies,HR,Panama,Time & Materials,2023.0
LC-2022-02162,2022-02-16,TechSupplies Panama,,Office Supplies,Legal,Panama,Framework Agreement,2022.0
LC-2022-02163,2022-02-06,TechSupplies Panama,66030.11,Office Supplies,Finance,Panama,Fixed Price,2022.0
LC-2023-02164,2023-07-29,MedEquip Latinoamerica,27179.64,Security,Finance,Colombia,Spot Purchase,2023.0
LC-2022-02165,2022-08-29,Ferremax Industrial,241989.31,Professional Services,Logistics,Panama,Time & Materials,2022.0
LC-2023-02166,2023-07-25,Grupo Logístico del Istmo,10741.68,Maintenance & Repair,HR,Panama,Framework Agreement,2023.0
LC-2023-02167,2023-04-06,Distribuidora Global S.A.,13724.95,IT & Technology,Sales,Mexico,Spot Purchase,2023.0
LC-2023-02168,2023-11-17,Distribuidora Global S.A.,8029.73,IT & Technology,Sales,USA,Framework Agreement,2023.0
LC-2022-02169,2022-07-02,Grupo Logístico del Istmo,27424.06,Maintenance & Repair,Sales,Panama,Framework Agreement,2022.0
LC-2022-02170,,Distribuidora Global S.A.,,IT & Technology,Finance,Colombia,Spot Purchase,
LC-2023-02171,2023-10-17,Distribuidora Global S.A.,118753.05,IT & Technology,HR,Panama,Framework Agreement,2023.0
LC-2022-02172,,Consultoría Estratégica,4385.56,Medical Supplies,HR,Colombia,Fixed Price,
LC-2023-02173,2023-10-11,Oficentro Internacional,24740.16,Logistics & Transport,Operations,USA,Time & Materials,2023.0
LC-2023-02174,2023-01-31,Distribuidora Global S.A.,43569.37,IT & Technology,Logistics,Panama,Spot Purchase,2023.0
LC-2023-02175,2023-10-15,Ferremax Industrial,13330.75,Professional Services,IT,Panama,Spot Purchase,2023.0
LC-2023-02176,2023-06-12,Grupo Logístico del Istmo,445720.1,Maintenance & Repair,Operations,Panama,Framework Agreement,2023.0
LC-2022-02177,2022-06-27,Oficentro Internacional,5275.38,Logistics & Transport,Finance,USA,Time & Materials,2022.0
LC-2023-02178,,Distribuidora Global S.A.,45328.38,IT & Technology,Finance,Panama,Time & Materials,
LC-2022-02179,2022-01-09,Oficentro Internacional,411814.16,Logistics & Transport,Finance,Panama,Spot Purchase,2022.0
LC-2022-02180,2022-12-20,Ferremax Industrial,,Professional Services,IT,Costa Rica,Spot Purchase,2022.0
LC-2022-02181,2022-07-01,MedEquip Latinoamerica,3695.76,Security,Finance,Colombia,Spot Purchase,2022.0
LC-2023-02182,2023-05-11,Oficentro Internacional,23648.75,Logistics & Transport,Sales,USA,Framework Agreement,2023.0
LC-2023-02183,2023-06-08,Distribuidora Global S.A.,29246.93,IT & Technology,HR,USA,Fixed Price,2023.0
LC-2023-02184,2023-02-06,Grupo Logístico del Istmo,188606.51,Maintenance & Repair,Marketing,Panama,Fixed Price,2023.0
LC-2023-02185,2023-04-14,Consultoría Estratégica,178.08,Medical Supplies,Procurement,Panama,Fixed Price,2023.0
LC-2022-02186,2022-01-30,Papelería y Más,49028.18,Uniforms & PPE,Administration,Colombia,Time & Materials,2022.0
LC-2022-02187,2022-06-25,MedEquip Latinoamerica,580.6,Security,Administration,Panama,Spot Purchase,2022.0
LC-2022-02188,2022-08-30,DataCenter Solutions,3294.54,Medical Supplies,Administration,Panama,Framework Agreement,2022.0
LC-2023-02189,2023-08-15,Oficentro Internacional,21696.51,Logistics & Transport,Sales,Colombia,Time & Materials,2023.0
LC-2023-02190,2023-05-16,Energía Renovable S.A.,11882.59,Catering & Food,Logistics,Panama,Fixed Price,2023.0
LC-2022-02191,2022-09-11,Ferremax Industrial,5336.1,Professional Services,HR,Panama,Framework Agreement,2022.0
LC-2022-02192,2022-07-04,Oficentro Internacional,63234.62,Logistics & Transport,Procurement,USA,Fixed Price,2022.0
LC-2023-02193,2023-03-27,Cleaning Pro Services,102381.82,Catering & Food,Operations,Panama,Time & Materials,2023.0
LC-2022-02194,2022-04-26,Uniforms & Workwear Co.,636.03,Professional Services,Procurement,Mexico,Spot Purchase,2022.0
LC-2022-02195,2022-05-14,Distribuidora Global S.A.,45599.29,IT & Technology,Marketing,USA,Time & Materials,2022.0
LC-2023-02196,2023-07-16,Distribuidora Global S.A.,16409.59,IT & Technology,Sales,Panama,Fixed Price,2023.0
LC-2023-02197,2023-06-16,Seguridad Total Corp,9309.87,IT & Technology,Procurement,USA,Spot Purchase,2023.0
LC-2022-02198,2022-07-09,Transportes Rápidos S.A.,5057.98,Marketing,Sales,Colombia,Framework Agreement,2022.0
LC-2022-02199,2022-10-12,Mantenimiento Integral,1877.64,Office Supplies,Operations,Panama,Fixed Price,2022.0
LC-2022-02200,2022-04-23,Distribuidora Global S.A.,65215.13,IT & Technology,Administration,USA,Framework Agreement,2022.0
LC-2022-02201,2022-06-02,Consultoría Estratégica,73608.97,Medical Supplies,Administration,Panama,Fixed Price,2022.0
LC-2022-02202,2022-04-05,Energía Renovable S.A.,3690.97,Catering & Food,Sales,Colombia,Fixed Price,2022.0
LC-2022-02203,2022-01-06,Papelería y Más,14467.17,Uniforms & PPE,IT,Panama,Time & Materials,2022.0
LC-2022-02204,2022-05-29,Transportes Rápidos S.A.,706.34,Marketing,Procurement,Panama,Fixed Price,2022.0
LC-2023-02205,2023-02-24,Distribuidora Global S.A.,11525.03,IT & Technology,HR,Panama,Spot Purchase,2023.0
LC-2023-02206,2023-01-27,Cleaning Pro Services,9982.71,Catering & Food,Finance,Panama,Fixed Price,2023.0
LC-2022-02207,2022-12-18,Distribuidora Global S.A.,215548.07,IT & Technology,Operations,Panama,Time & Materials,2022.0
LC-2022-02208,2022-02-07,Energía Renovable S.A.,8378.47,Catering & Food,IT,USA,Time & Materials,2022.0
LC-2023-02209,2023-04-12,TechSupplies Panama,24942.55,Office Supplies,Operations,Colombia,Time & Materials,2023.0
LC-2022-02210,2022-06-30,MedEquip Latinoamerica,4909.55,Security,HR,Mexico,Framework Agreement,2022.0
LC-2022-02211,2022-01-09,Transportes Rápidos S.A.,753.24,Marketing,Marketing,Panama,Framework Agreement,2022.0
LC-2023-02212,2023-08-29,Cleaning Pro Services,12170.53,Catering & Food,Legal,Panama,Fixed Price,2023.0
LC-2022-02213,2022-08-08,Grupo Logístico del Istmo,104694.27,Maintenance & Repair,Legal,Panama,Fixed Price,2022.0
LC-2022-02214,2022-04-10,Seguridad Total Corp,2494.55,IT & Technology,Administration,USA,Fixed Price,2022.0
LC-2023-02215,2023-07-07,TechSupplies Panama,20659.89,Office Supplies,Sales,USA,Framework Agreement,2023.0
LC-2022-02216,2022-06-09,TechSupplies Panama,,Office Supplies,Operations,Panama,Fixed Price,2022.0
LC-2023-02217,2023-05-06,Grupo Logístico del Istmo,21502.75,Maintenance & Repair,Sales,USA,Time & Materials,2023.0
LC-2023-02218,2023-03-18,Cleaning Pro Services,4450.63,Catering & Food,Operations,Panama,Fixed Price,2023.0
LC-2022-02219,2022-12-17,Distribuidora Global S.A.,451200.08,IT & Technology,Logistics,USA,Fixed Price,2022.0
LC-2022-02220,2022-02-03,Uniforms & Workwear Co.,3392.97,Professional Services,Operations,Panama,Framework Agreement,2022.0
LC-2023-02221,2023-01-13,FleetCars Panama,2871.21,Security,Legal,USA,Spot Purchase,2023.0
LC-2023-02222,2023-01-16,Grupo Logístico del Istmo,16696.42,Maintenance & Repair,Administration,Colombia,Framework Agreement,2023.0
LC-2023-02223,2023-04-18,TechSupplies Panama,88701.35,Office Supplies,Finance,Panama,Framework Agreement,2023.0
LC-2022-02224,2022-08-01,Seguridad Total Corp,,IT & Technology,Marketing,Panama,Fixed Price,2022.0
LC-2022-02225,2022-10-10,MedEquip Latinoamerica,1855.56,Security,Finance,Panama,Spot Purchase,2022.0
LC-2023-02226,2023-11-18,MedEquip Latinoamerica,35666.1,Security,Marketing,Panama,Fixed Price,2023.0
LC-2023-02227,2023-04-20,IT Solutions Group,41332.5,Maintenance & Repair,Finance,Panama,Fixed Price,2023.0
LC-2022-02228,2022-12-07,Distribuidora Global S.A.,17667.67,IT & Technology,Operations,Panama,Time & Materials,2022.0
LC-2022-02229,2022-11-04,Grupo Logístico del Istmo,3866.68,Maintenance & Repair,Marketing,Panama,Spot Purchase,2022.0
LC-2022-02230,2022-07-06,TechSupplies Panama,121663.76,Office Supplies,Operations,USA,Spot Purchase,2022.0
LC-2023-02231,,Ferremax Industrial,,Professional Services,Legal,USA,Framework Agreement,
LC-2022-02232,2022-06-10,TechSupplies Panama,93784.11,Office Supplies,IT,USA,Spot Purchase,2022.0
LC-2022-02233,2022-06-02,Oficentro Internacional,3414.8,Logistics & Transport,Legal,Panama,Spot Purchase,2022.0
LC-2022-02234,2022-02-28,Catering Express Panama,18749.01,Logistics & Transport,Procurement,Panama,Fixed Price,2022.0
LC-2022-02235,2022-03-11,Oficentro Internacional,8489.57,Logistics & Transport,Sales,Colombia,Fixed Price,2022.0
LC-2022-02236,2022-01-21,DataCenter Solutions,14707.99,Medical Supplies,Finance,Panama,Fixed Price,2022.0
LC-2023-02237,2023-08-11,Seguridad Total Corp,,IT & Technology,Marketing,Panama,Framework Agreement,2023.0
LC-2023-02238,2023-09-18,Distribuidora Global S.A.,11559.61,IT & Technology,HR,Panama,Framework Agreement,2023.0
LC-2023-02239,2023-09-13,DataCenter Solutions,2668.96,Medical Supplies,Administration,USA,Spot Purchase,2023.0
LC-2023-02240,2023-12-03,Distribuidora Global S.A.,82750.24,IT & Technology,Procurement,USA,Spot Purchase,2023.0
LC-2022-02241,2022-04-12,Papelería y Más,5760.86,Uniforms & PPE,Finance,Panama,Spot Purchase,2022.0
LC-2022-02242,2022-08-27,Ferremax Industrial,73225.25,Professional Services,Administration,Panama,Time & Materials,2022.0
LC-2023-02243,2023-08-20,TechSupplies Panama,389153.33,Office Supplies,Marketing,Colombia,Framework Agreement,2023.0
LC-2022-02244,2022-06-19,Mantenimiento Integral,470.43,Office Supplies,Finance,Costa Rica,Framework Agreement,2022.0
LC-2023-02245,2023-06-12,Distribuidora Global S.A.,252876.14,IT & Technology,IT,Panama,Fixed Price,2023.0
LC-2023-02246,2023-11-08,Distribuidora Global S.A.,41160.2,IT & Technology,Legal,Panama,Time & Materials,2023.0
LC-2022-02247,2022-08-29,DataCenter Solutions,1276.43,Medical Supplies,Finance,USA,Fixed Price,2022.0
LC-2022-02248,2022-05-31,Ferremax Industrial,7358.59,Professional Services,Marketing,Mexico,Spot Purchase,2022.0
LC-2023-02249,2023-11-09,Distribuidora Global S.A.,28942.19,IT & Technology,Marketing,USA,Framework Agreement,2023.0
LC-2023-02250,2023-07-02,Publicidad Digital LATAM,19584.14,Marketing,Legal,Panama,Framework Agreement,2023.0
LC-2023-02251,2023-08-08,Uniforms & Workwear Co.,4058.94,Professional Services,Sales,USA,Time & Materials,2023.0
LC-2022-02252,2022-01-27,Energía Renovable S.A.,47416.82,Catering & Food,Marketing,Panama,Fixed Price,2022.0
LC-2023-02253,2023-01-25,Ferremax Industrial,6365.13,Professional Services,Finance,Panama,Time & Materials,2023.0
LC-2023-02254,2023-11-22,Seguridad Total Corp,4826.45,IT & Technology,Finance,Panama,Spot Purchase,2023.0
LC-2023-02255,2023-04-20,DataCenter Solutions,751.0,Medical Supplies,Marketing,USA,Time & Materials,2023.0
LC-2022-02256,2022-10-01,DataCenter Solutions,8479.85,Medical Supplies,Procurement,Colombia,Fixed Price,2022.0
LC-2022-02257,2022-04-26,Oficentro Internacional,105268.01,Logistics & Transport,Finance,USA,Spot Purchase,2022.0
LC-2023-02258,2023-11-22,DataCenter Solutions,2614.58,Medical Supplies,HR,USA,Framework Agreement,2023.0
LC-2023-02259,2023-04-17,Oficentro Internacional,1595.5,Logistics & Transport,Legal,Panama,Fixed Price,2023.0
LC-2023-02260,2023-09-12,DataCenter Solutions,6623.78,Medical Supplies,HR,Panama,Fixed Price,2023.0
LC-2022-02261,2022-09-29,Cleaning Pro Services,9462.65,Catering & Food,Legal,USA,Time & Materials,2022.0
LC-2022-02262,2022-01-12,Ferremax Industrial,58991.8,Professional Services,HR,Panama,Spot Purchase,2022.0
LC-2023-02263,2023-10-08,TechSupplies Panama,160001.53,Office Supplies,Sales,USA,Time & Materials,2023.0
LC-2022-02264,2022-09-30,Ferremax Industrial,10044.05,Professional Services,Administration,Mexico,Time & Materials,2022.0
LC-2023-02265,2023-02-09,Cleaning Pro Services,13634.03,Catering & Food,Legal,Panama,Framework Agreement,2023.0
LC-2022-02266,2022-01-23,Ferremax Industrial,151904.76,Professional Services,Administration,Panama,Spot Purchase,2022.0
LC-2023-02267,2023-01-02,TechSupplies Panama,4297.1,Office Supplies,Finance,USA,Time & Materials,2023.0
LC-2022-02268,2022-04-21,TechSupplies Panama,53294.17,Office Supplies,IT,Costa Rica,Spot Purchase,2022.0
LC-2022-02269,2022-09-18,Distribuidora Global S.A.,19830.65,IT & Technology,HR,Panama,Fixed Price,2022.0
LC-2022-02270,2022-10-13,Seguridad Total Corp,4349.06,IT & Technology,Operations,Panama,Framework Agreement,2022.0
LC-2022-02271,2022-07-17,Cleaning Pro Services,8279.31,Catering & Food,Legal,Panama,Fixed Price,2022.0
LC-2022-02272,2022-03-08,Grupo Logístico del Istmo,20238.17,Maintenance & Repair,Finance,USA,Spot Purchase,2022.0
LC-2023-02273,,MedEquip Latinoamerica,1783.69,Security,Marketing,Colombia,Fixed Price,
LC-2022-02274,2022-10-06,Grupo Logístico del Istmo,37834.74,Maintenance & Repair,Marketing,Panama,Fixed Price,2022.0
LC-2023-02275,2023-02-08,Suministros Médicos del Sur,962.11,Uniforms & PPE,IT,Panama,Time & Materials,2023.0
LC-2023-02276,2023-12-17,Cleaning Pro Services,964.16,Catering & Food,Marketing,USA,Time & Materials,2023.0
LC-2023-02277,2023-12-07,Ferremax Industrial,82063.44,Professional Services,Marketing,Panama,Framework Agreement,2023.0
LC-2022-02278,2022-04-24,Oficentro Internacional,9149.43,Logistics & Transport,Sales,Colombia,Fixed Price,2022.0
LC-2023-02279,2023-12-15,TechSupplies Panama,80787.3,Office Supplies,Procurement,Panama,Time & Materials,2023.0
LC-2023-02280,2023-12-01,Distribuidora Global S.A.,63266.39,IT & Technology,Procurement,Panama,Spot Purchase,2023.0
LC-2023-02281,2023-03-08,Papelería y Más,369.18,Uniforms & PPE,Marketing,Panama,Time & Materials,2023.0
LC-2022-02282,2022-12-02,Distribuidora Global S.A.,16105.6,IT & Technology,Marketing,USA,Framework Agreement,2022.0
LC-2022-02283,2022-05-20,Distribuidora Global S.A.,152197.04,IT & Technology,Administration,Colombia,Framework Agreement,2022.0
LC-2023-02284,2023-07-25,Distribuidora Global S.A.,11188.05,IT & Technology,Legal,Panama,Framework Agreement,2023.0
LC-2022-02285,2022-01-15,Oficentro Internacional,20800.14,Logistics & Transport,Legal,Panama,Time & Materials,2022.0
LC-2022-02286,2022-12-15,IT Solutions Group,9828.99,Maintenance & Repair,Procurement,Costa Rica,Spot Purchase,2022.0
LC-2023-02287,2023-06-03,Consultoría Estratégica,15916.09,Medical Supplies,Sales,Panama,Time & Materials,2023.0
LC-2023-02288,2023-01-26,IT Solutions Group,3370.08,Maintenance & Repair,Sales,Panama,Spot Purchase,2023.0
LC-2023-02289,2023-02-11,Grupo Logístico del Istmo,17729.55,Maintenance & Repair,Logistics,Panama,Fixed Price,2023.0
LC-2022-02290,2022-06-14,Energía Renovable S.A.,41504.4,Catering & Food,Operations,Colombia,Spot Purchase,2022.0
LC-2023-02291,2023-12-12,TechSupplies Panama,292634.48,Office Supplies,Procurement,Panama,Spot Purchase,2023.0
LC-2022-02292,2022-04-17,Oficentro Internacional,117551.25,Logistics & Transport,Finance,Panama,Fixed Price,2022.0
LC-2022-02293,2022-03-03,Distribuidora Global S.A.,,IT & Technology,Marketing,Panama,Spot Purchase,2022.0
LC-2023-02294,2023-05-08,Distribuidora Global S.A.,13767.71,IT & Technology,Administration,USA,Spot Purchase,2023.0
LC-2023-02295,2023-03-31,IT Solutions Group,1414.22,Maintenance & Repair,HR,USA,Framework Agreement,2023.0
LC-2022-02296,2022-09-27,Oficentro Internacional,67983.27,Logistics & Transport,HR,Costa Rica,Spot Purchase,2022.0
LC-2022-02297,2022-07-28,TechSupplies Panama,59998.68,Office Supplies,Finance,Panama,Fixed Price,2022.0
LC-2023-02298,2023-12-15,Ferremax Industrial,195227.01,Professional Services,IT,Panama,Framework Agreement,2023.0
LC-2023-02299,2023-01-13,Distribuidora Global S.A.,79264.06,IT & Technology,Marketing,Panama,Time & Materials,2023.0
LC-2023-02300,2023-05-31,Distribuidora Global S.A.,5980.76,IT & Technology,Marketing,Colombia,Time & Materials,2023.0
LC-2023-02301,2023-11-24,Publicidad Digital LATAM,23811.44,Marketing,Logistics,Panama,Fixed Price,2023.0
LC-2022-02302,2022-07-21,Oficentro Internacional,10963.5,Logistics & Transport,Procurement,Panama,Time & Materials,2022.0
LC-2023-02303,2023-11-30,TechSupplies Panama,22907.84,Office Supplies,Procurement,Panama,Spot Purchase,2023.0
LC-2022-02304,2022-09-06,Ferremax Industrial,49032.58,Professional Services,Legal,Mexico,Time & Materials,2022.0
LC-2023-02305,2023-07-23,TechSupplies Panama,398236.36,Office Supplies,HR,Panama,Time & Materials,2023.0
LC-2023-02306,2023-11-02,Uniforms & Workwear Co.,500000.0,Professional Services,Sales,Costa Rica,Fixed Price,2023.0
LC-2022-02307,2022-12-03,Seguridad Total Corp,12210.9,IT & Technology,IT,Panama,Framework Agreement,2022.0
LC-2022-02308,2022-10-01,Suministros Médicos del Sur,3733.89,Uniforms & PPE,IT,Panama,Time & Materials,2022.0
LC-2023-02309,2023-06-12,Uniforms & Workwear Co.,10957.27,Professional Services,Operations,Panama,Fixed Price,2023.0
LC-2022-02310,2022-12-20,Ferremax Industrial,105365.08,Professional Services,Marketing,Panama,Spot Purchase,2022.0
LC-2023-02311,2023-03-14,DataCenter Solutions,3038.13,Medical Supplies,Sales,Panama,Framework Agreement,2023.0
LC-2023-02312,2023-04-07,Uniforms & Workwear Co.,72607.03,Professional Services,Finance,USA,Time & Materials,2023.0
LC-2022-02313,2022-05-31,Transportes Rápidos S.A.,6940.34,Marketing,Sales,Panama,Fixed Price,2022.0
LC-2023-02314,2023-09-30,Oficentro Internacional,65992.19,Logistics & Transport,Marketing,Costa Rica,Spot Purchase,2023.0
LC-2022-02315,2022-11-10,MedEquip Latinoamerica,13344.86,Security,HR,Mexico,Fixed Price,2022.0
LC-2023-02316,2023-04-06,Distribuidora Global S.A.,60228.68,IT & Technology,Procurement,Panama,Framework Agreement,2023.0
LC-2023-02317,2023-12-29,Mantenimiento Integral,17299.12,Office Supplies,Administration,USA,Spot Purchase,2023.0
LC-2022-02318,2022-06-16,Catering Express Panama,1947.15,Logistics & Transport,IT,USA,Spot Purchase,2022.0
LC-2022-02319,2022-01-31,TechSupplies Panama,18583.66,Office Supplies,Finance,Colombia,Spot Purchase,2022.0
LC-2023-02320,2023-12-30,MedEquip Latinoamerica,943.66,Security,HR,USA,Fixed Price,2023.0
LC-2022-02321,2022-08-24,DISTRIBUIDORA GLOBAL S.A.,61537.47,IT & Technology,Finance,Panama,Time & Materials,2022.0
LC-2022-02322,2022-04-28,MedEquip Latinoamerica,15810.11,Security,Procurement,Panama,Spot Purchase,2022.0
LC-2023-02323,2023-01-31,Cleaning Pro Services,9765.97,Catering & Food,Marketing,Colombia,Spot Purchase,2023.0
LC-2022-02324,2022-03-05,TechSupplies Panama,270869.09,Office Supplies,Legal,Panama,Framework Agreement,2022.0
LC-2023-02325,2023-08-27,Energía Renovable S.A.,4873.69,Catering & Food,IT,Colombia,Fixed Price,2023.0
LC-2022-02326,2022-07-19,Grupo Logístico del Istmo,81023.13,Maintenance & Repair,Marketing,Colombia,Time & Materials,2022.0
LC-2022-02327,2022-07-23,Oficentro Internacional,9798.25,Logistics & Transport,Finance,Panama,Fixed Price,2022.0
LC-2022-02328,2022-10-13,Papelería y Más,2749.98,Uniforms & PPE,HR,Panama,Framework Agreement,2022.0
LC-2023-02329,2023-12-07,Grupo Logístico del Istmo,83670.8,Maintenance & Repair,Finance,Panama,Fixed Price,2023.0
LC-2022-02330,2022-01-14,Grupo Logístico del Istmo,100601.51,Maintenance & Repair,Logistics,Panama,Fixed Price,2022.0
LC-2022-02331,2022-10-16,IT Solutions Group,,Maintenance & Repair,Finance,Costa Rica,Time & Materials,2022.0
LC-2022-02332,2022-02-12,GRUPO LOGÍSTICO DEL ISTMO,33325.59,Maintenance & Repair,Administration,Panama,Spot Purchase,2022.0
LC-2022-02333,2022-10-29,Seguridad Total Corp,504.31,IT & Technology,Legal,Panama,Time & Materials,2022.0
LC-2023-02334,2023-09-14,MEDEQUIP LATINOAMERICA,2876.86,Security,Legal,Panama,Spot Purchase,2023.0
LC-2023-02335,2023-04-29,Grupo Logístico del Istmo,105710.53,Maintenance & Repair,Marketing,USA,Fixed Price,2023.0
LC-2023-02336,2023-01-15,Seguridad Total Corp,11647.04,IT & Technology,Finance,Panama,Fixed Price,2023.0
LC-2022-02337,2022-01-24,Catering Express Panama,10414.96,Logistics & Transport,Administration,Panama,Spot Purchase,2022.0
LC-2023-02338,2023-04-11,Distribuidora Global S.A.,38550.66,IT & Technology,Legal,Colombia,Framework Agreement,2023.0
LC-2022-02339,,Catering Express Panama,4967.12,Logistics & Transport,HR,Panama,Fixed Price,
LC-2022-02340,2022-03-16,Energía Renovable S.A.,1825.33,Catering & Food,Administration,Panama,Time & Materials,2022.0
LC-2023-02341,2023-04-13,Publicidad Digital LATAM,14020.03,Marketing,Finance,Panama,Spot Purchase,2023.0
LC-2022-02342,2022-03-18,Ferremax Industrial,60184.34,Professional Services,Legal,USA,Time & Materials,2022.0
LC-2022-02343,2022-05-22,MedEquip Latinoamerica,10280.75,Security,Logistics,Panama,Spot Purchase,2022.0
LC-2023-02344,2023-04-06,Energía Renovable S.A.,2232.66,Catering & Food,Sales,USA,Fixed Price,2023.0
LC-2022-02345,2022-04-18,Uniforms & Workwear Co.,194.41,Professional Services,Sales,Panama,Time & Materials,2022.0
LC-2023-02346,2023-06-02,Ferremax Industrial,135480.53,Professional Services,Operations,Panama,Spot Purchase,2023.0
LC-2023-02347,2023-12-29,Catering Express Panama,2396.45,Logistics & Transport,Sales,USA,Fixed Price,2023.0
LC-2023-02348,2023-02-24,DataCenter Solutions,1347.27,Medical Supplies,IT,Costa Rica,Framework Agreement,2023.0
LC-2023-02349,2023-05-31,Catering Express Panama,13907.98,Logistics & Transport,Logistics,USA,Time & Materials,2023.0
LC-2022-02350,2022-04-02,Papelería y Más,2729.79,Uniforms & PPE,Logistics,Panama,Fixed Price,2022.0
LC-2023-02351,2023-04-09,MedEquip Latinoamerica,24098.49,Security,HR,Colombia,Framework Agreement,2023.0
LC-2022-02352,2022-01-07,Grupo Logístico del Istmo,76145.95,Maintenance & Repair,Marketing,Mexico,Framework Agreement,2022.0
LC-2023-02353,2023-08-12,MEDEQUIP LATINOAMERICA,13702.78,Security,Operations,Panama,Fixed Price,2023.0
LC-2022-02354,2022-11-19,Ferremax Industrial,7050.5,Professional Services,Finance,Colombia,Fixed Price,2022.0
LC-2023-02355,2023-08-07,Papelería y Más,30270.11,Uniforms & PPE,IT,Panama,Fixed Price,2023.0
LC-2022-02356,2022-01-05,Mantenimiento Integral,7272.65,Office Supplies,Administration,Panama,Fixed Price,2022.0
LC-2023-02357,2023-07-30,Suministros Médicos del Sur,2824.49,Uniforms & PPE,Finance,USA,Framework Agreement,2023.0
LC-2023-02358,2023-02-28,DataCenter Solutions,6094.14,Medical Supplies,Administration,USA,Spot Purchase,2023.0
LC-2022-02359,2022-10-13,Grupo Logístico del Istmo,4309.24,Maintenance & Repair,HR,USA,Framework Agreement,2022.0
LC-2023-02360,2023-05-01,Papelería y Más,9072.28,Uniforms & PPE,Administration,Costa Rica,Time & Materials,2023.0
LC-2022-02361,2022-12-07,TechSupplies Panama,10559.21,Office Supplies,Finance,Panama,Framework Agreement,2022.0
LC-2022-02362,2022-03-12,Cleaning Pro Services,646.13,Catering & Food,IT,Colombia,Time & Materials,2022.0
LC-2023-02363,2023-06-21,Seguridad Total Corp,500.93,IT & Technology,Sales,Panama,Framework Agreement,2023.0
LC-2023-02364,2023-02-20,FleetCars Panama,26082.83,Security,Legal,USA,Fixed Price,2023.0
LC-2022-02365,2022-09-15,Papelería y Más,1912.38,Uniforms & PPE,Procurement,Panama,Time & Materials,2022.0
LC-2023-02366,2023-01-27,MedEquip Latinoamerica,49049.81,Security,HR,Panama,Time & Materials,2023.0
LC-2022-02367,2022-12-05,Catering Express Panama,2200.19,Logistics & Transport,Legal,Panama,Fixed Price,2022.0
LC-2023-02368,2023-04-05,Oficentro Internacional,4680.55,Logistics & Transport,Operations,Panama,Framework Agreement,2023.0
LC-2022-02369,2022-01-10,Grupo Logístico del Istmo,9510.68,Maintenance & Repair,IT,USA,Time & Materials,2022.0
LC-2023-02370,2023-10-07,Seguridad Total Corp,31373.45,IT & Technology,Finance,Panama,Spot Purchase,2023.0
LC-2022-02371,2022-04-13,Cleaning Pro Services,3889.95,Catering & Food,IT,Panama,Fixed Price,2022.0
LC-2022-02372,2022-10-30,Cleaning Pro Services,2159.36,Catering & Food,Operations,Panama,Framework Agreement,2022.0
LC-2023-02373,2023-02-20,Transportes Rápidos S.A.,6248.07,Marketing,HR,Panama,Fixed Price,2023.0
LC-2023-02374,2023-11-30,MANTENIMIENTO INTEGRAL,10432.43,Office Supplies,Logistics,Colombia,Fixed Price,2023.0
LC-2022-02375,2022-03-02,Distribuidora Global S.A.,,IT & Technology,Procurement,Panama,Framework Agreement,2022.0
LC-2022-02376,2022-04-24,Transportes Rápidos S.A.,43163.43,Marketing,Operations,Panama,Framework Agreement,2022.0
LC-2023-02377,2023-03-27,Uniforms & Workwear Co.,2865.07,Professional Services,Sales,Colombia,Framework Agreement,2023.0
LC-2023-02378,2023-12-23,Oficentro Internacional,7396.36,Logistics & Transport,Procurement,Panama,Spot Purchase,2023.0
LC-2023-02379,2023-10-22,Distribuidora Global S.A.,,IT & Technology,Sales,Costa Rica,Framework Agreement,2023.0
LC-2023-02380,2023-11-25,Distribuidora Global S.A.,49629.3,IT & Technology,Operations,Panama,Framework Agreement,2023.0
LC-2022-02381,2022-10-12,Distribuidora Global S.A.,11424.2,IT & Technology,Administration,Panama,Fixed Price,2022.0
LC-2022-02382,2022-03-07,Grupo Logístico del Istmo,11515.15,Maintenance & Repair,Marketing,USA,Framework Agreement,2022.0
LC-2023-02383,2023-09-23,Distribuidora Global S.A.,54860.31,IT & Technology,IT,Colombia,Framework Agreement,2023.0
LC-2022-02384,2022-05-31,Grupo Logístico del Istmo,34256.01,Maintenance & Repair,IT,Panama,Framework Agreement,2022.0
LC-2023-02385,2023-10-22,Grupo Logístico del Istmo,,Maintenance & Repair,Procurement,USA,Fixed Price,2023.0
LC-2023-02386,2023-07-14,FleetCars Panama,1575.39,Security,Marketing,Panama,Fixed Price,2023.0
LC-2023-02387,2023-12-13,Seguridad Total Corp,3478.65,IT & Technology,IT,USA,Framework Agreement,2023.0
LC-2023-02388,2023-08-18,DataCenter Solutions,1228.62,Medical Supplies,Administration,Panama,Framework Agreement,2023.0
LC-2023-02389,2023-01-22,Distribuidora Global S.A.,105687.1,IT & Technology,Legal,USA,Spot Purchase,2023.0
LC-2022-02390,2022-01-12,Distribuidora Global S.A.,125781.2,IT & Technology,HR,Colombia,Framework Agreement,2022.0
LC-2022-02391,2022-04-19,Oficentro Internacional,3962.28,Logistics & Transport,Legal,Panama,Framework Agreement,2022.0
LC-2022-02392,2022-08-13,DataCenter Solutions,1218.94,Medical Supplies,Administration,Colombia,Time & Materials,2022.0
LC-2023-02393,2023-10-21,Distribuidora Global S.A.,6027.97,IT & Technology,Operations,USA,Fixed Price,2023.0
LC-2023-02394,2023-06-07,GRUPO LOGÍSTICO DEL ISTMO,16646.77,Maintenance & Repair,Operations,Colombia,Spot Purchase,2023.0
LC-2022-02395,,Distribuidora Global S.A.,32855.5,IT & Technology,Legal,Panama,Spot Purchase,
LC-2023-02396,2023-07-31,Uniforms & Workwear Co.,558.66,Professional Services,Sales,Panama,Framework Agreement,2023.0
LC-2023-02397,2023-08-31,IT Solutions Group,1233.01,Maintenance & Repair,HR,Panama,Time & Materials,2023.0
LC-2023-02398,,Grupo Logístico del Istmo,10886.2,Maintenance & Repair,IT,Panama,Spot Purchase,
LC-2023-02399,2023-06-18,Transportes Rápidos S.A.,6706.96,Marketing,Procurement,Panama,Framework Agreement,2023.0
LC-2023-02400,2023-04-01,Uniforms & Workwear Co.,5453.52,Professional Services,Administration,Panama,Fixed Price,2023.0
LC-2022-02401,2022-07-13,TechSupplies Panama,15274.12,Office Supplies,Marketing,Panama,Time & Materials,2022.0
LC-2023-02402,2023-06-22,Mantenimiento Integral,6407.54,Office Supplies,HR,Panama,Framework Agreement,2023.0
LC-2023-02403,2023-03-21,Papelería y Más,2164.58,Uniforms & PPE,Sales,USA,Fixed Price,2023.0
LC-2023-02404,2023-08-26,MedEquip Latinoamerica,3269.91,Security,Sales,USA,Fixed Price,2023.0
LC-2023-02405,2023-01-26,Publicidad Digital LATAM,60486.66,Marketing,HR,Costa Rica,Fixed Price,2023.0
LC-2023-02406,2023-07-02,Suministros Médicos del Sur,36705.86,Uniforms & PPE,Sales,Panama,Spot Purchase,2023.0
LC-2023-02407,2023-06-05,Distribuidora Global S.A.,7635.03,IT & Technology,Legal,USA,Time & Materials,2023.0
LC-2023-02408,2023-11-05,Ferremax Industrial,98290.13,Professional Services,Sales,Panama,Fixed Price,2023.0
LC-2022-02409,2022-07-01,Papelería y Más,16598.95,Uniforms & PPE,HR,Panama,Fixed Price,2022.0
LC-2022-02410,2022-03-02,Cleaning Pro Services,877.96,Catering & Food,IT,Panama,Time & Materials,2022.0
LC-2023-02411,2023-06-22,Oficentro Internacional,97006.49,Logistics & Transport,IT,Costa Rica,Time & Materials,2023.0
LC-2023-02412,2023-12-19,Consultoría Estratégica,,Medical Supplies,Administration,USA,Time & Materials,2023.0
LC-2022-02413,2022-02-21,Distribuidora Global S.A.,9442.22,IT & Technology,Operations,Colombia,Time & Materials,2022.0
LC-2023-02414,2023-05-25,IT Solutions Group,1241.09,Maintenance & Repair,HR,Costa Rica,Spot Purchase,2023.0
LC-2022-02415,2022-02-12,Distribuidora Global S.A.,123154.35,IT & Technology,Sales,Costa Rica,Time & Materials,2022.0
LC-2023-02416,2023-02-10,Grupo Logístico del Istmo,50301.71,Maintenance & Repair,Operations,Panama,Framework Agreement,2023.0
LC-2023-02417,2023-04-13,Oficentro Internacional,70387.54,Logistics & Transport,Administration,Panama,Spot Purchase,2023.0
LC-2023-02418,2023-12-02,Cleaning Pro Services,,Catering & Food,IT,Panama,Fixed Price,2023.0
LC-2023-02419,2023-01-23,Grupo Logístico del Istmo,58036.95,Maintenance & Repair,Finance,USA,Framework Agreement,2023.0
LC-2022-02420,2022-01-30,Cleaning Pro Services,672.02,Catering & Food,Marketing,Panama,Fixed Price,2022.0
LC-2023-02421,2023-02-06,Mantenimiento Integral,23646.65,Office Supplies,Finance,USA,Spot Purchase,2023.0
LC-2022-02422,2022-01-15,TechSupplies Panama,147784.14,Office Supplies,Finance,Panama,Spot Purchase,2022.0
LC-2022-02423,2022-02-11,Grupo Logístico del Istmo,27576.83,Maintenance & Repair,Legal,Panama,Spot Purchase,2022.0
LC-2023-02424,2023-01-06,Distribuidora Global S.A.,34469.41,IT & Technology,Marketing,Panama,Framework Agreement,2023.0
LC-2023-02425,2023-03-28,Seguridad Total Corp,494.4,IT & Technology,Logistics,Colombia,Fixed Price,2023.0
LC-2023-02426,2023-08-05,OFICENTRO INTERNACIONAL,67312.8,Logistics & Transport,IT,Costa Rica,Time & Materials,2023.0
LC-2022-02427,2022-06-22,Grupo Logístico del Istmo,72147.57,Maintenance & Repair,Procurement,Panama,Time & Materials,2022.0
LC-2023-02428,2023-02-25,Distribuidora Global S.A.,33703.97,IT & Technology,HR,Panama,Time & Materials,2023.0
LC-2022-02429,2022-09-30,Energía Renovable S.A.,26543.23,Catering & Food,Marketing,Colombia,Framework Agreement,2022.0
LC-2023-02430,2023-09-01,Ferremax Industrial,24321.29,Professional Services,Operations,USA,Spot Purchase,2023.0
LC-2022-02431,2022-11-15,Energía Renovable S.A.,11463.33,Catering & Food,HR,Colombia,Time & Materials,2022.0
LC-2022-02432,2022-07-25,Cleaning Pro Services,1064.76,Catering & Food,Legal,Panama,Time & Materials,2022.0
LC-2023-02433,2023-01-10,Papelería y Más,4744.17,Uniforms & PPE,Logistics,Panama,Time & Materials,2023.0
LC-2022-02434,2022-03-21,TechSupplies Panama,29459.59,Office Supplies,IT,Panama,Time & Materials,2022.0
LC-2022-02435,2022-10-01,MedEquip Latinoamerica,6890.93,Security,Legal,Panama,Framework Agreement,2022.0
LC-2023-02436,2023-05-27,FleetCars Panama,2823.44,Security,Administration,Colombia,Framework Agreement,2023.0
LC-2022-02437,2022-07-24,Uniforms & Workwear Co.,4035.12,Professional Services,Logistics,Costa Rica,Framework Agreement,2022.0
LC-2023-02438,2023-09-01,Ferremax Industrial,97856.42,Professional Services,Logistics,Panama,Spot Purchase,2023.0
LC-2022-02439,2022-07-01,Grupo Logístico del Istmo,21501.61,Maintenance & Repair,Logistics,Panama,Fixed Price,2022.0
LC-2023-02440,2023-06-05,FleetCars Panama,441.48,Security,Administration,Panama,Framework Agreement,2023.0
LC-2023-02441,2023-02-11,Cleaning Pro Services,67803.96,Catering & Food,Sales,Panama,Spot Purchase,2023.0
LC-2022-02442,2022-05-20,FleetCars Panama,39033.72,Security,Operations,Panama,Framework Agreement,2022.0
LC-2022-02443,2022-10-20,Distribuidora Global S.A.,7702.38,IT & Technology,HR,Panama,Fixed Price,2022.0
LC-2023-02444,2023-03-02,MedEquip Latinoamerica,13829.53,Security,IT,Panama,Time & Materials,2023.0
LC-2022-02445,2022-08-14,Oficentro Internacional,19859.35,Logistics & Transport,Operations,Panama,Spot Purchase,2022.0
LC-2023-02446,2023-05-23,FleetCars Panama,7297.09,Security,Operations,Panama,Fixed Price,2023.0
LC-2023-02447,2023-07-17,TechSupplies Panama,51692.55,Office Supplies,Finance,Panama,Framework Agreement,2023.0
LC-2022-02448,2022-06-30,Oficentro Internacional,27411.3,Logistics & Transport,IT,Panama,Framework Agreement,2022.0
LC-2023-02449,2023-05-25,Oficentro Internacional,14178.49,Logistics & Transport,Procurement,Panama,Fixed Price,2023.0
LC-2022-02450,2022-12-16,Energía Renovable S.A.,1744.44,Catering & Food,Operations,Colombia,Spot Purchase,2022.0
LC-2023-02451,2023-02-14,Ferremax Industrial,12095.27,Professional Services,Procurement,Panama,Spot Purchase,2023.0
LC-2023-02452,2023-10-07,Distribuidora Global S.A.,13383.97,IT & Technology,Logistics,Panama,Fixed Price,2023.0
LC-2022-02453,2022-11-30,Energía Renovable S.A.,4443.66,Catering & Food,Finance,Panama,Framework Agreement,2022.0
LC-2022-02454,2022-05-12,Distribuidora Global S.A.,15384.07,IT & Technology,HR,USA,Time & Materials,2022.0
LC-2022-02455,2022-01-28,Catering Express Panama,13671.63,Logistics & Transport,IT,Panama,Spot Purchase,2022.0
LC-2023-02456,2023-06-26,Seguridad Total Corp,45746.44,IT & Technology,IT,Mexico,Spot Purchase,2023.0
LC-2022-02457,2022-07-22,TechSupplies Panama,18104.87,Office Supplies,Operations,Panama,Fixed Price,2022.0
LC-2023-02458,2023-09-08,MedEquip Latinoamerica,7038.19,Security,Legal,Panama,Fixed Price,2023.0
LC-2023-02459,2023-01-18,Ferremax Industrial,66146.16,Professional Services,IT,Panama,Time & Materials,2023.0
LC-2022-02460,2022-06-23,DataCenter Solutions,9976.66,Medical Supplies,IT,Panama,Time & Materials,2022.0
LC-2022-02461,2022-01-02,TechSupplies Panama,39781.06,Office Supplies,Administration,Panama,Time & Materials,2022.0
LC-2022-02462,2022-05-13,Catering Express Panama,14973.3,Logistics & Transport,IT,Panama,Time & Materials,2022.0
LC-2022-02463,2022-02-20,Publicidad Digital LATAM,10131.18,Marketing,Procurement,Panama,Fixed Price,2022.0
LC-2022-02464,2022-07-24,Grupo Logístico del Istmo,8223.94,Maintenance & Repair,Procurement,Panama,Time & Materials,2022.0
LC-2023-02465,2023-07-26,TechSupplies Panama,103051.82,Office Supplies,Finance,Panama,Time & Materials,2023.0
LC-2023-02466,2023-12-26,Distribuidora Global S.A.,105318.99,IT & Technology,Procurement,Colombia,Spot Purchase,2023.0
LC-2022-02467,2022-09-26,Grupo Logístico del Istmo,14531.25,Maintenance & Repair,IT,Panama,Spot Purchase,2022.0
LC-2023-02468,2023-12-31,TechSupplies Panama,38006.99,Office Supplies,HR,Panama,Time & Materials,2023.0
LC-2023-02469,2023-11-12,Oficentro Internacional,82453.91,Logistics & Transport,HR,Panama,Time & Materials,2023.0
LC-2023-02470,2023-01-22,Papelería y Más,3590.44,Uniforms & PPE,Sales,Panama,Fixed Price,2023.0
LC-2023-02471,2023-02-03,Oficentro Internacional,131606.76,Logistics & Transport,Sales,Colombia,Fixed Price,2023.0
LC-2023-02472,2023-06-29,Ferremax Industrial,500000.0,Professional Services,IT,Panama,Fixed Price,2023.0
LC-2023-02473,2023-11-17,Oficentro Internacional,14140.76,Logistics & Transport,IT,Panama,Spot Purchase,2023.0
LC-2022-02474,2022-01-14,Seguridad Total Corp,619.2,IT & Technology,Marketing,Panama,Time & Materials,2022.0
LC-2023-02475,2023-11-11,TechSupplies Panama,52291.14,Office Supplies,Operations,USA,Framework Agreement,2023.0
LC-2022-02476,2022-10-11,DataCenter Solutions,14506.38,Medical Supplies,Legal,Panama,Framework Agreement,2022.0
LC-2023-02477,2023-01-13,MedEquip Latinoamerica,3476.22,Security,HR,Colombia,Fixed Price,2023.0
LC-2022-02478,2022-10-06,Distribuidora Global S.A.,,IT & Technology,Sales,Panama,Spot Purchase,2022.0
LC-2023-02479,2023-04-07,Papelería y Más,659.9,Uniforms & PPE,Administration,Panama,Framework Agreement,2023.0
LC-2022-02480,2022-09-17,Ferremax Industrial,83408.24,Professional Services,Operations,Panama,Fixed Price,2022.0
LC-2023-02481,2023-11-09,Distribuidora Global S.A.,17552.77,IT & Technology,Procurement,Panama,Time & Materials,2023.0
LC-2023-02482,2023-04-19,Cleaning Pro Services,64800.39,Catering & Food,Legal,USA,Spot Purchase,2023.0
LC-2022-02483,2022-03-17,MedEquip Latinoamerica,97613.69,Security,Marketing,USA,Time & Materials,2022.0
LC-2022-02484,2022-05-16,Distribuidora Global S.A.,14472.59,IT & Technology,Administration,Mexico,Time & Materials,2022.0
LC-2023-02485,2023-10-27,Ferremax Industrial,18779.69,Professional Services,Sales,Colombia,Spot Purchase,2023.0
LC-2022-02486,2022-07-27,Energía Renovable S.A.,17843.27,Catering & Food,Administration,Colombia,Framework Agreement,2022.0
LC-2022-02487,2022-07-06,Oficentro Internacional,22821.15,Logistics & Transport,IT,Panama,Framework Agreement,2022.0
LC-2023-02488,2023-05-13,Cleaning Pro Services,4591.14,Catering & Food,Sales,Panama,Framework Agreement,2023.0
LC-2023-02489,2023-12-30,DataCenter Solutions,5105.55,Medical Supplies,Logistics,USA,Fixed Price,2023.0
LC-2023-02490,2023-05-24,Ferremax Industrial,3627.84,Professional Services,Logistics,Panama,Spot Purchase,2023.0
LC-2023-02491,2023-01-30,FleetCars Panama,4813.81,Security,Finance,Panama,Time & Materials,2023.0
LC-2023-02492,2023-02-21,Oficentro Internacional,15872.24,Logistics & Transport,Sales,Panama,Fixed Price,2023.0
LC-2022-02493,2022-10-06,TechSupplies Panama,20095.53,Office Supplies,Administration,Costa Rica,Spot Purchase,2022.0
LC-2022-02494,2022-05-21,Ferremax Industrial,205326.86,Professional Services,Finance,Colombia,Framework Agreement,2022.0
LC-2022-02495,2022-01-09,Distribuidora Global S.A.,8040.06,IT & Technology,Sales,USA,Spot Purchase,2022.0
LC-2023-02496,2023-03-13,TechSupplies Panama,96359.98,Office Supplies,Legal,Colombia,Time & Materials,2023.0
LC-2023-02497,2023-09-19,Cleaning Pro Services,3234.26,Catering & Food,Marketing,USA,Framework Agreement,2023.0
LC-2022-02498,2022-10-27,Grupo Logístico del Istmo,25959.37,Maintenance & Repair,Logistics,Panama,Framework Agreement,2022.0
LC-2023-02499,2023-02-10,Distribuidora Global S.A.,93755.56,IT & Technology,Logistics,USA,Fixed Price,2023.0
LC-2022-02500,2022-10-19,Cleaning Pro Services,8185.15,Catering & Food,Logistics,Panama,Spot Purchase,2022.0
LC-2022-02501,2022-05-30,Oficentro Internacional,72022.63,Logistics & Transport,Marketing,Mexico,Time & Materials,2022.0
LC-2023-02502,2023-08-13,Distribuidora Global S.A.,116055.24,IT & Technology,Procurement,Costa Rica,Time & Materials,2023.0
LC-2022-02503,2022-06-11,MEDEQUIP LATINOAMERICA,2990.03,Security,Logistics,Panama,Time & Materials,2022.0
LC-2022-02504,2022-04-28,Cleaning Pro Services,1961.85,Catering & Food,HR,Panama,Time & Materials,2022.0
LC-2022-02505,2022-10-21,Oficentro Internacional,9875.57,Logistics & Transport,Marketing,Panama,Time & Materials,2022.0
LC-2022-02506,2022-02-08,Ferremax Industrial,13487.35,Professional Services,Administration,Panama,Time & Materials,2022.0
LC-2022-02507,2022-06-01,Grupo Logístico del Istmo,500000.0,Maintenance & Repair,Logistics,Panama,Fixed Price,2022.0
LC-2022-02508,2022-04-28,Distribuidora Global S.A.,161718.99,IT & Technology,Sales,Panama,Time & Materials,2022.0
LC-2022-02509,2022-07-14,Grupo Logístico del Istmo,7177.53,Maintenance & Repair,Sales,USA,Spot Purchase,2022.0
LC-2022-02510,2022-03-22,Ferremax Industrial,7428.29,Professional Services,Operations,USA,Spot Purchase,2022.0
LC-2022-02511,2022-07-13,Oficentro Internacional,64746.78,Logistics & Transport,Sales,USA,Framework Agreement,2022.0
LC-2022-02512,2022-02-19,Distribuidora Global S.A.,70032.71,IT & Technology,IT,USA,Framework Agreement,2022.0
LC-2022-02513,2022-02-04,Catering Express Panama,11196.16,Logistics & Transport,HR,Colombia,Time & Materials,2022.0
LC-2022-02514,2022-01-20,TechSupplies Panama,26743.67,Office Supplies,Legal,Panama,Fixed Price,2022.0
LC-2022-02515,2022-02-03,Grupo Logístico del Istmo,31240.01,Maintenance & Repair,Legal,USA,Fixed Price,2022.0
LC-2023-02516,2023-01-26,Oficentro Internacional,53822.96,Logistics & Transport,HR,USA,Framework Agreement,2023.0
LC-2023-02517,2023-03-25,Mantenimiento Integral,5590.59,Office Supplies,Finance,Colombia,Spot Purchase,2023.0
LC-2022-02518,2022-03-01,Suministros Médicos del Sur,176.1,Uniforms & PPE,Logistics,Panama,Framework Agreement,2022.0
LC-2023-02519,2023-07-27,Grupo Logístico del Istmo,27563.3,Maintenance & Repair,Operations,Panama,Time & Materials,2023.0
LC-2022-02520,2022-07-23,TechSupplies Panama,13073.1,Office Supplies,Sales,Costa Rica,Time & Materials,2022.0
LC-2022-02521,2022-05-18,Seguridad Total Corp,6392.09,IT & Technology,Operations,Panama,Fixed Price,2022.0
LC-2022-02522,2022-08-13,TechSupplies Panama,500000.0,Office Supplies,Operations,Panama,Fixed Price,2022.0
LC-2023-02523,2023-04-13,Papelería y Más,8528.96,Uniforms & PPE,Finance,Colombia,Spot Purchase,2023.0
LC-2022-02524,2022-11-19,Grupo Logístico del Istmo,24928.43,Maintenance & Repair,Procurement,USA,Framework Agreement,2022.0
LC-2022-02525,2022-06-27,DataCenter Solutions,19588.58,Medical Supplies,IT,Panama,Fixed Price,2022.0
LC-2022-02526,2022-01-30,Oficentro Internacional,64810.67,Logistics & Transport,Procurement,Panama,Time & Materials,2022.0
LC-2023-02527,2023-04-15,Distribuidora Global S.A.,60120.93,IT & Technology,HR,USA,Framework Agreement,2023.0
LC-2022-02528,2022-06-16,Papelería y Más,12213.24,Uniforms & PPE,Operations,Panama,Spot Purchase,2022.0
LC-2023-02529,2023-02-28,Distribuidora Global S.A.,428416.99,IT & Technology,Sales,Panama,Spot Purchase,2023.0
LC-2022-02530,2022-11-25,Ferremax Industrial,9348.15,Professional Services,Finance,USA,Spot Purchase,2022.0
LC-2023-02531,2023-01-31,Catering Express Panama,10001.08,Logistics & Transport,HR,Panama,Fixed Price,2023.0
LC-2023-02532,2023-10-07,FleetCars Panama,1224.67,Security,HR,Colombia,Spot Purchase,2023.0
LC-2023-02533,2023-08-22,TechSupplies Panama,70729.3,Office Supplies,Sales,USA,Fixed Price,2023.0
LC-2022-02534,2022-09-11,MedEquip Latinoamerica,1238.89,Security,Logistics,USA,Time & Materials,2022.0
LC-2022-02535,2022-05-14,Seguridad Total Corp,2627.92,IT & Technology,Finance,Panama,Fixed Price,2022.0
LC-2023-02536,2023-12-15,Ferremax Industrial,25486.19,Professional Services,Marketing,Panama,Time & Materials,2023.0
LC-2023-02537,2023-04-11,FleetCars Panama,21241.78,Security,Administration,Panama,Fixed Price,2023.0
LC-2022-02538,2022-12-27,Transportes Rápidos S.A.,19490.48,Marketing,IT,USA,Time & Materials,2022.0
LC-2022-02539,2022-04-23,Transportes Rápidos S.A.,758.56,Marketing,HR,USA,Framework Agreement,2022.0
LC-2022-02540,2022-09-13,Ferremax Industrial,38790.12,Professional Services,Legal,Costa Rica,Framework Agreement,2022.0
LC-2022-02541,2022-04-26,Grupo Logístico del Istmo,15498.59,Maintenance & Repair,Logistics,Panama,Time & Materials,2022.0
LC-2022-02542,,Mantenimiento Integral,744.15,Office Supplies,Administration,Colombia,Spot Purchase,
LC-2022-02543,2022-10-29,MedEquip Latinoamerica,3549.19,Security,IT,Panama,Framework Agreement,2022.0
LC-2022-02544,2022-01-13,Oficentro Internacional,25079.87,Logistics & Transport,Marketing,USA,Framework Agreement,2022.0
LC-2023-02545,2023-06-04,IT Solutions Group,187226.56,Maintenance & Repair,Administration,Colombia,Spot Purchase,2023.0
LC-2023-02546,2023-10-01,Oficentro Internacional,61056.31,Logistics & Transport,Procurement,USA,Framework Agreement,2023.0
LC-2023-02547,2023-03-01,DataCenter Solutions,622.39,Medical Supplies,HR,USA,Framework Agreement,2023.0
LC-2023-02548,2023-08-04,Ferremax Industrial,18439.88,Professional Services,HR,Panama,Framework Agreement,2023.0
LC-2022-02549,2022-01-29,Grupo Logístico del Istmo,123705.62,Maintenance & Repair,Finance,Panama,Time & Materials,2022.0
LC-2022-02550,2022-11-27,TechSupplies Panama,445134.31,Office Supplies,Logistics,Panama,Fixed Price,2022.0
LC-2022-02551,2022-11-20,TechSupplies Panama,5414.41,Office Supplies,HR,USA,Framework Agreement,2022.0
LC-2023-02552,2023-10-24,Grupo Logístico del Istmo,3805.07,Maintenance & Repair,Procurement,Colombia,Time & Materials,2023.0
LC-2023-02553,2023-01-22,DataCenter Solutions,81344.44,Medical Supplies,HR,Panama,Spot Purchase,2023.0
LC-2022-02554,2022-07-19,Distribuidora Global S.A.,57961.66,IT & Technology,Marketing,Panama,Fixed Price,2022.0
LC-2023-02555,2023-08-11,Seguridad Total Corp,1336.17,IT & Technology,Operations,Panama,Framework Agreement,2023.0
LC-2022-02556,2022-04-07,TechSupplies Panama,68978.83,Office Supplies,Finance,Panama,Time & Materials,2022.0
LC-2023-02557,2023-12-30,Papelería y Más,94.29,Uniforms & PPE,Marketing,Colombia,Fixed Price,2023.0
LC-2022-02558,2022-01-09,Grupo Logístico del Istmo,36462.9,Maintenance & Repair,Procurement,Panama,Framework Agreement,2022.0
LC-2022-02559,2022-11-13,Oficentro Internacional,53819.19,Logistics & Transport,Marketing,Panama,Spot Purchase,2022.0
LC-2023-02560,2023-08-07,Transportes Rápidos S.A.,19661.25,Marketing,Operations,Panama,Time & Materials,2023.0
LC-2023-02561,2023-06-18,DataCenter Solutions,1074.01,Medical Supplies,Procurement,Panama,Framework Agreement,2023.0
LC-2022-02562,2022-05-02,Grupo Logístico del Istmo,40248.36,Maintenance & Repair,Legal,Costa Rica,Framework Agreement,2022.0
LC-2023-02563,2023-03-23,DataCenter Solutions,1226.43,Medical Supplies,Finance,USA,Time & Materials,2023.0
LC-2022-02564,2022-06-17,Distribuidora Global S.A.,49338.53,IT & Technology,Finance,Panama,Framework Agreement,2022.0
LC-2022-02565,2022-04-03,Distribuidora Global S.A.,12401.65,IT & Technology,Procurement,USA,Fixed Price,2022.0
LC-2023-02566,2023-08-13,Seguridad Total Corp,2664.71,IT & Technology,Administration,USA,Framework Agreement,2023.0
LC-2022-02567,2022-02-28,Transportes Rápidos S.A.,1103.54,Marketing,Finance,Costa Rica,Fixed Price,2022.0
LC-2022-02568,2022-03-05,Papelería y Más,,Uniforms & PPE,HR,Costa Rica,Fixed Price,2022.0
LC-2022-02569,2022-07-13,MEDEQUIP LATINOAMERICA,17812.87,Security,IT,USA,Spot Purchase,2022.0
LC-2023-02570,,Oficentro Internacional,27404.3,Logistics & Transport,HR,Panama,Time & Materials,
LC-2023-02571,2023-11-07,Grupo Logístico del Istmo,38020.68,Maintenance & Repair,HR,Panama,Time & Materials,2023.0
LC-2022-02572,2022-06-17,Ferremax Industrial,6384.89,Professional Services,Marketing,Colombia,Spot Purchase,2022.0
LC-2023-02573,2023-05-29,IT Solutions Group,3135.32,Maintenance & Repair,HR,USA,Time & Materials,2023.0
LC-2022-02574,2022-03-27,Consultoría Estratégica,4558.25,Medical Supplies,IT,USA,Spot Purchase,2022.0
LC-2023-02575,2023-04-11,Publicidad Digital LATAM,250493.85,Marketing,Legal,Panama,Spot Purchase,2023.0
LC-2022-02576,2022-06-08,Seguridad Total Corp,927.09,IT & Technology,Operations,Panama,Time & Materials,2022.0
LC-2023-02577,2023-11-21,TechSupplies Panama,210451.96,Office Supplies,Administration,Panama,Fixed Price,2023.0
LC-2023-02578,2023-06-26,Grupo Logístico del Istmo,120118.08,Maintenance & Repair,HR,Panama,Fixed Price,2023.0
LC-2023-02579,2023-05-20,Energía Renovable S.A.,7487.23,Catering & Food,Operations,Panama,Spot Purchase,2023.0
LC-2022-02580,2022-01-07,DataCenter Solutions,68729.29,Medical Supplies,Sales,USA,Time & Materials,2022.0
LC-2023-02581,2023-09-29,IT Solutions Group,8588.32,Maintenance & Repair,Logistics,Panama,Fixed Price,2023.0
LC-2022-02582,2022-12-27,Distribuidora Global S.A.,57930.02,IT & Technology,Marketing,Colombia,Fixed Price,2022.0
LC-2022-02583,2022-12-25,DataCenter Solutions,4538.35,Medical Supplies,Marketing,Colombia,Framework Agreement,2022.0
LC-2023-02584,2023-01-21,Suministros Médicos del Sur,30802.57,Uniforms & PPE,HR,Colombia,Spot Purchase,2023.0
LC-2023-02585,2023-08-12,Grupo Logístico del Istmo,135369.46,Maintenance & Repair,HR,USA,Framework Agreement,2023.0
LC-2022-02586,2022-12-18,Oficentro Internacional,17140.29,Logistics & Transport,Marketing,USA,Time & Materials,2022.0
LC-2022-02587,2022-11-02,DataCenter Solutions,679.35,Medical Supplies,Operations,Mexico,Spot Purchase,2022.0
LC-2023-02588,2023-03-10,Ferremax Industrial,28464.79,Professional Services,Procurement,Panama,Spot Purchase,2023.0
LC-2022-02589,2022-01-23,Grupo Logístico del Istmo,13904.3,Maintenance & Repair,Administration,Panama,Spot Purchase,2022.0
LC-2023-02590,2023-12-04,Oficentro Internacional,33650.07,Logistics & Transport,Procurement,Panama,Framework Agreement,2023.0
LC-2022-02591,2022-04-26,Distribuidora Global S.A.,160319.79,IT & Technology,Marketing,Panama,Framework Agreement,2022.0
LC-2023-02592,2023-08-19,MedEquip Latinoamerica,2475.13,Security,Sales,Panama,Spot Purchase,2023.0
LC-2022-02593,2022-09-29,OFICENTRO INTERNACIONAL,34496.46,Logistics & Transport,Administration,USA,Fixed Price,2022.0
LC-2022-02594,2022-12-01,DataCenter Solutions,5361.69,Medical Supplies,Marketing,Panama,Fixed Price,2022.0
LC-2022-02595,2022-02-10,Distribuidora Global S.A.,100520.51,IT & Technology,Legal,Panama,Spot Purchase,2022.0
LC-2023-02596,2023-07-02,Distribuidora Global S.A.,2449.73,IT & Technology,Marketing,Panama,Framework Agreement,2023.0
LC-2023-02597,2023-11-13,TechSupplies Panama,17535.1,Office Supplies,Marketing,USA,Time & Materials,2023.0
LC-2022-02598,2022-09-26,Mantenimiento Integral,6747.49,Office Supplies,Marketing,Panama,Spot Purchase,2022.0
LC-2023-02599,2023-04-03,Grupo Logístico del Istmo,153291.21,Maintenance & Repair,IT,Panama,Time & Materials,2023.0
LC-2023-02600,2023-11-27,TechSupplies Panama,20124.98,Office Supplies,Sales,Costa Rica,Spot Purchase,2023.0
LC-2023-02601,2023-02-01,Cleaning Pro Services,294.47,Catering & Food,IT,Panama,Framework Agreement,2023.0
LC-2023-02602,2023-03-19,TechSupplies Panama,76393.56,Office Supplies,Procurement,USA,Framework Agreement,2023.0
LC-2023-02603,2023-06-28,FleetCars Panama,1894.97,Security,Operations,Colombia,Fixed Price,2023.0
LC-2023-02604,2023-03-14,Distribuidora Global S.A.,8711.51,IT & Technology,Finance,Colombia,Time & Materials,2023.0
LC-2022-02605,2022-05-15,Oficentro Internacional,17167.71,Logistics & Transport,Logistics,Panama,Framework Agreement,2022.0
LC-2023-02606,2023-01-19,Oficentro Internacional,29102.22,Logistics & Transport,Sales,Panama,Spot Purchase,2023.0
LC-2022-02607,2022-12-19,Seguridad Total Corp,1984.03,IT & Technology,HR,Panama,Framework Agreement,2022.0
LC-2022-02608,2022-07-08,Oficentro Internacional,2574.27,Logistics & Transport,Legal,Mexico,Time & Materials,2022.0
LC-2023-02609,2023-03-27,Oficentro Internacional,106561.7,Logistics & Transport,IT,Colombia,Framework Agreement,2023.0
LC-2023-02610,2023-12-03,Uniforms & Workwear Co.,33266.71,Professional Services,Logistics,USA,Framework Agreement,2023.0
LC-2023-02611,2023-07-02,GRUPO LOGÍSTICO DEL ISTMO,79366.08,Maintenance & Repair,HR,Panama,Time & Materials,2023.0
LC-2022-02612,2022-08-12,Publicidad Digital LATAM,892.0,Marketing,Logistics,Panama,Framework Agreement,2022.0
LC-2023-02613,2023-02-08,Cleaning Pro Services,3632.81,Catering & Food,Operations,Costa Rica,Time & Materials,2023.0
LC-2023-02614,2023-10-11,IT Solutions Group,4866.93,Maintenance & Repair,Procurement,Panama,Time & Materials,2023.0
LC-2023-02615,2023-09-25,Oficentro Internacional,74499.92,Logistics & Transport,Marketing,Costa Rica,Time & Materials,2023.0
LC-2022-02616,2022-06-24,MedEquip Latinoamerica,13393.31,Security,HR,Panama,Framework Agreement,2022.0
LC-2023-02617,2023-05-16,Oficentro Internacional,15047.87,Logistics & Transport,Legal,Panama,Framework Agreement,2023.0
LC-2023-02618,2023-01-07,Oficentro Internacional,40070.46,Logistics & Transport,Operations,USA,Fixed Price,2023.0
LC-2023-02619,2023-10-16,Oficentro Internacional,62864.47,Logistics & Transport,Procurement,Panama,Framework Agreement,2023.0
LC-2022-02620,2022-05-02,IT Solutions Group,43640.18,Maintenance & Repair,Logistics,Panama,Spot Purchase,2022.0
LC-2023-02621,2023-09-10,Cleaning Pro Services,14139.96,Catering & Food,IT,Panama,Framework Agreement,2023.0
LC-2023-02622,2023-06-27,MedEquip Latinoamerica,16051.94,Security,IT,Panama,Fixed Price,2023.0
LC-2023-02623,2023-03-14,Transportes Rápidos S.A.,5573.29,Marketing,IT,Colombia,Time & Materials,2023.0
LC-2022-02624,,Uniforms & Workwear Co.,40769.47,Professional Services,Marketing,Panama,Framework Agreement,
LC-2023-02625,2023-12-02,Catering Express Panama,9087.4,Logistics & Transport,Legal,Panama,Framework Agreement,2023.0
LC-2022-02626,2022-12-02,Oficentro Internacional,12922.1,Logistics & Transport,Sales,Colombia,Time & Materials,2022.0
LC-2022-02627,2022-12-31,Ferremax Industrial,195642.44,Professional Services,Finance,USA,Fixed Price,2022.0
LC-2023-02628,2023-03-30,IT Solutions Group,14000.59,Maintenance & Repair,Procurement,Panama,Spot Purchase,2023.0
LC-2022-02629,2022-08-03,Grupo Logístico del Istmo,21340.18,Maintenance & Repair,Finance,Panama,Time & Materials,2022.0
LC-2022-02630,2022-09-26,Oficentro Internacional,20426.91,Logistics & Transport,Legal,Colombia,Spot Purchase,2022.0
LC-2022-02631,2022-04-25,Cleaning Pro Services,7668.4,Catering & Food,Operations,Colombia,Fixed Price,2022.0
LC-2023-02632,2023-12-02,TechSupplies Panama,63311.47,Office Supplies,Operations,USA,Time & Materials,2023.0
LC-2022-02633,2022-10-22,MedEquip Latinoamerica,6607.35,Security,Legal,Colombia,Framework Agreement,2022.0
LC-2023-02634,2023-08-20,Energía Renovable S.A.,7839.76,Catering & Food,Marketing,Panama,Spot Purchase,2023.0
LC-2023-02635,2023-06-17,Grupo Logístico del Istmo,279274.05,Maintenance & Repair,Procurement,Panama,Framework Agreement,2023.0
LC-2023-02636,2023-03-28,Cleaning Pro Services,24521.72,Catering & Food,HR,Panama,Fixed Price,2023.0
LC-2023-02637,2023-06-26,DataCenter Solutions,6541.71,Medical Supplies,Finance,Panama,Framework Agreement,2023.0
LC-2022-02638,2022-12-03,Ferremax Industrial,112372.29,Professional Services,Finance,Panama,Fixed Price,2022.0
LC-2022-02639,2022-07-31,Oficentro Internacional,10519.35,Logistics & Transport,Sales,Panama,Framework Agreement,2022.0
LC-2022-02640,2022-07-06,Suministros Médicos del Sur,8927.49,Uniforms & PPE,Marketing,Panama,Fixed Price,2022.0
LC-2022-02641,2022-03-25,Ferremax Industrial,318433.08,Professional Services,Legal,USA,Fixed Price,2022.0
LC-2023-02642,2023-08-14,Catering Express Panama,,Logistics & Transport,Finance,Panama,Framework Agreement,2023.0
LC-2022-02643,2022-04-18,Cleaning Pro Services,1378.22,Catering & Food,Administration,Colombia,Time & Materials,2022.0
LC-2022-02644,2022-08-15,TechSupplies Panama,16605.57,Office Supplies,Legal,Panama,Time & Materials,2022.0
LC-2023-02645,2023-04-21,DATACENTER SOLUTIONS,958.67,Medical Supplies,Marketing,USA,Fixed Price,2023.0
LC-2022-02646,2022-01-21,Oficentro Internacional,14161.55,Logistics & Transport,HR,Colombia,Spot Purchase,2022.0
LC-2023-02647,2023-06-30,Seguridad Total Corp,2819.28,IT & Technology,Finance,Panama,Time & Materials,2023.0
LC-2022-02648,2022-09-07,Distribuidora Global S.A.,6723.2,IT & Technology,Sales,Panama,Fixed Price,2022.0
LC-2022-02649,2022-02-13,MedEquip Latinoamerica,5031.27,Security,Marketing,Panama,Fixed Price,2022.0
LC-2022-02650,2022-03-13,TechSupplies Panama,107230.14,Office Supplies,Procurement,Panama,Spot Purchase,2022.0
LC-2022-02651,2022-05-24,MedEquip Latinoamerica,1259.37,Security,IT,Panama,Spot Purchase,2022.0
LC-2022-02652,2022-08-03,Ferremax Industrial,224839.19,Professional Services,Administration,Panama,Time & Materials,2022.0
LC-2023-02653,2023-03-17,Distribuidora Global S.A.,67033.68,IT & Technology,Sales,USA,Framework Agreement,2023.0
LC-2023-02654,2023-01-31,DataCenter Solutions,23060.37,Medical Supplies,Finance,Colombia,Framework Agreement,2023.0
LC-2023-02655,2023-01-24,TechSupplies Panama,16491.47,Office Supplies,Sales,Panama,Fixed Price,2023.0
LC-2023-02656,2023-04-28,Distribuidora Global S.A.,101258.33,IT & Technology,HR,USA,Time & Materials,2023.0
LC-2023-02657,2023-02-24,MedEquip Latinoamerica,,Security,Legal,Mexico,Spot Purchase,2023.0
LC-2022-02658,2022-03-12,MedEquip Latinoamerica,18683.04,Security,Legal,Panama,Framework Agreement,2022.0
LC-2022-02659,2022-11-28,Uniforms & Workwear Co.,6359.84,Professional Services,Administration,Colombia,Spot Purchase,2022.0
LC-2022-02660,2022-02-13,Mantenimiento Integral,11269.74,Office Supplies,Logistics,Panama,Framework Agreement,2022.0
LC-2023-02661,2023-05-18,DATACENTER SOLUTIONS,842.7,Medical Supplies,Marketing,Panama,Time & Materials,2023.0
LC-2022-02662,2022-09-27,Grupo Logístico del Istmo,12405.76,Maintenance & Repair,Legal,Panama,Fixed Price,2022.0
LC-2022-02663,2022-08-05,MedEquip Latinoamerica,12038.23,Security,Administration,Panama,Framework Agreement,2022.0
LC-2023-02664,2023-12-13,Distribuidora Global S.A.,11637.44,IT & Technology,Procurement,Panama,Framework Agreement,2023.0
LC-2022-02665,2022-06-27,DataCenter Solutions,9845.89,Medical Supplies,Operations,USA,Time & Materials,2022.0
LC-2022-02666,2022-11-24,Cleaning Pro Services,632.26,Catering & Food,Procurement,Mexico,Framework Agreement,2022.0
LC-2022-02667,2022-05-20,TechSupplies Panama,100489.55,Office Supplies,Sales,USA,Spot Purchase,2022.0
LC-2022-02668,2022-04-19,TechSupplies Panama,8274.82,Office Supplies,Legal,USA,Fixed Price,2022.0
LC-2022-02669,2022-08-02,Seguridad Total Corp,11253.67,IT & Technology,Operations,Panama,Framework Agreement,2022.0
LC-2023-02670,2023-03-30,Ferremax Industrial,76938.15,Professional Services,IT,USA,Spot Purchase,2023.0
LC-2023-02671,2023-05-02,Papelería y Más,1728.21,Uniforms & PPE,IT,Panama,Framework Agreement,2023.0
LC-2022-02672,2022-12-24,Transportes Rápidos S.A.,11766.83,Marketing,Administration,Panama,Fixed Price,2022.0
LC-2023-02673,2023-02-10,Publicidad Digital LATAM,7263.84,Marketing,HR,USA,Time & Materials,2023.0
LC-2022-02674,2022-08-27,Distribuidora Global S.A.,19022.73,IT & Technology,Logistics,Panama,Time & Materials,2022.0
LC-2022-02675,2022-10-02,Grupo Logístico del Istmo,10826.31,Maintenance & Repair,Procurement,Panama,Fixed Price,2022.0
LC-2022-02676,2022-04-13,Transportes Rápidos S.A.,258.8,Marketing,Administration,Costa Rica,Framework Agreement,2022.0
LC-2022-02677,2022-03-02,Seguridad Total Corp,8303.85,IT & Technology,Marketing,Colombia,Fixed Price,2022.0
LC-2023-02678,2023-07-12,Consultoría Estratégica,470.03,Medical Supplies,HR,Panama,Framework Agreement,2023.0
LC-2022-02679,2022-09-19,MedEquip Latinoamerica,5670.41,Security,HR,Costa Rica,Spot Purchase,2022.0
LC-2022-02680,2022-05-28,TECHSUPPLIES PANAMA,26472.51,Office Supplies,Finance,USA,Framework Agreement,2022.0
LC-2022-02681,2022-04-13,Transportes Rápidos S.A.,13612.1,Marketing,IT,Panama,Spot Purchase,2022.0
LC-2022-02682,2022-04-12,TechSupplies Panama,25274.35,Office Supplies,Legal,USA,Spot Purchase,2022.0
LC-2022-02683,2022-02-27,TechSupplies Panama,24456.78,Office Supplies,Legal,Panama,Time & Materials,2022.0
LC-2022-02684,2022-05-19,Cleaning Pro Services,14732.42,Catering & Food,IT,Panama,Spot Purchase,2022.0
LC-2023-02685,2023-04-22,MedEquip Latinoamerica,8124.07,Security,Operations,Panama,Framework Agreement,2023.0
LC-2022-02686,2022-01-27,Ferremax Industrial,53071.07,Professional Services,HR,Panama,Fixed Price,2022.0
LC-2022-02687,2022-06-25,TechSupplies Panama,63775.29,Office Supplies,Operations,Colombia,Spot Purchase,2022.0
LC-2022-02688,2022-03-19,Grupo Logístico del Istmo,5752.06,Maintenance & Repair,Operations,Costa Rica,Spot Purchase,2022.0
LC-2023-02689,2023-02-22,Distribuidora Global S.A.,90052.35,IT & Technology,Logistics,Panama,Framework Agreement,2023.0
LC-2023-02690,2023-04-11,TechSupplies Panama,75732.49,Office Supplies,Finance,USA,Fixed Price,2023.0
LC-2022-02691,2022-10-28,Publicidad Digital LATAM,1069.53,Marketing,IT,Mexico,Framework Agreement,2022.0
LC-2022-02692,2022-01-16,Grupo Logístico del Istmo,27094.97,Maintenance & Repair,Finance,Colombia,Spot Purchase,2022.0
LC-2023-02693,2023-08-21,Oficentro Internacional,34642.32,Logistics & Transport,Finance,Panama,Fixed Price,2023.0
LC-2022-02694,2022-08-02,Catering Express Panama,4016.86,Logistics & Transport,HR,Panama,Fixed Price,2022.0
LC-2023-02695,2023-02-23,Oficentro Internacional,54210.61,Logistics & Transport,IT,Panama,Spot Purchase,2023.0
LC-2022-02696,2022-10-04,Papelería y Más,42068.32,Uniforms & PPE,Operations,Colombia,Time & Materials,2022.0
LC-2022-02697,2022-05-15,MedEquip Latinoamerica,24900.67,Security,Finance,Panama,Fixed Price,2022.0
LC-2022-02698,2022-06-24,Consultoría Estratégica,686.54,Medical Supplies,Marketing,USA,Fixed Price,2022.0
LC-2022-02699,2022-09-19,Seguridad Total Corp,12495.26,IT & Technology,Logistics,Costa Rica,Spot Purchase,2022.0
LC-2023-02700,,Publicidad Digital LATAM,36076.61,Marketing,Legal,Panama,Time & Materials,
LC-2022-02701,2022-01-25,MedEquip Latinoamerica,8779.83,Security,Logistics,Panama,Framework Agreement,2022.0
LC-2023-02702,2023-08-09,MedEquip Latinoamerica,25247.2,Security,Finance,USA,Fixed Price,2023.0
LC-2022-02703,2022-02-21,Distribuidora Global S.A.,406250.21,IT & Technology,Legal,Panama,Fixed Price,2022.0
LC-2022-02704,2022-07-22,Energía Renovable S.A.,22823.92,Catering & Food,IT,Panama,Time & Materials,2022.0
LC-2022-02705,2022-02-10,Oficentro Internacional,48980.15,Logistics & Transport,Legal,Panama,Spot Purchase,2022.0
LC-2022-02706,2022-07-11,MedEquip Latinoamerica,23567.71,Security,Sales,Panama,Spot Purchase,2022.0
LC-2023-02707,,Suministros Médicos del Sur,6107.86,Uniforms & PPE,IT,Costa Rica,Spot Purchase,
LC-2022-02708,2022-01-03,UNIFORMS & WORKWEAR CO.,5094.18,Professional Services,Operations,Panama,Time & Materials,2022.0
LC-2023-02709,,TechSupplies Panama,23820.53,Office Supplies,Logistics,Costa Rica,Spot Purchase,
LC-2022-02710,,MedEquip Latinoamerica,51283.28,Security,Administration,Mexico,Fixed Price,
LC-2022-02711,2022-08-29,Cleaning Pro Services,1439.94,Catering & Food,Finance,Panama,Time & Materials,2022.0
LC-2023-02712,2023-09-25,PAPELERÍA Y MÁS,48949.85,Uniforms & PPE,Administration,Colombia,Spot Purchase,2023.0
LC-2023-02713,2023-05-07,Oficentro Internacional,66160.37,Logistics & Transport,Marketing,Panama,Spot Purchase,2023.0
LC-2023-02714,2023-12-02,Distribuidora Global S.A.,6773.9,IT & Technology,Administration,USA,Framework Agreement,2023.0
LC-2022-02715,2022-04-09,Papelería y Más,8531.1,Uniforms & PPE,IT,Panama,Fixed Price,2022.0
LC-2022-02716,2022-12-04,Cleaning Pro Services,210.6,Catering & Food,Sales,Colombia,Framework Agreement,2022.0
LC-2023-02717,2023-11-12,Oficentro Internacional,,Logistics & Transport,Operations,Panama,Framework Agreement,2023.0
LC-2023-02718,2023-04-03,TechSupplies Panama,105059.04,Office Supplies,Legal,Panama,Fixed Price,2023.0
LC-2023-02719,2023-02-19,TechSupplies Panama,17839.54,Office Supplies,Administration,Costa Rica,Framework Agreement,2023.0
LC-2022-02720,2022-05-23,Distribuidora Global S.A.,42119.13,IT & Technology,HR,Panama,Fixed Price,2022.0
LC-2023-02721,2023-06-10,Ferremax Industrial,378885.35,Professional Services,HR,Colombia,Time & Materials,2023.0
LC-2023-02722,2023-06-28,Distribuidora Global S.A.,19793.4,IT & Technology,Legal,Panama,Fixed Price,2023.0
LC-2023-02723,2023-01-03,Transportes Rápidos S.A.,1003.89,Marketing,HR,Panama,Time & Materials,2023.0
LC-2022-02724,2022-01-18,Consultoría Estratégica,,Medical Supplies,IT,Panama,Spot Purchase,2022.0
LC-2022-02725,2022-04-20,Suministros Médicos del Sur,93328.5,Uniforms & PPE,Marketing,Panama,Framework Agreement,2022.0
LC-2022-02726,2022-10-21,DataCenter Solutions,4942.09,Medical Supplies,Sales,Panama,Fixed Price,2022.0
LC-2022-02727,2022-08-13,Distribuidora Global S.A.,122241.72,IT & Technology,Procurement,USA,Time & Materials,2022.0
LC-2023-02728,2023-04-15,Distribuidora Global S.A.,181638.02,IT & Technology,Marketing,Panama,Time & Materials,2023.0
LC-2022-02729,2022-03-12,FleetCars Panama,1613.68,Security,IT,Panama,Spot Purchase,2022.0
LC-2022-02730,2022-01-12,Oficentro Internacional,20284.92,Logistics & Transport,Marketing,Costa Rica,Framework Agreement,2022.0
LC-2022-02731,2022-02-17,TechSupplies Panama,159062.01,Office Supplies,Logistics,Panama,Spot Purchase,2022.0
LC-2023-02732,2023-10-12,TechSupplies Panama,274310.82,Office Supplies,Procurement,Panama,Time & Materials,2023.0
LC-2023-02733,2023-01-10,Cleaning Pro Services,11433.71,Catering & Food,Sales,Panama,Fixed Price,2023.0
LC-2022-02734,2022-09-23,TechSupplies Panama,12634.96,Office Supplies,Logistics,USA,Time & Materials,2022.0
LC-2022-02735,2022-06-17,Ferremax Industrial,394144.68,Professional Services,Legal,USA,Time & Materials,2022.0
LC-2023-02736,2023-02-08,DISTRIBUIDORA GLOBAL S.A.,19203.25,IT & Technology,Procurement,Colombia,Time & Materials,2023.0
LC-2022-02737,2022-06-06,Grupo Logístico del Istmo,24290.36,Maintenance & Repair,Legal,Panama,Spot Purchase,2022.0
LC-2023-02738,2023-06-07,Energía Renovable S.A.,8213.27,Catering & Food,Procurement,Panama,Spot Purchase,2023.0
LC-2023-02739,2023-08-16,Ferremax Industrial,234448.8,Professional Services,Finance,Colombia,Time & Materials,2023.0
LC-2023-02740,2023-05-28,Grupo Logístico del Istmo,101191.61,Maintenance & Repair,Finance,USA,Framework Agreement,2023.0
LC-2022-02741,2022-11-11,Distribuidora Global S.A.,59744.87,IT & Technology,Sales,Panama,Time & Materials,2022.0
LC-2022-02742,2022-06-04,Papelería y Más,9847.11,Uniforms & PPE,Marketing,Panama,Fixed Price,2022.0
LC-2022-02743,2022-09-20,Oficentro Internacional,38262.19,Logistics & Transport,Sales,Panama,Framework Agreement,2022.0
LC-2022-02744,2022-05-07,DataCenter Solutions,11352.68,Medical Supplies,Logistics,Panama,Fixed Price,2022.0
LC-2023-02745,2023-04-20,TechSupplies Panama,1745.03,Office Supplies,Marketing,Panama,Time & Materials,2023.0
LC-2023-02746,2023-05-28,Oficentro Internacional,25439.82,Logistics & Transport,Sales,Colombia,Framework Agreement,2023.0
LC-2023-02747,2023-07-04,Distribuidora Global S.A.,,IT & Technology,Marketing,Panama,Spot Purchase,2023.0
LC-2022-02748,2022-02-14,Seguridad Total Corp,874.35,IT & Technology,Sales,Panama,Fixed Price,2022.0
LC-2022-02749,2022-09-11,Oficentro Internacional,57733.22,Logistics & Transport,Logistics,Panama,Time & Materials,2022.0
LC-2022-02750,2022-09-03,Oficentro Internacional,28413.92,Logistics & Transport,Marketing,Panama,Fixed Price,2022.0
LC-2022-02751,2022-07-27,IT Solutions Group,68405.84,Maintenance & Repair,Legal,Panama,Fixed Price,2022.0
LC-2022-02752,2022-03-24,Cleaning Pro Services,52027.6,Catering & Food,Marketing,USA,Fixed Price,2022.0
LC-2022-02753,2022-04-20,TechSupplies Panama,20765.19,Office Supplies,Procurement,Panama,Time & Materials,2022.0
LC-2022-02754,2022-04-18,Catering Express Panama,3919.59,Logistics & Transport,Marketing,Panama,Fixed Price,2022.0
LC-2023-02755,2023-06-04,TechSupplies Panama,33231.81,Office Supplies,Sales,Colombia,Fixed Price,2023.0
LC-2023-02756,2023-01-09,Publicidad Digital LATAM,2496.16,Marketing,Procurement,USA,Framework Agreement,2023.0
LC-2023-02757,2023-06-27,Consultoría Estratégica,6584.92,Medical Supplies,Sales,Panama,Framework Agreement,2023.0
LC-2023-02758,2023-06-20,TechSupplies Panama,14618.77,Office Supplies,Marketing,Colombia,Spot Purchase,2023.0
LC-2023-02759,2023-04-25,Cleaning Pro Services,901.52,Catering & Food,Operations,Costa Rica,Time & Materials,2023.0
LC-2022-02760,2022-06-08,MedEquip Latinoamerica,12507.29,Security,Marketing,Panama,Spot Purchase,2022.0
LC-2023-02761,2023-05-18,Seguridad Total Corp,12635.86,IT & Technology,Legal,Panama,Spot Purchase,2023.0
LC-2023-02762,,Catering Express Panama,1470.75,Logistics & Transport,Operations,Panama,Spot Purchase,
LC-2022-02763,2022-12-27,Mantenimiento Integral,18826.73,Office Supplies,Marketing,Panama,Framework Agreement,2022.0
LC-2022-02764,2022-07-18,TechSupplies Panama,17019.36,Office Supplies,Logistics,Colombia,Framework Agreement,2022.0
LC-2023-02765,2023-08-23,Publicidad Digital LATAM,7184.98,Marketing,HR,Panama,Spot Purchase,2023.0
LC-2022-02766,2022-09-23,Seguridad Total Corp,16823.23,IT & Technology,Marketing,Panama,Spot Purchase,2022.0
LC-2023-02767,2023-09-27,Ferremax Industrial,34879.86,Professional Services,Sales,Panama,Spot Purchase,2023.0
LC-2022-02768,2022-04-02,FleetCars Panama,9721.66,Security,Sales,Colombia,Time & Materials,2022.0
LC-2022-02769,2022-01-05,UNIFORMS & WORKWEAR CO.,2265.06,Professional Services,HR,Panama,Fixed Price,2022.0
LC-2022-02770,2022-06-10,Distribuidora Global S.A.,28688.17,IT & Technology,Marketing,Mexico,Framework Agreement,2022.0
LC-2022-02771,2022-10-23,Distribuidora Global S.A.,28366.63,IT & Technology,Marketing,Panama,Time & Materials,2022.0
LC-2023-02772,2023-09-08,Distribuidora Global S.A.,14825.53,IT & Technology,Logistics,Panama,Spot Purchase,2023.0
LC-2023-02773,2023-01-13,IT Solutions Group,3770.03,Maintenance & Repair,Operations,Panama,Fixed Price,2023.0
LC-2023-02774,2023-02-18,Seguridad Total Corp,481.58,IT & Technology,Marketing,Panama,Framework Agreement,2023.0
LC-2023-02775,2023-07-18,ENERGÍA RENOVABLE S.A.,2352.58,Catering & Food,Sales,Panama,Framework Agreement,2023.0
LC-2022-02776,2022-09-23,Distribuidora Global S.A.,25800.51,IT & Technology,Logistics,USA,Spot Purchase,2022.0
LC-2023-02777,2023-04-29,Mantenimiento Integral,3346.7,Office Supplies,Legal,Panama,Framework Agreement,2023.0
LC-2023-02778,2023-04-05,FleetCars Panama,3421.22,Security,Finance,Panama,Fixed Price,2023.0
LC-2023-02779,2023-06-03,TechSupplies Panama,33721.23,Office Supplies,Sales,Mexico,Spot Purchase,2023.0
LC-2022-02780,2022-06-14,IT Solutions Group,10088.61,Maintenance & Repair,Operations,Mexico,Spot Purchase,2022.0
LC-2022-02781,2022-10-14,Seguridad Total Corp,18247.36,IT & Technology,Legal,Mexico,Framework Agreement,2022.0
LC-2023-02782,2023-04-17,Grupo Logístico del Istmo,16651.94,Maintenance & Repair,Procurement,Panama,Fixed Price,2023.0
LC-2023-02783,2023-06-29,Grupo Logístico del Istmo,8571.17,Maintenance & Repair,Logistics,Costa Rica,Spot Purchase,2023.0
LC-2022-02784,2022-11-22,Papelería y Más,1029.61,Uniforms & PPE,IT,Panama,Spot Purchase,2022.0
LC-2022-02785,2022-11-05,TechSupplies Panama,20238.79,Office Supplies,Procurement,Panama,Fixed Price,2022.0
LC-2022-02786,2022-12-07,TechSupplies Panama,23806.04,Office Supplies,Operations,Panama,Time & Materials,2022.0
LC-2023-02787,2023-07-23,Grupo Logístico del Istmo,14414.71,Maintenance & Repair,HR,Panama,Time & Materials,2023.0
LC-2023-02788,2023-04-02,Grupo Logístico del Istmo,7666.84,Maintenance & Repair,Logistics,Panama,Fixed Price,2023.0
LC-2022-02789,2022-12-13,Ferremax Industrial,21007.92,Professional Services,Finance,Costa Rica,Time & Materials,2022.0
LC-2022-02790,2022-08-12,Ferremax Industrial,45148.48,Professional Services,HR,Panama,Time & Materials,2022.0
LC-2022-02791,2022-09-27,Ferremax Industrial,74164.09,Professional Services,Operations,Panama,Fixed Price,2022.0
LC-2023-02792,2023-12-12,Cleaning Pro Services,2129.97,Catering & Food,IT,Panama,Fixed Price,2023.0
LC-2023-02793,2023-05-01,Distribuidora Global S.A.,22123.65,IT & Technology,Operations,Colombia,Time & Materials,2023.0
LC-2022-02794,2022-09-21,Uniforms & Workwear Co.,1224.09,Professional Services,Administration,Panama,Spot Purchase,2022.0
LC-2023-02795,2023-05-01,Papelería y Más,4688.37,Uniforms & PPE,Legal,Panama,Fixed Price,2023.0
LC-2022-02796,2022-03-20,Oficentro Internacional,13119.9,Logistics & Transport,Logistics,Panama,Spot Purchase,2022.0
LC-2023-02797,2023-05-04,Seguridad Total Corp,11610.81,IT & Technology,Logistics,Panama,Time & Materials,2023.0
LC-2023-02798,2023-12-25,Ferremax Industrial,4259.73,Professional Services,IT,Panama,Fixed Price,2023.0
LC-2023-02799,2023-10-29,Distribuidora Global S.A.,23586.84,IT & Technology,Finance,Panama,Framework Agreement,2023.0
LC-2022-02800,2022-10-29,Ferremax Industrial,52121.29,Professional Services,Legal,Panama,Fixed Price,2022.0
LC-2022-02801,2022-02-03,Oficentro Internacional,45279.13,Logistics & Transport,Marketing,Panama,Time & Materials,2022.0
LC-2022-02802,2022-07-11,Consultoría Estratégica,,Medical Supplies,Operations,Panama,Time & Materials,2022.0
LC-2022-02803,2022-04-08,Consultoría Estratégica,8305.72,Medical Supplies,Administration,USA,Fixed Price,2022.0
LC-2023-02804,2023-03-09,Grupo Logístico del Istmo,10884.93,Maintenance & Repair,Procurement,Panama,Fixed Price,2023.0
LC-2023-02805,2023-02-14,Uniforms & Workwear Co.,4259.06,Professional Services,Operations,Panama,Fixed Price,2023.0
LC-2023-02806,2023-08-21,Uniforms & Workwear Co.,342.28,Professional Services,Operations,Panama,Framework Agreement,2023.0
LC-2022-02807,2022-04-26,TechSupplies Panama,32967.59,Office Supplies,Logistics,Panama,Time & Materials,2022.0
LC-2023-02808,2023-07-07,Seguridad Total Corp,1408.69,IT & Technology,Legal,Panama,Fixed Price,2023.0
LC-2022-02809,2022-06-10,Papelería y Más,19401.11,Uniforms & PPE,Sales,Panama,Fixed Price,2022.0
LC-2023-02810,2023-09-12,Suministros Médicos del Sur,2155.31,Uniforms & PPE,Sales,Panama,Time & Materials,2023.0
LC-2022-02811,2022-06-13,Seguridad Total Corp,4125.12,IT & Technology,HR,USA,Fixed Price,2022.0
LC-2022-02812,2022-03-02,Grupo Logístico del Istmo,16938.27,Maintenance & Repair,Operations,Panama,Spot Purchase,2022.0
LC-2022-02813,2022-06-20,Grupo Logístico del Istmo,292617.51,Maintenance & Repair,Sales,Panama,Spot Purchase,2022.0
LC-2022-02814,2022-01-24,CLEANING PRO SERVICES,3035.51,Catering & Food,Logistics,USA,Framework Agreement,2022.0
LC-2023-02815,2023-01-08,Grupo Logístico del Istmo,327442.73,Maintenance & Repair,Operations,Panama,Spot Purchase,2023.0
LC-2023-02816,2023-08-02,Distribuidora Global S.A.,96469.49,IT & Technology,Operations,Colombia,Fixed Price,2023.0
LC-2022-02817,2022-09-01,TechSupplies Panama,64762.37,Office Supplies,Finance,Panama,Framework Agreement,2022.0
LC-2022-02818,2022-06-10,FleetCars Panama,8544.98,Security,Administration,Panama,Time & Materials,2022.0
LC-2022-02819,2022-03-10,Distribuidora Global S.A.,58253.34,IT & Technology,HR,Panama,Framework Agreement,2022.0
LC-2023-02820,2023-09-26,Mantenimiento Integral,272.73,Office Supplies,Sales,Panama,Fixed Price,2023.0
LC-2023-02821,2023-08-18,Oficentro Internacional,25986.69,Logistics & Transport,Operations,Panama,Spot Purchase,2023.0
LC-2022-02822,2022-09-09,Transportes Rápidos S.A.,17461.21,Marketing,IT,USA,Time & Materials,2022.0
LC-2022-02823,2022-05-16,Grupo Logístico del Istmo,,Maintenance & Repair,HR,USA,Spot Purchase,2022.0
LC-2022-02824,2022-05-06,Papelería y Más,597.18,Uniforms & PPE,Marketing,Colombia,Time & Materials,2022.0
LC-2023-02825,2023-03-31,Oficentro Internacional,34102.11,Logistics & Transport,HR,USA,Fixed Price,2023.0
LC-2022-02826,2022-02-27,FleetCars Panama,63332.78,Security,Administration,USA,Time & Materials,2022.0
LC-2023-02827,2023-08-26,TechSupplies Panama,162148.86,Office Supplies,Procurement,Panama,Framework Agreement,2023.0
LC-2023-02828,2023-10-19,Grupo Logístico del Istmo,33711.53,Maintenance & Repair,Administration,Mexico,Framework Agreement,2023.0
LC-2022-02829,2022-07-05,Cleaning Pro Services,20479.38,Catering & Food,Finance,USA,Time & Materials,2022.0
LC-2022-02830,2022-05-12,Ferremax Industrial,23392.99,Professional Services,IT,Costa Rica,Spot Purchase,2022.0
LC-2022-02831,2022-09-15,Oficentro Internacional,4700.17,Logistics & Transport,Marketing,Colombia,Spot Purchase,2022.0
LC-2023-02832,,Distribuidora Global S.A.,11975.77,IT & Technology,Administration,Panama,Fixed Price,
LC-2022-02833,2022-05-21,Cleaning Pro Services,51242.94,Catering & Food,Marketing,Panama,Framework Agreement,2022.0
LC-2022-02834,2022-01-11,Distribuidora Global S.A.,26139.64,IT & Technology,IT,Panama,Framework Agreement,2022.0
LC-2022-02835,2022-11-03,Distribuidora Global S.A.,27117.63,IT & Technology,Administration,Colombia,Fixed Price,2022.0
LC-2022-02836,2022-09-25,Ferremax Industrial,25341.39,Professional Services,Administration,Panama,Time & Materials,2022.0
LC-2023-02837,2023-05-29,Papelería y Más,85494.29,Uniforms & PPE,HR,Panama,Fixed Price,2023.0
LC-2023-02838,,Mantenimiento Integral,56327.51,Office Supplies,Sales,Colombia,Fixed Price,
LC-2023-02839,2023-03-18,Seguridad Total Corp,137059.49,IT & Technology,Procurement,USA,Fixed Price,2023.0
LC-2023-02840,2023-08-27,Consultoría Estratégica,3871.64,Medical Supplies,IT,Costa Rica,Time & Materials,2023.0
LC-2022-02841,2022-12-15,Grupo Logístico del Istmo,51779.49,Maintenance & Repair,Administration,Panama,Time & Materials,2022.0
LC-2023-02842,2023-10-14,Grupo Logístico del Istmo,5884.22,Maintenance & Repair,Operations,USA,Framework Agreement,2023.0
LC-2023-02843,2023-12-18,MedEquip Latinoamerica,45044.3,Security,Marketing,Panama,Framework Agreement,2023.0
LC-2023-02844,2023-02-12,Seguridad Total Corp,852.63,IT & Technology,Operations,Costa Rica,Framework Agreement,2023.0
LC-2023-02845,2023-01-18,Grupo Logístico del Istmo,47104.82,Maintenance & Repair,IT,Mexico,Framework Agreement,2023.0
LC-2022-02846,2022-04-19,TechSupplies Panama,9732.61,Office Supplies,HR,Panama,Fixed Price,2022.0
LC-2023-02847,2023-04-03,Energía Renovable S.A.,2031.85,Catering & Food,Legal,Panama,Framework Agreement,2023.0
LC-2022-02848,2022-04-03,TechSupplies Panama,13296.89,Office Supplies,HR,Colombia,Fixed Price,2022.0
LC-2023-02849,2023-09-01,FLEETCARS PANAMA,,Security,Finance,Panama,Time & Materials,2023.0
LC-2022-02850,2022-02-10,Grupo Logístico del Istmo,19016.32,Maintenance & Repair,HR,Colombia,Spot Purchase,2022.0
LC-2023-02851,2023-03-17,Catering Express Panama,2159.42,Logistics & Transport,Sales,Panama,Framework Agreement,2023.0
LC-2023-02852,2023-09-22,DataCenter Solutions,17154.24,Medical Supplies,Operations,Costa Rica,Time & Materials,2023.0
LC-2023-02853,2023-07-06,TechSupplies Panama,9644.71,Office Supplies,Sales,Mexico,Time & Materials,2023.0
LC-2023-02854,2023-01-27,Ferremax Industrial,47318.17,Professional Services,Finance,USA,Time & Materials,2023.0
LC-2023-02855,2023-05-13,Distribuidora Global S.A.,156615.8,IT & Technology,Marketing,Panama,Spot Purchase,2023.0
LC-2023-02856,2023-03-23,Distribuidora Global S.A.,19617.25,IT & Technology,Legal,Panama,Spot Purchase,2023.0
LC-2023-02857,2023-08-10,MedEquip Latinoamerica,1674.25,Security,Sales,Panama,Fixed Price,2023.0
LC-2022-02858,2022-08-17,Grupo Logístico del Istmo,27539.33,Maintenance & Repair,Procurement,Panama,Time & Materials,2022.0
LC-2023-02859,2023-10-21,TechSupplies Panama,149592.51,Office Supplies,Legal,Panama,Fixed Price,2023.0
LC-2022-02860,2022-07-24,Distribuidora Global S.A.,45840.77,IT & Technology,Legal,Panama,Time & Materials,2022.0
LC-2023-02861,2023-04-16,Mantenimiento Integral,2215.38,Office Supplies,Finance,Costa Rica,Time & Materials,2023.0
LC-2023-02862,2023-03-09,MedEquip Latinoamerica,10155.95,Security,Procurement,Panama,Fixed Price,2023.0
LC-2023-02863,2023-03-15,Oficentro Internacional,9674.51,Logistics & Transport,Administration,Panama,Framework Agreement,2023.0
LC-2022-02864,2022-03-30,Distribuidora Global S.A.,82259.27,IT & Technology,Marketing,Panama,Fixed Price,2022.0
LC-2022-02865,2022-02-12,TechSupplies Panama,59297.88,Office Supplies,Logistics,Colombia,Time & Materials,2022.0
LC-2022-02866,2022-06-22,Oficentro Internacional,25100.17,Logistics & Transport,Logistics,Panama,Spot Purchase,2022.0
LC-2023-02867,2023-04-05,Mantenimiento Integral,1397.05,Office Supplies,Marketing,Panama,Framework Agreement,2023.0
LC-2023-02868,2023-01-23,IT Solutions Group,1299.82,Maintenance & Repair,Marketing,Panama,Time & Materials,2023.0
LC-2023-02869,2023-06-13,Distribuidora Global S.A.,68994.41,IT & Technology,Procurement,Panama,Time & Materials,2023.0
LC-2022-02870,2022-08-21,Distribuidora Global S.A.,158700.9,IT & Technology,Operations,USA,Framework Agreement,2022.0
LC-2023-02871,2023-02-05,Ferremax Industrial,16902.73,Professional Services,Logistics,Panama,Fixed Price,2023.0
LC-2023-02872,2023-05-04,Cleaning Pro Services,9774.97,Catering & Food,Operations,USA,Time & Materials,2023.0
LC-2022-02873,2022-10-28,Oficentro Internacional,2967.77,Logistics & Transport,Legal,Costa Rica,Fixed Price,2022.0
LC-2023-02874,2023-02-10,Oficentro Internacional,18005.97,Logistics & Transport,IT,Panama,Fixed Price,2023.0
LC-2023-02875,2023-03-01,Catering Express Panama,4691.05,Logistics & Transport,Sales,Panama,Framework Agreement,2023.0
LC-2023-02876,2023-01-12,Papelería y Más,1255.73,Uniforms & PPE,Legal,USA,Fixed Price,2023.0
LC-2022-02877,2022-03-03,Grupo Logístico del Istmo,11803.98,Maintenance & Repair,Marketing,Costa Rica,Fixed Price,2022.0
LC-2022-02878,2022-12-09,Cleaning Pro Services,1805.03,Catering & Food,Finance,Panama,Framework Agreement,2022.0
LC-2023-02879,2023-01-08,MedEquip Latinoamerica,7618.15,Security,Operations,Panama,Time & Materials,2023.0
LC-2023-02880,2023-03-31,Uniforms & Workwear Co.,3710.81,Professional Services,IT,Costa Rica,Time & Materials,2023.0
LC-2023-02881,2023-11-13,TechSupplies Panama,2475.31,Office Supplies,Legal,USA,Spot Purchase,2023.0
LC-2022-02882,2022-07-07,Seguridad Total Corp,204.17,IT & Technology,Finance,USA,Time & Materials,2022.0
LC-2022-02883,2022-03-25,Ferremax Industrial,17531.63,Professional Services,Administration,Colombia,Framework Agreement,2022.0
LC-2023-02884,2023-05-30,DataCenter Solutions,9764.71,Medical Supplies,Legal,Panama,Time & Materials,2023.0
LC-2023-02885,2023-08-10,Distribuidora Global S.A.,1343.45,IT & Technology,Procurement,Costa Rica,Time & Materials,2023.0
LC-2023-02886,2023-02-14,Transportes Rápidos S.A.,,Marketing,Administration,USA,Spot Purchase,2023.0
LC-2023-02887,2023-08-08,DataCenter Solutions,2231.94,Medical Supplies,Operations,Colombia,Framework Agreement,2023.0
LC-2023-02888,2023-07-13,Distribuidora Global S.A.,192144.95,IT & Technology,Marketing,Panama,Fixed Price,2023.0
LC-2022-02889,2022-03-13,Grupo Logístico del Istmo,22878.98,Maintenance & Repair,IT,Panama,Fixed Price,2022.0
LC-2023-02890,2023-08-18,Transportes Rápidos S.A.,8729.68,Marketing,Operations,USA,Time & Materials,2023.0
LC-2023-02891,2023-05-18,Cleaning Pro Services,6074.69,Catering & Food,Administration,USA,Time & Materials,2023.0
LC-2023-02892,2023-04-20,Publicidad Digital LATAM,201.17,Marketing,IT,Mexico,Time & Materials,2023.0
LC-2022-02893,2022-06-25,MedEquip Latinoamerica,15557.7,Security,Logistics,USA,Framework Agreement,2022.0
LC-2022-02894,2022-03-31,Transportes Rápidos S.A.,6789.24,Marketing,Administration,USA,Time & Materials,2022.0
LC-2022-02895,2022-04-26,Transportes Rápidos S.A.,10534.42,Marketing,Administration,Colombia,Fixed Price,2022.0
LC-2022-02896,2022-03-07,Grupo Logístico del Istmo,500000.0,Maintenance & Repair,Operations,Panama,Time & Materials,2022.0
LC-2022-02897,2022-10-06,Distribuidora Global S.A.,2978.17,IT & Technology,Logistics,USA,Time & Materials,2022.0
LC-2023-02898,2023-12-12,Oficentro Internacional,287689.19,Logistics & Transport,IT,Panama,Time & Materials,2023.0
LC-2023-02899,2023-01-31,MedEquip Latinoamerica,3193.36,Security,Legal,USA,Fixed Price,2023.0
LC-2022-02900,2022-04-16,TechSupplies Panama,51266.6,Office Supplies,Finance,Panama,Fixed Price,2022.0
LC-2022-02901,2022-12-03,Cleaning Pro Services,,Catering & Food,HR,Colombia,Fixed Price,2022.0
LC-2023-02902,2023-02-27,Distribuidora Global S.A.,21827.29,IT & Technology,Operations,USA,Time & Materials,2023.0
LC-2023-02903,2023-06-15,TechSupplies Panama,18328.28,Office Supplies,Marketing,Colombia,Fixed Price,2023.0
LC-2023-02904,2023-09-08,Ferremax Industrial,53928.29,Professional Services,Legal,Panama,Time & Materials,2023.0
LC-2022-02905,2022-01-31,SEGURIDAD TOTAL CORP,504.84,IT & Technology,Logistics,USA,Framework Agreement,2022.0
LC-2023-02906,2023-10-19,Ferremax Industrial,89383.82,Professional Services,Administration,Panama,Time & Materials,2023.0
LC-2023-02907,2023-09-07,Grupo Logístico del Istmo,22038.95,Maintenance & Repair,Operations,Panama,Fixed Price,2023.0
LC-2022-02908,2022-01-16,Mantenimiento Integral,902.25,Office Supplies,Legal,Panama,Time & Materials,2022.0
LC-2023-02909,2023-10-13,TechSupplies Panama,21162.47,Office Supplies,Finance,Panama,Fixed Price,2023.0
LC-2022-02910,2022-08-12,TechSupplies Panama,164157.08,Office Supplies,Logistics,Panama,Framework Agreement,2022.0
LC-2022-02911,2022-01-07,TECHSUPPLIES PANAMA,19102.95,Office Supplies,Logistics,Panama,Spot Purchase,2022.0
LC-2023-02912,2023-11-05,Mantenimiento Integral,8414.24,Office Supplies,HR,Panama,Time & Materials,2023.0
LC-2023-02913,2023-01-08,Cleaning Pro Services,1641.83,Catering & Food,HR,Panama,Spot Purchase,2023.0
LC-2022-02914,2022-09-13,MedEquip Latinoamerica,15319.51,Security,Legal,Costa Rica,Fixed Price,2022.0
LC-2022-02915,2022-11-22,Distribuidora Global S.A.,82669.77,IT & Technology,Logistics,Panama,Spot Purchase,2022.0
LC-2022-02916,2022-09-19,Distribuidora Global S.A.,333811.12,IT & Technology,Sales,Panama,Spot Purchase,2022.0
LC-2023-02917,2023-11-27,Ferremax Industrial,,Professional Services,Sales,Mexico,Framework Agreement,2023.0
LC-2022-02918,2022-05-02,Transportes Rápidos S.A.,13399.63,Marketing,Marketing,USA,Time & Materials,2022.0
LC-2023-02919,2023-12-31,Ferremax Industrial,40850.77,Professional Services,Marketing,Panama,Framework Agreement,2023.0
LC-2023-02920,2023-02-17,Distribuidora Global S.A.,171964.98,IT & Technology,Legal,Panama,Spot Purchase,2023.0
LC-2022-02921,2022-05-13,MedEquip Latinoamerica,1671.96,Security,Logistics,USA,Fixed Price,2022.0
LC-2022-02922,2022-09-20,Publicidad Digital LATAM,15025.56,Marketing,HR,Panama,Fixed Price,2022.0
LC-2022-02923,2022-01-12,Consultoría Estratégica,3670.03,Medical Supplies,Administration,USA,Time & Materials,2022.0
LC-2022-02924,2022-07-01,Consultoría Estratégica,4463.63,Medical Supplies,Administration,USA,Spot Purchase,2022.0
LC-2023-02925,2023-08-26,Cleaning Pro Services,5639.94,Catering & Food,Administration,Colombia,Time & Materials,2023.0
LC-2023-02926,2023-02-14,MedEquip Latinoamerica,7175.02,Security,IT,Panama,Spot Purchase,2023.0
LC-2022-02927,2022-01-13,Cleaning Pro Services,4128.45,Catering & Food,Sales,Mexico,Spot Purchase,2022.0
LC-2022-02928,2022-04-08,Distribuidora Global S.A.,46988.39,IT & Technology,Logistics,USA,Time & Materials,2022.0
LC-2022-02929,2022-05-10,Publicidad Digital LATAM,52427.0,Marketing,Administration,Panama,Time & Materials,2022.0
LC-2023-02930,2023-02-13,Oficentro Internacional,118484.76,Logistics & Transport,Operations,Colombia,Spot Purchase,2023.0
LC-2022-02931,2022-02-04,Distribuidora Global S.A.,103051.64,IT & Technology,Logistics,Costa Rica,Time & Materials,2022.0
LC-2023-02932,2023-06-13,TechSupplies Panama,21022.58,Office Supplies,Finance,Panama,Time & Materials,2023.0
LC-2022-02933,2022-02-03,DataCenter Solutions,1294.84,Medical Supplies,Marketing,USA,Time & Materials,2022.0
LC-2023-02934,2023-11-15,Catering Express Panama,20598.03,Logistics & Transport,Legal,Panama,Time & Materials,2023.0
LC-2022-02935,2022-08-28,Oficentro Internacional,103907.48,Logistics & Transport,HR,Panama,Time & Materials,2022.0
LC-2023-02936,2023-09-30,Ferremax Industrial,212607.88,Professional Services,Legal,Panama,Fixed Price,2023.0
LC-2023-02937,2023-10-27,Distribuidora Global S.A.,17592.42,IT & Technology,Administration,Mexico,Fixed Price,2023.0
LC-2022-02938,2022-09-09,UNIFORMS & WORKWEAR CO.,3483.1,Professional Services,Finance,USA,Framework Agreement,2022.0
LC-2023-02939,2023-05-07,Grupo Logístico del Istmo,5077.73,Maintenance & Repair,Marketing,Panama,Framework Agreement,2023.0
LC-2022-02940,2022-09-11,DataCenter Solutions,2727.92,Medical Supplies,Logistics,Panama,Framework Agreement,2022.0
LC-2023-02941,2023-11-04,Transportes Rápidos S.A.,21913.45,Marketing,Sales,Panama,Fixed Price,2023.0
LC-2023-02942,2023-05-17,Grupo Logístico del Istmo,20748.01,Maintenance & Repair,Operations,Panama,Spot Purchase,2023.0
LC-2023-02943,2023-03-06,Suministros Médicos del Sur,12845.13,Uniforms & PPE,Sales,Panama,Time & Materials,2023.0
LC-2023-02944,2023-09-29,Publicidad Digital LATAM,3693.19,Marketing,HR,Colombia,Framework Agreement,2023.0
LC-2022-02945,2022-08-04,Cleaning Pro Services,7991.11,Catering & Food,Marketing,USA,Time & Materials,2022.0
LC-2022-02946,2022-10-21,MANTENIMIENTO INTEGRAL,878.72,Office Supplies,Logistics,Panama,Spot Purchase,2022.0
LC-2022-02947,2022-05-12,Grupo Logístico del Istmo,40225.3,Maintenance & Repair,Procurement,Costa Rica,Spot Purchase,2022.0
LC-2023-02948,2023-02-28,Publicidad Digital LATAM,55.33,Marketing,Operations,Colombia,Spot Purchase,2023.0
LC-2022-02949,2022-04-02,Seguridad Total Corp,3713.22,IT & Technology,Operations,Colombia,Framework Agreement,2022.0
LC-2022-02950,2022-10-02,IT Solutions Group,425.94,Maintenance & Repair,Administration,Panama,Fixed Price,2022.0
LC-2023-02951,2023-06-06,Cleaning Pro Services,,Catering & Food,Finance,USA,Framework Agreement,2023.0
LC-2022-02952,2022-09-24,Papelería y Más,15773.89,Uniforms & PPE,Finance,Panama,Spot Purchase,2022.0
LC-2023-02953,2023-02-12,Grupo Logístico del Istmo,63576.88,Maintenance & Repair,Administration,Colombia,Fixed Price,2023.0
LC-2022-02954,2022-01-13,Distribuidora Global S.A.,225304.36,IT & Technology,Operations,USA,Time & Materials,2022.0
LC-2023-02955,2023-09-11,MedEquip Latinoamerica,1183.97,Security,Operations,Mexico,Time & Materials,2023.0
LC-2023-02956,2023-08-26,Distribuidora Global S.A.,295621.69,IT & Technology,Marketing,Panama,Time & Materials,2023.0
LC-2023-02957,2023-07-12,Papelería y Más,19896.27,Uniforms & PPE,Operations,Panama,Framework Agreement,2023.0
LC-2023-02958,2023-07-01,Publicidad Digital LATAM,3446.68,Marketing,Operations,Colombia,Spot Purchase,2023.0
LC-2022-02959,2022-10-17,Cleaning Pro Services,26995.63,Catering & Food,Sales,Panama,Spot Purchase,2022.0
LC-2022-02960,2022-05-16,TechSupplies Panama,9628.16,Office Supplies,IT,Panama,Spot Purchase,2022.0
LC-2023-02961,2023-03-19,Ferremax Industrial,13501.86,Professional Services,Logistics,Panama,Fixed Price,2023.0
LC-2022-02962,2022-02-12,MedEquip Latinoamerica,1972.62,Security,Operations,USA,Time & Materials,2022.0
LC-2022-02963,2022-08-16,Cleaning Pro Services,2222.82,Catering & Food,Marketing,Costa Rica,Framework Agreement,2022.0
LC-2022-02964,2022-04-09,TechSupplies Panama,10220.3,Office Supplies,Legal,Panama,Fixed Price,2022.0
LC-2022-02965,2022-07-10,Distribuidora Global S.A.,157581.75,IT & Technology,HR,Panama,Time & Materials,2022.0
LC-2022-02966,2022-05-31,Distribuidora Global S.A.,,IT & Technology,Procurement,Colombia,Time & Materials,2022.0
LC-2023-02967,2023-01-08,Transportes Rápidos S.A.,8339.49,Marketing,Procurement,USA,Framework Agreement,2023.0
LC-2023-02968,2023-10-18,Consultoría Estratégica,2089.07,Medical Supplies,Operations,USA,Time & Materials,2023.0
LC-2022-02969,2022-09-07,Oficentro Internacional,4085.81,Logistics & Transport,Finance,USA,Framework Agreement,2022.0
LC-2022-02970,2022-07-04,Mantenimiento Integral,7369.36,Office Supplies,Legal,Panama,Spot Purchase,2022.0
LC-2022-02971,2022-05-22,FleetCars Panama,279.11,Security,Sales,Panama,Fixed Price,2022.0
LC-2022-02972,2022-01-07,Distribuidora Global S.A.,33444.38,IT & Technology,Sales,USA,Spot Purchase,2022.0
LC-2022-02973,2022-02-12,Oficentro Internacional,7030.56,Logistics & Transport,Operations,Panama,Time & Materials,2022.0
LC-2023-02974,,Grupo Logístico del Istmo,394246.33,Maintenance & Repair,HR,Costa Rica,Fixed Price,
LC-2023-02975,2023-08-24,MedEquip Latinoamerica,19284.25,Security,Finance,Panama,Time & Materials,2023.0
LC-2022-02976,2022-05-27,Mantenimiento Integral,5759.64,Office Supplies,IT,Colombia,Fixed Price,2022.0
LC-2023-02977,2023-01-15,TechSupplies Panama,165453.92,Office Supplies,IT,Mexico,Spot Purchase,2023.0
LC-2023-02978,2023-02-06,IT Solutions Group,1380.95,Maintenance & Repair,Administration,Colombia,Time & Materials,2023.0
LC-2022-02979,2022-10-30,Distribuidora Global S.A.,69715.31,IT & Technology,Procurement,Panama,Spot Purchase,2022.0
LC-2022-02980,2022-10-20,DataCenter Solutions,6632.36,Medical Supplies,HR,Panama,Framework Agreement,2022.0
LC-2022-02981,2022-05-08,Oficentro Internacional,49852.51,Logistics & Transport,Sales,Panama,Fixed Price,2022.0
LC-2023-02982,2023-06-27,MedEquip Latinoamerica,33141.13,Security,Legal,Panama,Framework Agreement,2023.0
LC-2022-02983,2022-06-21,Seguridad Total Corp,14746.16,IT & Technology,Legal,Panama,Time & Materials,2022.0
LC-2023-02984,2023-12-18,FERREMAX INDUSTRIAL,51352.47,Professional Services,Procurement,Panama,Framework Agreement,2023.0
LC-2023-02985,2023-07-09,Grupo Logístico del Istmo,4984.73,Maintenance & Repair,Legal,Panama,Framework Agreement,2023.0
LC-2023-02986,2023-02-20,IT Solutions Group,,Maintenance & Repair,HR,Costa Rica,Spot Purchase,2023.0
LC-2022-02987,,Distribuidora Global S.A.,31343.1,IT & Technology,Marketing,Panama,Fixed Price,
LC-2022-02988,2022-04-07,Ferremax Industrial,40621.26,Professional Services,Finance,Panama,Spot Purchase,2022.0
LC-2022-02989,2022-09-19,Cleaning Pro Services,902.07,Catering & Food,Sales,Panama,Time & Materials,2022.0
LC-2023-02990,2023-12-28,Oficentro Internacional,500000.0,Logistics & Transport,Administration,Panama,Fixed Price,2023.0
LC-2023-02991,2023-08-21,TechSupplies Panama,224060.83,Office Supplies,Sales,Colombia,Spot Purchase,2023.0
LC-2023-02992,2023-03-22,Energía Renovable S.A.,12126.85,Catering & Food,Finance,Mexico,Spot Purchase,2023.0
LC-2023-02993,2023-02-02,Grupo Logístico del Istmo,39594.45,Maintenance & Repair,IT,Panama,Framework Agreement,2023.0
LC-2023-02994,2023-10-05,Oficentro Internacional,28151.31,Logistics & Transport,Administration,USA,Framework Agreement,2023.0
LC-2022-02995,2022-09-06,Distribuidora Global S.A.,11587.68,IT & Technology,Procurement,Panama,Time & Materials,2022.0
LC-2022-02996,2022-09-08,Mantenimiento Integral,5520.48,Office Supplies,Finance,USA,Framework Agreement,2022.0
LC-2023-02997,2023-03-19,TechSupplies Panama,49478.97,Office Supplies,Operations,USA,Framework Agreement,2023.0
LC-2022-02998,2022-08-06,TechSupplies Panama,8183.6,Office Supplies,Administration,Colombia,Spot Purchase,2022.0
LC-2022-02999,2022-07-10,IT Solutions Group,8113.34,Maintenance & Repair,Logistics,Panama,Fixed Price,2022.0
LC-2023-03000,2023-09-25,Seguridad Total Corp,3893.69,IT & Technology,Legal,Panama,Spot Purchase,2023.0
LC-2022-03001,2022-08-18,Ferremax Industrial,3679.86,Professional Services,IT,USA,Time & Materials,2022.0
LC-2022-03002,2022-01-23,Distribuidora Global S.A.,12933.01,IT & Technology,IT,Colombia,Time & Materials,2022.0
LC-2022-03003,2022-06-29,Distribuidora Global S.A.,22107.53,IT & Technology,Administration,Panama,Time & Materials,2022.0
LC-2023-03004,2023-09-15,Oficentro Internacional,,Logistics & Transport,Finance,USA,Time & Materials,2023.0
LC-2023-03005,2023-12-08,Oficentro Internacional,70817.66,Logistics & Transport,Finance,Panama,Framework Agreement,2023.0
LC-2022-03006,2022-07-26,Energía Renovable S.A.,663.0,Catering & Food,Sales,Panama,Fixed Price,2022.0
LC-2022-03007,2022-08-07,Transportes Rápidos S.A.,10188.9,Marketing,Legal,Panama,Time & Materials,2022.0
LC-2023-03008,2023-04-06,Suministros Médicos del Sur,482.53,Uniforms & PPE,HR,Panama,Spot Purchase,2023.0
LC-2023-03009,2023-02-12,Grupo Logístico del Istmo,133149.69,Maintenance & Repair,Marketing,Colombia,Fixed Price,2023.0
LC-2023-03010,2023-07-26,Energía Renovable S.A.,2424.34,Catering & Food,Procurement,Panama,Time & Materials,2023.0
LC-2022-03011,2022-05-19,Oficentro Internacional,32455.87,Logistics & Transport,Sales,Panama,Framework Agreement,2022.0
LC-2022-03012,2022-05-16,DataCenter Solutions,35907.27,Medical Supplies,Logistics,Costa Rica,Fixed Price,2022.0
LC-2023-03013,2023-06-03,IT Solutions Group,712.84,Maintenance & Repair,Procurement,Mexico,Framework Agreement,2023.0
LC-2022-03014,2022-01-15,MedEquip Latinoamerica,604.45,Security,Operations,Panama,Time & Materials,2022.0
LC-2022-03015,2022-09-26,Mantenimiento Integral,2047.96,Office Supplies,Sales,Colombia,Spot Purchase,2022.0
LC-2023-03016,2023-10-24,Ferremax Industrial,126254.45,Professional Services,Sales,USA,Spot Purchase,2023.0
LC-2023-03017,2023-08-12,Publicidad Digital LATAM,503.2,Marketing,Administration,Colombia,Spot Purchase,2023.0
LC-2022-03018,2022-02-05,Cleaning Pro Services,70.23,Catering & Food,Finance,Panama,Spot Purchase,2022.0
LC-2022-03019,2022-05-27,Oficentro Internacional,21133.39,Logistics & Transport,Logistics,USA,Time & Materials,2022.0
LC-2023-03020,2023-08-28,TechSupplies Panama,70409.89,Office Supplies,HR,Costa Rica,Time & Materials,2023.0
LC-2023-03021,2023-11-08,TechSupplies Panama,153324.84,Office Supplies,Marketing,USA,Fixed Price,2023.0
LC-2022-03022,2022-01-17,MedEquip Latinoamerica,,Security,Sales,Panama,Framework Agreement,2022.0
LC-2023-03023,2023-08-29,Grupo Logístico del Istmo,22165.41,Maintenance & Repair,HR,Panama,Time & Materials,2023.0
LC-2022-03024,2022-12-16,Ferremax Industrial,145027.82,Professional Services,HR,Colombia,Time & Materials,2022.0
LC-2022-03025,2022-05-12,Ferremax Industrial,3851.85,Professional Services,Marketing,Mexico,Time & Materials,2022.0
LC-2022-03026,2022-03-11,Ferremax Industrial,22783.12,Professional Services,Sales,Colombia,Framework Agreement,2022.0
LC-2023-03027,2023-08-13,Suministros Médicos del Sur,6539.63,Uniforms & PPE,IT,Colombia,Framework Agreement,2023.0
LC-2023-03028,2023-02-05,Publicidad Digital LATAM,,Marketing,Administration,USA,Framework Agreement,2023.0
LC-2022-03029,2022-07-17,Transportes Rápidos S.A.,2287.67,Marketing,Administration,Panama,Spot Purchase,2022.0
LC-2023-03030,2023-02-09,IT Solutions Group,5175.35,Maintenance & Repair,Procurement,Panama,Time & Materials,2023.0
LC-2023-03031,2023-01-29,CLEANING PRO SERVICES,117.63,Catering & Food,HR,Panama,Fixed Price,2023.0
LC-2023-03032,2023-12-02,Grupo Logístico del Istmo,16483.28,Maintenance & Repair,Sales,Costa Rica,Spot Purchase,2023.0
LC-2022-03033,2022-12-02,DataCenter Solutions,9703.71,Medical Supplies,Marketing,Panama,Framework Agreement,2022.0
LC-2023-03034,2023-03-18,DISTRIBUIDORA GLOBAL S.A.,11172.91,IT & Technology,HR,Panama,Spot Purchase,2023.0
LC-2022-03035,2022-10-26,Ferremax Industrial,38979.11,Professional Services,Marketing,Panama,Time & Materials,2022.0
LC-2022-03036,2022-06-29,Grupo Logístico del Istmo,62084.21,Maintenance & Repair,Sales,Panama,Time & Materials,2022.0
LC-2022-03037,2022-10-31,Seguridad Total Corp,,IT & Technology,Administration,USA,Spot Purchase,2022.0
LC-2022-03038,2022-01-18,TechSupplies Panama,44558.42,Office Supplies,Legal,USA,Spot Purchase,2022.0
LC-2023-03039,2023-04-09,Ferremax Industrial,,Professional Services,Operations,Costa Rica,Fixed Price,2023.0
LC-2022-03040,2022-08-06,Uniforms & Workwear Co.,3605.02,Professional Services,Logistics,Panama,Time & Materials,2022.0
LC-2023-03041,2023-07-08,Mantenimiento Integral,12275.05,Office Supplies,Sales,Costa Rica,Fixed Price,2023.0
LC-2022-03042,2022-08-06,Cleaning Pro Services,6219.59,Catering & Food,Logistics,Costa Rica,Fixed Price,2022.0
LC-2023-03043,2023-09-03,Grupo Logístico del Istmo,17964.67,Maintenance & Repair,Finance,USA,Spot Purchase,2023.0
LC-2022-03044,2022-12-11,Cleaning Pro Services,6879.66,Catering & Food,Procurement,Panama,Framework Agreement,2022.0
LC-2022-03045,2022-11-02,Grupo Logístico del Istmo,85607.81,Maintenance & Repair,Administration,Panama,Fixed Price,2022.0
LC-2022-03046,,Papelería y Más,227.03,Uniforms & PPE,Legal,Costa Rica,Spot Purchase,
LC-2023-03047,2023-11-25,Oficentro Internacional,,Logistics & Transport,IT,USA,Framework Agreement,2023.0
LC-2022-03048,2022-01-02,Seguridad Total Corp,2967.92,IT & Technology,Operations,Panama,Spot Purchase,2022.0
LC-2022-03049,2022-12-29,DataCenter Solutions,9304.33,Medical Supplies,Operations,Panama,Fixed Price,2022.0
LC-2023-03050,2023-04-25,Oficentro Internacional,152771.15,Logistics & Transport,Logistics,USA,Fixed Price,2023.0
LC-2023-03051,2023-04-28,Distribuidora Global S.A.,7002.28,IT & Technology,Procurement,Colombia,Spot Purchase,2023.0
LC-2022-03052,2022-03-10,Grupo Logístico del Istmo,15501.17,Maintenance & Repair,Finance,Colombia,Framework Agreement,2022.0
LC-2022-03053,2022-07-26,FleetCars Panama,,Security,Marketing,Costa Rica,Time & Materials,2022.0
LC-2023-03054,2023-12-15,Catering Express Panama,1516.82,Logistics & Transport,Sales,Colombia,Spot Purchase,2023.0
LC-2022-03055,2022-06-22,Grupo Logístico del Istmo,291246.1,Maintenance & Repair,IT,Colombia,Time & Materials,2022.0
LC-2022-03056,2022-06-19,Grupo Logístico del Istmo,12989.2,Maintenance & Repair,Marketing,Panama,Framework Agreement,2022.0
LC-2023-03057,2023-12-18,MedEquip Latinoamerica,,Security,Finance,Panama,Time & Materials,2023.0
LC-2023-03058,2023-06-27,TechSupplies Panama,46409.84,Office Supplies,Finance,Panama,Fixed Price,2023.0
LC-2023-03059,2023-01-26,MedEquip Latinoamerica,809.79,Security,HR,Panama,Time & Materials,2023.0
LC-2023-03060,2023-03-07,Grupo Logístico del Istmo,22588.2,Maintenance & Repair,Marketing,USA,Fixed Price,2023.0
LC-2023-03061,2023-10-02,TechSupplies Panama,53153.75,Office Supplies,Procurement,Panama,Spot Purchase,2023.0
LC-2022-03062,2022-02-06,Uniforms & Workwear Co.,2983.07,Professional Services,IT,USA,Fixed Price,2022.0
LC-2022-03063,2022-02-26,Oficentro Internacional,32465.58,Logistics & Transport,Logistics,Costa Rica,Spot Purchase,2022.0
LC-2022-03064,2022-03-14,Suministros Médicos del Sur,2221.64,Uniforms & PPE,Administration,Panama,Framework Agreement,2022.0
LC-2023-03065,2023-07-12,Oficentro Internacional,5899.58,Logistics & Transport,Administration,USA,Fixed Price,2023.0
LC-2022-03066,2022-12-28,Papelería y Más,7961.64,Uniforms & PPE,Procurement,USA,Fixed Price,2022.0
LC-2022-03067,2022-06-21,MedEquip Latinoamerica,68350.19,Security,Logistics,Panama,Spot Purchase,2022.0
LC-2023-03068,2023-06-22,MedEquip Latinoamerica,,Security,Procurement,Panama,Time & Materials,2023.0
LC-2023-03069,2023-08-31,Ferremax Industrial,47587.1,Professional Services,Finance,Panama,Time & Materials,2023.0
LC-2022-03070,2022-04-01,DataCenter Solutions,13892.22,Medical Supplies,Administration,Panama,Framework Agreement,2022.0
LC-2023-03071,2023-11-03,Energía Renovable S.A.,732.16,Catering & Food,Marketing,USA,Spot Purchase,2023.0
LC-2022-03072,2022-01-08,Mantenimiento Integral,63181.83,Office Supplies,Operations,Colombia,Spot Purchase,2022.0
LC-2023-03073,2023-04-11,Publicidad Digital LATAM,6657.46,Marketing,Operations,Panama,Fixed Price,2023.0
LC-2022-03074,2022-08-18,Cleaning Pro Services,56828.05,Catering & Food,HR,Panama,Time & Materials,2022.0
LC-2022-03075,2022-02-17,Catering Express Panama,1636.72,Logistics & Transport,Logistics,USA,Spot Purchase,2022.0
LC-2023-03076,2023-06-16,Oficentro Internacional,321796.39,Logistics & Transport,Marketing,USA,Spot Purchase,2023.0
LC-2022-03077,2022-01-14,TechSupplies Panama,92059.15,Office Supplies,Sales,Colombia,Spot Purchase,2022.0
LC-2022-03078,2022-12-04,Seguridad Total Corp,11266.17,IT & Technology,IT,Panama,Framework Agreement,2022.0
LC-2023-03079,2023-10-22,Oficentro Internacional,48089.99,Logistics & Transport,Operations,Panama,Time & Materials,2023.0
LC-2023-03080,2023-12-29,IT Solutions Group,3385.33,Maintenance & Repair,IT,USA,Framework Agreement,2023.0
LC-2022-03081,2022-03-20,Suministros Médicos del Sur,29756.34,Uniforms & PPE,Marketing,Panama,Fixed Price,2022.0
LC-2022-03082,2022-08-21,Distribuidora Global S.A.,42977.49,IT & Technology,Finance,Costa Rica,Time & Materials,2022.0
LC-2022-03083,2022-11-29,TechSupplies Panama,3427.26,Office Supplies,Marketing,Panama,Fixed Price,2022.0
LC-2023-03084,2023-08-20,MedEquip Latinoamerica,919.86,Security,Finance,Costa Rica,Fixed Price,2023.0
LC-2023-03085,2023-10-17,Ferremax Industrial,29056.14,Professional Services,Operations,Panama,Time & Materials,2023.0
LC-2023-03086,2023-02-26,Grupo Logístico del Istmo,52680.4,Maintenance & Repair,Marketing,Panama,Framework Agreement,2023.0
LC-2023-03087,2023-03-14,FleetCars Panama,4514.8,Security,IT,Mexico,Spot Purchase,2023.0
LC-2023-03088,2023-05-07,TechSupplies Panama,156806.05,Office Supplies,HR,USA,Framework Agreement,2023.0
LC-2023-03089,2023-01-10,IT Solutions Group,263.31,Maintenance & Repair,Sales,USA,Spot Purchase,2023.0
LC-2022-03090,2022-08-28,Transportes Rápidos S.A.,6095.96,Marketing,HR,Colombia,Spot Purchase,2022.0
LC-2022-03091,2022-12-06,Papelería y Más,321.51,Uniforms & PPE,Operations,Panama,Fixed Price,2022.0
LC-2022-03092,2022-11-04,DataCenter Solutions,15360.71,Medical Supplies,IT,Panama,Time & Materials,2022.0
LC-2023-03093,2023-07-05,Distribuidora Global S.A.,32423.85,IT & Technology,Sales,Colombia,Framework Agreement,2023.0
LC-2023-03094,2023-01-29,Consultoría Estratégica,9222.62,Medical Supplies,IT,Panama,Framework Agreement,2023.0
LC-2023-03095,2023-07-12,Papelería y Más,1345.04,Uniforms & PPE,Sales,Costa Rica,Framework Agreement,2023.0
LC-2022-03096,2022-03-07,Oficentro Internacional,168612.41,Logistics & Transport,Administration,Panama,Spot Purchase,2022.0
LC-2023-03097,2023-02-19,Uniforms & Workwear Co.,23449.09,Professional Services,Finance,USA,Fixed Price,2023.0
LC-2022-03098,2022-10-08,Oficentro Internacional,73148.96,Logistics & Transport,Finance,Panama,Framework Agreement,2022.0
LC-2023-03099,2023-12-12,Transportes Rápidos S.A.,4046.97,Marketing,Logistics,USA,Time & Materials,2023.0
LC-2023-03100,2023-07-03,Suministros Médicos del Sur,11728.6,Uniforms & PPE,Administration,Costa Rica,Time & Materials,2023.0
LC-2023-03101,2023-10-12,Publicidad Digital LATAM,1702.17,Marketing,Operations,Panama,Spot Purchase,2023.0
LC-2022-03102,2022-04-30,Papelería y Más,17735.68,Uniforms & PPE,Administration,Panama,Time & Materials,2022.0
LC-2023-03103,,Ferremax Industrial,262860.06,Professional Services,Administration,Costa Rica,Spot Purchase,
LC-2022-03104,2022-06-28,Suministros Médicos del Sur,24487.45,Uniforms & PPE,Legal,Panama,Framework Agreement,2022.0
LC-2022-03105,2022-10-03,Catering Express Panama,1645.17,Logistics & Transport,HR,Panama,Time & Materials,2022.0
LC-2023-03106,2023-03-08,Suministros Médicos del Sur,8451.73,Uniforms & PPE,Procurement,Panama,Time & Materials,2023.0
LC-2022-03107,2022-12-02,Ferremax Industrial,7694.26,Professional Services,Procurement,USA,Fixed Price,2022.0
LC-2022-03108,2022-08-05,Distribuidora Global S.A.,72176.4,IT & Technology,Logistics,Panama,Time & Materials,2022.0
LC-2022-03109,2022-11-11,Oficentro Internacional,62362.79,Logistics & Transport,Legal,Panama,Spot Purchase,2022.0
LC-2022-03110,2022-05-12,Distribuidora Global S.A.,3851.51,IT & Technology,Legal,Panama,Spot Purchase,2022.0
LC-2022-03111,2022-12-31,Papelería y Más,860.34,Uniforms & PPE,Legal,USA,Framework Agreement,2022.0
LC-2022-03112,2022-11-02,Transportes Rápidos S.A.,3214.06,Marketing,Legal,Panama,Fixed Price,2022.0
LC-2022-03113,2022-07-03,Publicidad Digital LATAM,3129.76,Marketing,Marketing,Panama,Fixed Price,2022.0
LC-2023-03114,2023-12-01,Papelería y Más,800.94,Uniforms & PPE,IT,Panama,Framework Agreement,2023.0
LC-2022-03115,2022-11-04,TechSupplies Panama,57917.48,Office Supplies,Marketing,Panama,Fixed Price,2022.0
LC-2023-03116,2023-12-14,Oficentro Internacional,49107.56,Logistics & Transport,Sales,Panama,Spot Purchase,2023.0
LC-2022-03117,2022-04-28,Catering Express Panama,3672.38,Logistics & Transport,HR,Panama,Fixed Price,2022.0
LC-2022-03118,2022-03-07,MedEquip Latinoamerica,1581.79,Security,Administration,Panama,Time & Materials,2022.0
LC-2023-03119,2023-05-23,Cleaning Pro Services,23695.98,Catering & Food,Logistics,Panama,Spot Purchase,2023.0
LC-2022-03120,2022-03-03,Distribuidora Global S.A.,264736.04,IT & Technology,Marketing,Panama,Fixed Price,2022.0
LC-2022-03121,2022-11-29,TechSupplies Panama,20327.42,Office Supplies,Logistics,Panama,Fixed Price,2022.0
LC-2022-03122,2022-01-16,Ferremax Industrial,17420.44,Professional Services,Legal,Panama,Fixed Price,2022.0
LC-2023-03123,2023-10-09,Distribuidora Global S.A.,65476.67,IT & Technology,Administration,Colombia,Spot Purchase,2023.0
LC-2022-03124,2022-05-27,Seguridad Total Corp,2872.55,IT & Technology,Operations,Panama,Fixed Price,2022.0
LC-2022-03125,2022-07-03,TechSupplies Panama,30721.66,Office Supplies,Finance,Panama,Framework Agreement,2022.0
LC-2023-03126,2023-05-30,Distribuidora Global S.A.,88219.54,IT & Technology,IT,Panama,Time & Materials,2023.0
LC-2022-03127,2022-05-22,Energía Renovable S.A.,280.33,Catering & Food,Operations,Colombia,Framework Agreement,2022.0
LC-2023-03128,2023-05-07,Seguridad Total Corp,35505.88,IT & Technology,Operations,Panama,Spot Purchase,2023.0
LC-2022-03129,2022-04-08,Papelería y Más,5480.88,Uniforms & PPE,Administration,Panama,Fixed Price,2022.0
LC-2022-03130,2022-05-19,TechSupplies Panama,22163.64,Office Supplies,Marketing,Panama,Time & Materials,2022.0
LC-2023-03131,2023-11-12,Oficentro Internacional,32627.77,Logistics & Transport,Administration,Panama,Time & Materials,2023.0
LC-2022-03132,2022-03-19,Distribuidora Global S.A.,34714.59,IT & Technology,Administration,Costa Rica,Fixed Price,2022.0
LC-2022-03133,2022-08-22,TechSupplies Panama,4548.53,Office Supplies,Administration,Panama,Time & Materials,2022.0
LC-2022-03134,2022-09-07,Consultoría Estratégica,46277.32,Medical Supplies,Finance,Panama,Time & Materials,2022.0
LC-2022-03135,2022-08-10,Grupo Logístico del Istmo,38161.82,Maintenance & Repair,Logistics,Panama,Time & Materials,2022.0
LC-2022-03136,2022-01-06,Mantenimiento Integral,9551.97,Office Supplies,Administration,Panama,Spot Purchase,2022.0
LC-2023-03137,2023-08-21,TechSupplies Panama,113761.53,Office Supplies,HR,Costa Rica,Fixed Price,2023.0
LC-2022-03138,2022-10-11,DataCenter Solutions,1062.37,Medical Supplies,Procurement,Colombia,Time & Materials,2022.0
LC-2023-03139,2023-02-19,TechSupplies Panama,64097.86,Office Supplies,Procurement,Panama,Framework Agreement,2023.0
LC-2023-03140,2023-07-31,Suministros Médicos del Sur,3289.66,Uniforms & PPE,Legal,Panama,Framework Agreement,2023.0
LC-2023-03141,2023-10-17,Grupo Logístico del Istmo,100320.46,Maintenance & Repair,HR,Panama,Time & Materials,2023.0
LC-2022-03142,2022-08-13,Oficentro Internacional,2828.01,Logistics & Transport,Logistics,USA,Framework Agreement,2022.0
LC-2023-03143,2023-02-08,TechSupplies Panama,32243.99,Office Supplies,Procurement,Mexico,Framework Agreement,2023.0
LC-2022-03144,2022-05-11,TechSupplies Panama,17616.92,Office Supplies,Administration,Colombia,Spot Purchase,2022.0
LC-2022-03145,2022-07-27,Uniforms & Workwear Co.,9399.34,Professional Services,IT,Panama,Framework Agreement,2022.0
LC-2022-03146,2022-04-16,Ferremax Industrial,63834.75,Professional Services,Administration,Panama,Framework Agreement,2022.0
LC-2022-03147,2022-11-28,IT Solutions Group,1700.3,Maintenance & Repair,Legal,Panama,Time & Materials,2022.0
LC-2022-03148,2022-09-10,MedEquip Latinoamerica,1688.74,Security,Marketing,Costa Rica,Spot Purchase,2022.0
LC-2023-03149,2023-08-03,Grupo Logístico del Istmo,31799.36,Maintenance & Repair,Marketing,Panama,Framework Agreement,2023.0
LC-2023-03150,2023-03-02,Papelería y Más,1280.54,Uniforms & PPE,Marketing,Colombia,Fixed Price,2023.0
LC-2023-03151,2023-12-13,Ferremax Industrial,99745.82,Professional Services,Finance,Panama,Time & Materials,2023.0
LC-2022-03152,2022-03-02,Mantenimiento Integral,2824.79,Office Supplies,Procurement,Panama,Spot Purchase,2022.0
LC-2023-03153,2023-05-09,Distribuidora Global S.A.,1109.44,IT & Technology,Finance,Panama,Spot Purchase,2023.0
LC-2023-03154,2023-08-11,Uniforms & Workwear Co.,2801.1,Professional Services,Legal,Costa Rica,Framework Agreement,2023.0
LC-2023-03155,2023-03-29,Oficentro Internacional,10443.63,Logistics & Transport,IT,USA,Framework Agreement,2023.0
LC-2023-03156,2023-02-02,TechSupplies Panama,5127.99,Office Supplies,Administration,Colombia,Time & Materials,2023.0
LC-2023-03157,2023-04-17,TechSupplies Panama,8226.27,Office Supplies,IT,USA,Fixed Price,2023.0
LC-2023-03158,2023-02-09,Cleaning Pro Services,5791.3,Catering & Food,Logistics,Panama,Time & Materials,2023.0
LC-2023-03159,2023-12-21,Distribuidora Global S.A.,178861.85,IT & Technology,Finance,Panama,Spot Purchase,2023.0
LC-2023-03160,2023-02-26,Distribuidora Global S.A.,52882.16,IT & Technology,Legal,Panama,Fixed Price,2023.0
LC-2023-03161,2023-02-03,TechSupplies Panama,17539.24,Office Supplies,Finance,Panama,Fixed Price,2023.0
LC-2023-03162,2023-08-05,Distribuidora Global S.A.,62760.74,IT & Technology,Legal,Mexico,Time & Materials,2023.0
LC-2022-03163,2022-10-06,Papelería y Más,2468.5,Uniforms & PPE,IT,Panama,Time & Materials,2022.0
LC-2023-03164,2023-12-04,Grupo Logístico del Istmo,15779.7,Maintenance & Repair,Procurement,Colombia,Time & Materials,2023.0
LC-2022-03165,2022-04-01,Catering Express Panama,869.97,Logistics & Transport,Marketing,Colombia,Framework Agreement,2022.0
LC-2022-03166,2022-09-15,Ferremax Industrial,4437.32,Professional Services,IT,Panama,Fixed Price,2022.0
LC-2022-03167,2022-01-26,Publicidad Digital LATAM,2738.36,Marketing,Administration,Colombia,Fixed Price,2022.0
LC-2023-03168,2023-03-04,TechSupplies Panama,43899.76,Office Supplies,Operations,Panama,Spot Purchase,2023.0
LC-2022-03169,2022-09-10,Distribuidora Global S.A.,32339.72,IT & Technology,Finance,USA,Fixed Price,2022.0
LC-2022-03170,2022-11-06,TechSupplies Panama,22044.97,Office Supplies,Marketing,Costa Rica,Framework Agreement,2022.0
LC-2022-03171,2022-03-04,TechSupplies Panama,11673.83,Office Supplies,IT,Panama,Spot Purchase,2022.0
LC-2023-03172,2023-07-11,Ferremax Industrial,75349.72,Professional Services,Administration,Panama,Time & Materials,2023.0
LC-2022-03173,2022-07-28,Distribuidora Global S.A.,7475.91,IT & Technology,Finance,USA,Fixed Price,2022.0
LC-2023-03174,2023-04-21,TRANSPORTES RÁPIDOS S.A.,15741.28,Marketing,Operations,Panama,Framework Agreement,2023.0
LC-2022-03175,2022-05-03,MedEquip Latinoamerica,1092.99,Security,Finance,Panama,Fixed Price,2022.0
LC-2023-03176,2023-09-15,Oficentro Internacional,14721.7,Logistics & Transport,HR,USA,Fixed Price,2023.0
LC-2022-03177,2022-07-12,Grupo Logístico del Istmo,6247.01,Maintenance & Repair,Legal,Panama,Spot Purchase,2022.0
LC-2023-03178,2023-11-05,Distribuidora Global S.A.,19896.86,IT & Technology,Procurement,Panama,Fixed Price,2023.0
LC-2022-03179,2022-05-02,Oficentro Internacional,117052.16,Logistics & Transport,IT,Colombia,Time & Materials,2022.0
LC-2022-03180,2022-02-22,TechSupplies Panama,67423.82,Office Supplies,Sales,Panama,Framework Agreement,2022.0
LC-2022-03181,2022-12-19,TechSupplies Panama,117489.77,Office Supplies,Finance,Panama,Framework Agreement,2022.0
LC-2022-03182,2022-05-23,DataCenter Solutions,10755.94,Medical Supplies,Logistics,Panama,Fixed Price,2022.0
LC-2023-03183,2023-06-18,Distribuidora Global S.A.,9658.52,IT & Technology,Procurement,USA,Framework Agreement,2023.0
LC-2022-03184,2022-03-01,Cleaning Pro Services,2992.36,Catering & Food,Marketing,USA,Time & Materials,2022.0
LC-2022-03185,2022-12-23,Transportes Rápidos S.A.,1524.93,Marketing,Sales,Panama,Spot Purchase,2022.0
LC-2022-03186,2022-07-08,Grupo Logístico del Istmo,179277.45,Maintenance & Repair,Marketing,Panama,Time & Materials,2022.0
LC-2023-03187,2023-02-19,Grupo Logístico del Istmo,8637.37,Maintenance & Repair,HR,Mexico,Framework Agreement,2023.0
LC-2023-03188,2023-11-01,Ferremax Industrial,106131.82,Professional Services,Operations,Panama,Framework Agreement,2023.0
LC-2022-03189,2022-07-04,Suministros Médicos del Sur,18759.04,Uniforms & PPE,Legal,USA,Spot Purchase,2022.0
LC-2023-03190,2023-10-16,Seguridad Total Corp,76452.91,IT & Technology,Finance,Panama,Fixed Price,2023.0
LC-2023-03191,2023-05-13,Distribuidora Global S.A.,22211.74,IT & Technology,Logistics,Mexico,Fixed Price,2023.0
LC-2022-03192,2022-05-05,TechSupplies Panama,85373.12,Office Supplies,Marketing,Costa Rica,Fixed Price,2022.0
LC-2022-03193,2022-06-29,TechSupplies Panama,500000.0,Office Supplies,Marketing,Panama,Time & Materials,2022.0
LC-2023-03194,2023-01-02,Ferremax Industrial,17306.37,Professional Services,HR,USA,Time & Materials,2023.0
LC-2023-03195,2023-04-09,Distribuidora Global S.A.,5755.73,IT & Technology,Finance,Panama,Framework Agreement,2023.0
LC-2023-03196,2023-11-15,Seguridad Total Corp,,IT & Technology,Finance,Panama,Framework Agreement,2023.0
LC-2023-03197,2023-10-21,TechSupplies Panama,85413.07,Office Supplies,Procurement,Panama,Time & Materials,2023.0
LC-2023-03198,2023-10-17,Seguridad Total Corp,291.57,IT & Technology,Legal,Panama,Fixed Price,2023.0
LC-2023-03199,2023-06-21,MedEquip Latinoamerica,2811.63,Security,Operations,USA,Spot Purchase,2023.0
LC-2023-03200,2023-09-29,IT Solutions Group,9470.81,Maintenance & Repair,Operations,Panama,Fixed Price,2023.0
LC-2022-03201,2022-05-10,TechSupplies Panama,45352.05,Office Supplies,Finance,USA,Framework Agreement,2022.0
LC-2023-03202,2023-07-24,Energía Renovable S.A.,9303.7,Catering & Food,Logistics,Panama,Spot Purchase,2023.0
LC-2022-03203,2022-03-29,DataCenter Solutions,6859.81,Medical Supplies,Marketing,Panama,Time & Materials,2022.0
LC-2023-03204,2023-05-25,TechSupplies Panama,168491.23,Office Supplies,Legal,Panama,Framework Agreement,2023.0
LC-2023-03205,2023-11-15,Distribuidora Global S.A.,11582.15,IT & Technology,IT,Panama,Fixed Price,2023.0
LC-2023-03206,2023-02-17,PAPELERÍA Y MÁS,1780.25,Uniforms & PPE,Procurement,Panama,Time & Materials,2023.0
LC-2023-03207,2023-08-30,MedEquip Latinoamerica,1542.27,Security,Sales,USA,Framework Agreement,2023.0
LC-2023-03208,2023-03-06,Seguridad Total Corp,17073.58,IT & Technology,HR,USA,Fixed Price,2023.0
LC-2022-03209,2022-01-16,Transportes Rápidos S.A.,18969.69,Marketing,Sales,Panama,Spot Purchase,2022.0
LC-2022-03210,2022-10-07,Grupo Logístico del Istmo,62409.35,Maintenance & Repair,IT,Panama,Spot Purchase,2022.0
LC-2022-03211,2022-08-17,Oficentro Internacional,150270.52,Logistics & Transport,Procurement,Panama,Fixed Price,2022.0
LC-2022-03212,2022-08-14,Uniforms & Workwear Co.,839.61,Professional Services,Operations,Panama,Framework Agreement,2022.0
LC-2023-03213,2023-10-18,Papelería y Más,59924.23,Uniforms & PPE,Administration,USA,Time & Materials,2023.0
LC-2022-03214,2022-01-10,Ferremax Industrial,225908.73,Professional Services,Procurement,Panama,Framework Agreement,2022.0
LC-2022-03215,2022-11-05,TechSupplies Panama,87793.82,Office Supplies,Logistics,Panama,Time & Materials,2022.0
LC-2022-03216,2022-12-05,Ferremax Industrial,308093.53,Professional Services,HR,Panama,Fixed Price,2022.0
LC-2023-03217,2023-04-15,Distribuidora Global S.A.,4974.36,IT & Technology,Marketing,Panama,Framework Agreement,2023.0
LC-2022-03218,2022-01-16,Grupo Logístico del Istmo,19354.15,Maintenance & Repair,Procurement,USA,Spot Purchase,2022.0
LC-2023-03219,2023-09-28,TechSupplies Panama,15027.48,Office Supplies,IT,Panama,Time & Materials,2023.0
LC-2023-03220,2023-10-18,TechSupplies Panama,86316.43,Office Supplies,IT,Panama,Framework Agreement,2023.0
LC-2023-03221,2023-09-12,TechSupplies Panama,10299.3,Office Supplies,Logistics,Panama,Time & Materials,2023.0
LC-2022-03222,2022-04-12,Cleaning Pro Services,15309.71,Catering & Food,Finance,Panama,Time & Materials,2022.0
LC-2023-03223,2023-02-22,Catering Express Panama,38399.67,Logistics & Transport,Operations,Panama,Fixed Price,2023.0
LC-2023-03224,2023-02-20,Distribuidora Global S.A.,83637.18,IT & Technology,IT,USA,Time & Materials,2023.0
LC-2022-03225,2022-12-30,Catering Express Panama,7522.29,Logistics & Transport,Legal,Panama,Time & Materials,2022.0
LC-2022-03226,2022-11-06,TechSupplies Panama,11098.35,Office Supplies,HR,USA,Fixed Price,2022.0
LC-2023-03227,2023-11-19,TechSupplies Panama,13144.76,Office Supplies,Operations,Panama,Fixed Price,2023.0
LC-2023-03228,2023-05-17,TechSupplies Panama,162680.38,Office Supplies,Sales,USA,Time & Materials,2023.0
LC-2023-03229,2023-03-17,Distribuidora Global S.A.,92523.58,IT & Technology,Operations,Panama,Framework Agreement,2023.0
LC-2022-03230,2022-03-07,Grupo Logístico del Istmo,34654.28,Maintenance & Repair,Logistics,Colombia,Spot Purchase,2022.0
LC-2022-03231,2022-08-21,Oficentro Internacional,,Logistics & Transport,Procurement,USA,Time & Materials,2022.0
LC-2022-03232,2022-03-26,Mantenimiento Integral,235.4,Office Supplies,IT,Panama,Time & Materials,2022.0
LC-2022-03233,2022-10-19,FleetCars Panama,986.06,Security,Marketing,Mexico,Fixed Price,2022.0
LC-2023-03234,2023-09-22,Catering Express Panama,86433.33,Logistics & Transport,Procurement,Panama,Fixed Price,2023.0
LC-2023-03235,2023-05-26,Cleaning Pro Services,720.05,Catering & Food,Finance,Panama,Spot Purchase,2023.0
LC-2023-03236,2023-10-26,Distribuidora Global S.A.,45586.91,IT & Technology,HR,Colombia,Spot Purchase,2023.0
LC-2023-03237,2023-12-19,Seguridad Total Corp,22273.79,IT & Technology,HR,USA,Fixed Price,2023.0
LC-2022-03238,2022-05-16,DataCenter Solutions,748.16,Medical Supplies,Administration,Panama,Time & Materials,2022.0
LC-2023-03239,2023-10-07,Cleaning Pro Services,6483.82,Catering & Food,Procurement,Panama,Spot Purchase,2023.0
LC-2022-03240,2022-05-07,TechSupplies Panama,111915.42,Office Supplies,HR,Panama,Spot Purchase,2022.0
LC-2023-03241,2023-10-25,Distribuidora Global S.A.,36864.31,IT & Technology,Marketing,Costa Rica,Framework Agreement,2023.0
LC-2022-03242,2022-07-17,Distribuidora Global S.A.,,IT & Technology,Logistics,Panama,Framework Agreement,2022.0
LC-2023-03243,2023-08-07,Ferremax Industrial,4903.38,Professional Services,Sales,Mexico,Time & Materials,2023.0
LC-2022-03244,2022-09-23,IT Solutions Group,24054.87,Maintenance & Repair,Finance,Panama,Time & Materials,2022.0
LC-2022-03245,2022-05-10,IT Solutions Group,3792.56,Maintenance & Repair,Legal,USA,Time & Materials,2022.0
LC-2023-03246,2023-12-01,Oficentro Internacional,91702.43,Logistics & Transport,Procurement,Colombia,Time & Materials,2023.0
LC-2022-03247,2022-02-12,Suministros Médicos del Sur,9527.72,Uniforms & PPE,IT,USA,Time & Materials,2022.0
LC-2023-03248,2023-12-19,Distribuidora Global S.A.,15066.25,IT & Technology,Legal,Panama,Time & Materials,2023.0
LC-2022-03249,2022-05-28,IT Solutions Group,6929.16,Maintenance & Repair,IT,Panama,Fixed Price,2022.0
LC-2023-03250,2023-11-20,Oficentro Internacional,3906.97,Logistics & Transport,IT,USA,Framework Agreement,2023.0
LC-2023-03251,2023-06-08,Ferremax Industrial,74899.09,Professional Services,Legal,Panama,Spot Purchase,2023.0
LC-2022-03252,2022-05-04,Mantenimiento Integral,,Office Supplies,Administration,Panama,Framework Agreement,2022.0
LC-2023-03253,2023-08-05,Distribuidora Global S.A.,78150.54,IT & Technology,Legal,USA,Time & Materials,2023.0
LC-2023-03254,2023-03-08,IT Solutions Group,24032.86,Maintenance & Repair,HR,Colombia,Fixed Price,2023.0
LC-2022-03255,2022-11-24,Transportes Rápidos S.A.,8530.73,Marketing,HR,USA,Time & Materials,2022.0
LC-2022-03256,2022-05-15,TechSupplies Panama,43377.98,Office Supplies,Logistics,Panama,Fixed Price,2022.0
LC-2022-03257,2022-07-20,DataCenter Solutions,1310.81,Medical Supplies,Operations,Panama,Time & Materials,2022.0
LC-2023-03258,2023-05-20,IT Solutions Group,1688.62,Maintenance & Repair,Operations,Panama,Framework Agreement,2023.0
LC-2023-03259,2023-04-15,Grupo Logístico del Istmo,,Maintenance & Repair,Marketing,Panama,Fixed Price,2023.0
LC-2022-03260,2022-09-06,Distribuidora Global S.A.,203536.88,IT & Technology,Logistics,Panama,Time & Materials,2022.0
LC-2022-03261,2022-11-21,Transportes Rápidos S.A.,3438.65,Marketing,Administration,Colombia,Framework Agreement,2022.0
LC-2022-03262,2022-07-21,Seguridad Total Corp,5265.88,IT & Technology,Procurement,Panama,Spot Purchase,2022.0
LC-2022-03263,2022-01-05,IT Solutions Group,1265.32,Maintenance & Repair,Marketing,Panama,Time & Materials,2022.0
LC-2023-03264,2023-05-31,Catering Express Panama,28542.09,Logistics & Transport,Operations,Panama,Framework Agreement,2023.0
LC-2022-03265,2022-08-06,Seguridad Total Corp,13334.7,IT & Technology,Marketing,Panama,Time & Materials,2022.0
LC-2023-03266,2023-05-26,Distribuidora Global S.A.,373047.46,IT & Technology,Marketing,Panama,Spot Purchase,2023.0
LC-2023-03267,2023-09-14,Grupo Logístico del Istmo,12657.59,Maintenance & Repair,Sales,Colombia,Framework Agreement,2023.0
LC-2023-03268,2023-03-06,Cleaning Pro Services,2787.74,Catering & Food,Operations,USA,Framework Agreement,2023.0
LC-2022-03269,2022-04-06,IT Solutions Group,6954.67,Maintenance & Repair,HR,Panama,Framework Agreement,2022.0
LC-2022-03270,2022-12-06,Catering Express Panama,12961.44,Logistics & Transport,Operations,Panama,Fixed Price,2022.0
LC-2022-03271,2022-08-10,Uniforms & Workwear Co.,3556.38,Professional Services,Operations,USA,Fixed Price,2022.0
LC-2023-03272,2023-10-16,Seguridad Total Corp,1326.84,IT & Technology,Operations,Panama,Framework Agreement,2023.0
LC-2022-03273,2022-03-19,Distribuidora Global S.A.,104578.06,IT & Technology,Legal,Panama,Framework Agreement,2022.0
LC-2023-03274,2023-05-04,DataCenter Solutions,14497.09,Medical Supplies,Finance,Panama,Time & Materials,2023.0
LC-2022-03275,2022-04-16,TechSupplies Panama,12094.08,Office Supplies,Administration,Colombia,Fixed Price,2022.0
LC-2023-03276,2023-07-17,Oficentro Internacional,184707.98,Logistics & Transport,Finance,USA,Spot Purchase,2023.0
LC-2023-03277,2023-02-19,Distribuidora Global S.A.,147892.13,IT & Technology,Procurement,Colombia,Fixed Price,2023.0
LC-2023-03278,2023-03-23,Transportes Rápidos S.A.,6011.59,Marketing,Procurement,Colombia,Fixed Price,2023.0
LC-2022-03279,2022-03-29,Grupo Logístico del Istmo,39955.33,Maintenance & Repair,Marketing,Panama,Fixed Price,2022.0
LC-2023-03280,2023-11-11,Grupo Logístico del Istmo,70605.92,Maintenance & Repair,Administration,Costa Rica,Time & Materials,2023.0
LC-2023-03281,2023-07-04,Distribuidora Global S.A.,12912.57,IT & Technology,Sales,Panama,Framework Agreement,2023.0
LC-2022-03282,2022-12-02,MedEquip Latinoamerica,5141.23,Security,Administration,Panama,Spot Purchase,2022.0
LC-2022-03283,2022-10-17,Grupo Logístico del Istmo,2743.91,Maintenance & Repair,IT,Panama,Time & Materials,2022.0
LC-2022-03284,2022-03-10,Ferremax Industrial,103958.47,Professional Services,Procurement,Panama,Fixed Price,2022.0
LC-2022-03285,,Grupo Logístico del Istmo,5575.9,Maintenance & Repair,Marketing,USA,Time & Materials,
LC-2023-03286,2023-04-19,Seguridad Total Corp,46869.84,IT & Technology,Sales,Panama,Time & Materials,2023.0
LC-2022-03287,2022-03-13,MedEquip Latinoamerica,2995.36,Security,IT,Panama,Framework Agreement,2022.0
LC-2022-03288,,TechSupplies Panama,28169.63,Office Supplies,HR,USA,Framework Agreement,
LC-2022-03289,2022-05-09,MedEquip Latinoamerica,1916.77,Security,IT,Panama,Spot Purchase,2022.0
LC-2023-03290,2023-05-11,Seguridad Total Corp,3190.53,IT & Technology,IT,USA,Time & Materials,2023.0
LC-2022-03291,2022-05-24,Consultoría Estratégica,41266.12,Medical Supplies,Finance,Panama,Framework Agreement,2022.0
LC-2023-03292,2023-09-10,Ferremax Industrial,1834.69,Professional Services,Legal,Panama,Fixed Price,2023.0
LC-2022-03293,2022-05-25,Distribuidora Global S.A.,168107.42,IT & Technology,HR,Costa Rica,Framework Agreement,2022.0
LC-2023-03294,2023-12-10,Uniforms & Workwear Co.,8160.29,Professional Services,Operations,Panama,Spot Purchase,2023.0
LC-2022-03295,2022-04-21,Cleaning Pro Services,803.89,Catering & Food,Legal,Panama,Spot Purchase,2022.0
LC-2023-03296,2023-02-21,Seguridad Total Corp,979.49,IT & Technology,Legal,Mexico,Spot Purchase,2023.0
LC-2022-03297,2022-09-30,Grupo Logístico del Istmo,,Maintenance & Repair,IT,Panama,Framework Agreement,2022.0
LC-2023-03298,2023-11-30,TechSupplies Panama,11677.18,Office Supplies,Logistics,Panama,Spot Purchase,2023.0
LC-2023-03299,2023-08-17,TechSupplies Panama,9099.54,Office Supplies,HR,Panama,Fixed Price,2023.0
LC-2023-03300,2023-12-11,Transportes Rápidos S.A.,27064.33,Marketing,Procurement,Panama,Framework Agreement,2023.0
LC-2022-03301,2022-03-26,Seguridad Total Corp,8166.77,IT & Technology,Sales,USA,Fixed Price,2022.0
LC-2023-03302,2023-03-06,Distribuidora Global S.A.,,IT & Technology,Finance,Panama,Time & Materials,2023.0
LC-2023-03303,2023-11-17,Grupo Logístico del Istmo,47096.31,Maintenance & Repair,Administration,Costa Rica,Time & Materials,2023.0
LC-2022-03304,2022-11-23,Ferremax Industrial,10605.17,Professional Services,Marketing,Panama,Time & Materials,2022.0
LC-2022-03305,2022-04-21,Ferremax Industrial,136078.29,Professional Services,Finance,USA,Time & Materials,2022.0
LC-2023-03306,2023-10-11,Mantenimiento Integral,24150.41,Office Supplies,Legal,Panama,Spot Purchase,2023.0
LC-2023-03307,2023-05-22,Mantenimiento Integral,10916.27,Office Supplies,Operations,Panama,Fixed Price,2023.0
LC-2023-03308,2023-02-07,Grupo Logístico del Istmo,56049.66,Maintenance & Repair,Marketing,Panama,Framework Agreement,2023.0
LC-2022-03309,2022-10-25,Uniforms & Workwear Co.,,Professional Services,Procurement,Colombia,Time & Materials,2022.0
LC-2023-03310,2023-11-12,Papelería y Más,4912.46,Uniforms & PPE,HR,Panama,Spot Purchase,2023.0
LC-2023-03311,2023-07-27,Seguridad Total Corp,834.8,IT & Technology,Sales,Panama,Fixed Price,2023.0
LC-2022-03312,2022-02-28,Ferremax Industrial,62278.32,Professional Services,Finance,Panama,Time & Materials,2022.0
LC-2023-03313,2023-01-26,TechSupplies Panama,443856.44,Office Supplies,Legal,Colombia,Time & Materials,2023.0
LC-2022-03314,2022-02-08,Mantenimiento Integral,1072.62,Office Supplies,Finance,Panama,Fixed Price,2022.0
LC-2022-03315,2022-01-04,TechSupplies Panama,23535.02,Office Supplies,Marketing,Panama,Fixed Price,2022.0
LC-2022-03316,2022-12-10,Publicidad Digital LATAM,9178.96,Marketing,HR,USA,Time & Materials,2022.0
LC-2023-03317,2023-10-02,Uniforms & Workwear Co.,4533.02,Professional Services,Administration,Costa Rica,Time & Materials,2023.0
LC-2023-03318,2023-03-04,FleetCars Panama,1126.13,Security,IT,Colombia,Spot Purchase,2023.0
LC-2022-03319,2022-05-24,TechSupplies Panama,139557.14,Office Supplies,Operations,USA,Fixed Price,2022.0
LC-2023-03320,2023-12-16,Distribuidora Global S.A.,500000.0,IT & Technology,Administration,Panama,Spot Purchase,2023.0
LC-2022-03321,2022-02-07,IT Solutions Group,6595.86,Maintenance & Repair,IT,Panama,Fixed Price,2022.0
LC-2023-03322,2023-05-25,Transportes Rápidos S.A.,1266.35,Marketing,IT,Panama,Spot Purchase,2023.0
LC-2022-03323,2022-11-12,Oficentro Internacional,5660.39,Logistics & Transport,HR,Panama,Fixed Price,2022.0
LC-2022-03324,2022-04-17,Suministros Médicos del Sur,7237.01,Uniforms & PPE,Sales,Colombia,Fixed Price,2022.0
LC-2023-03325,2023-02-12,IT Solutions Group,25740.37,Maintenance & Repair,Marketing,USA,Spot Purchase,2023.0
LC-2023-03326,2023-03-19,Mantenimiento Integral,10024.14,Office Supplies,IT,Panama,Time & Materials,2023.0
LC-2023-03327,2023-04-16,Distribuidora Global S.A.,36210.9,IT & Technology,Legal,Mexico,Time & Materials,2023.0
LC-2023-03328,2023-08-07,Grupo Logístico del Istmo,17905.69,Maintenance & Repair,Legal,Panama,Fixed Price,2023.0
LC-2022-03329,2022-07-11,Distribuidora Global S.A.,9792.81,IT & Technology,Legal,Panama,Time & Materials,2022.0
LC-2022-03330,2022-10-26,Transportes Rápidos S.A.,17190.75,Marketing,Administration,Panama,Spot Purchase,2022.0
LC-2023-03331,2023-09-30,MedEquip Latinoamerica,19354.06,Security,HR,Panama,Framework Agreement,2023.0
LC-2022-03332,2022-01-26,Publicidad Digital LATAM,483.67,Marketing,Procurement,Panama,Framework Agreement,2022.0
LC-2022-03333,2022-01-31,Consultoría Estratégica,53356.89,Medical Supplies,Marketing,Panama,Framework Agreement,2022.0
LC-2022-03334,2022-12-04,Oficentro Internacional,72322.13,Logistics & Transport,Procurement,Panama,Spot Purchase,2022.0
LC-2023-03335,2023-02-10,Consultoría Estratégica,40110.44,Medical Supplies,HR,USA,Framework Agreement,2023.0
LC-2022-03336,2022-02-10,Distribuidora Global S.A.,7255.0,IT & Technology,Finance,Panama,Spot Purchase,2022.0
LC-2022-03337,2022-10-04,Distribuidora Global S.A.,7051.61,IT & Technology,Administration,Panama,Framework Agreement,2022.0
LC-2022-03338,2022-02-20,Ferremax Industrial,30370.8,Professional Services,Procurement,Panama,Spot Purchase,2022.0
LC-2022-03339,2022-06-03,CLEANING PRO SERVICES,10448.11,Catering & Food,Operations,Panama,Fixed Price,2022.0
LC-2022-03340,2022-06-25,Grupo Logístico del Istmo,313524.56,Maintenance & Repair,Operations,USA,Framework Agreement,2022.0
LC-2022-03341,2022-06-15,DataCenter Solutions,14173.35,Medical Supplies,Sales,Panama,Time & Materials,2022.0
LC-2022-03342,2022-06-22,MANTENIMIENTO INTEGRAL,3415.15,Office Supplies,Marketing,Panama,Spot Purchase,2022.0
LC-2022-03343,2022-06-26,DataCenter Solutions,1054.1,Medical Supplies,Operations,Panama,Framework Agreement,2022.0
LC-2022-03344,2022-09-02,Oficentro Internacional,158895.29,Logistics & Transport,Administration,Panama,Framework Agreement,2022.0
LC-2023-03345,2023-10-20,Suministros Médicos del Sur,1156.26,Uniforms & PPE,Sales,USA,Fixed Price,2023.0
LC-2022-03346,2022-09-19,Consultoría Estratégica,56539.95,Medical Supplies,Sales,Panama,Spot Purchase,2022.0
LC-2022-03347,2022-09-17,Seguridad Total Corp,3208.06,IT & Technology,Sales,Colombia,Framework Agreement,2022.0
LC-2023-03348,2023-07-17,Distribuidora Global S.A.,244922.84,IT & Technology,Legal,Colombia,Spot Purchase,2023.0
LC-2023-03349,2023-06-03,Energía Renovable S.A.,13607.78,Catering & Food,Marketing,Panama,Framework Agreement,2023.0
LC-2023-03350,2023-10-08,TechSupplies Panama,30810.33,Office Supplies,Sales,Colombia,Spot Purchase,2023.0
LC-2022-03351,2022-09-04,Grupo Logístico del Istmo,19471.84,Maintenance & Repair,Legal,Panama,Framework Agreement,2022.0
LC-2023-03352,2023-06-05,Ferremax Industrial,24122.75,Professional Services,Marketing,USA,Fixed Price,2023.0
LC-2023-03353,2023-11-04,Uniforms & Workwear Co.,9343.86,Professional Services,Legal,Mexico,Time & Materials,2023.0
LC-2023-03354,2023-07-03,Publicidad Digital LATAM,5517.8,Marketing,Legal,USA,Framework Agreement,2023.0
LC-2023-03355,2023-09-03,Oficentro Internacional,17808.41,Logistics & Transport,Operations,Panama,Fixed Price,2023.0
LC-2022-03356,2022-07-21,Papelería y Más,3833.57,Uniforms & PPE,Operations,Panama,Spot Purchase,2022.0
LC-2023-03357,2023-04-03,Seguridad Total Corp,5529.57,IT & Technology,Administration,Panama,Spot Purchase,2023.0
LC-2023-03358,2023-10-13,Catering Express Panama,201.72,Logistics & Transport,Administration,Panama,Framework Agreement,2023.0
LC-2022-03359,2022-03-06,Transportes Rápidos S.A.,9771.76,Marketing,IT,USA,Fixed Price,2022.0
LC-2023-03360,2023-12-07,DISTRIBUIDORA GLOBAL S.A.,11207.46,IT & Technology,Operations,Colombia,Time & Materials,2023.0
LC-2022-03361,2022-11-16,Distribuidora Global S.A.,9099.74,IT & Technology,HR,USA,Fixed Price,2022.0
LC-2022-03362,2022-08-18,FleetCars Panama,391.11,Security,Administration,Panama,Time & Materials,2022.0
LC-2022-03363,2022-04-25,Oficentro Internacional,4218.9,Logistics & Transport,Finance,Costa Rica,Fixed Price,2022.0
LC-2022-03364,2022-07-09,Oficentro Internacional,7139.96,Logistics & Transport,HR,Panama,Framework Agreement,2022.0
LC-2022-03365,2022-04-24,Grupo Logístico del Istmo,15508.99,Maintenance & Repair,Legal,Panama,Framework Agreement,2022.0
LC-2022-03366,2022-12-23,MedEquip Latinoamerica,92031.73,Security,Marketing,Costa Rica,Framework Agreement,2022.0
LC-2023-03367,2023-08-22,Papelería y Más,2233.18,Uniforms & PPE,Operations,USA,Fixed Price,2023.0
LC-2022-03368,2022-11-17,Uniforms & Workwear Co.,6416.48,Professional Services,Logistics,Panama,Framework Agreement,2022.0
LC-2022-03369,2022-07-10,Distribuidora Global S.A.,58722.47,IT & Technology,Legal,Panama,Spot Purchase,2022.0
LC-2022-03370,2022-05-24,TechSupplies Panama,42500.8,Office Supplies,Logistics,Panama,Fixed Price,2022.0
LC-2023-03371,2023-03-12,Grupo Logístico del Istmo,33092.7,Maintenance & Repair,Legal,Costa Rica,Time & Materials,2023.0
LC-2023-03372,2023-06-08,Distribuidora Global S.A.,8652.88,IT & Technology,Logistics,USA,Fixed Price,2023.0
LC-2023-03373,2023-08-08,Distribuidora Global S.A.,207132.31,IT & Technology,Administration,Panama,Spot Purchase,2023.0
LC-2022-03374,2022-03-17,Distribuidora Global S.A.,317627.94,IT & Technology,IT,USA,Framework Agreement,2022.0
LC-2022-03375,2022-05-09,Oficentro Internacional,4821.35,Logistics & Transport,Sales,Costa Rica,Time & Materials,2022.0
LC-2022-03376,2022-10-15,TechSupplies Panama,10627.13,Office Supplies,Finance,Panama,Time & Materials,2022.0
LC-2022-03377,2022-04-03,MedEquip Latinoamerica,3230.15,Security,Operations,Panama,Framework Agreement,2022.0
LC-2023-03378,2023-01-11,Grupo Logístico del Istmo,11413.53,Maintenance & Repair,IT,Panama,Framework Agreement,2023.0
LC-2022-03379,2022-09-19,Seguridad Total Corp,10498.09,IT & Technology,IT,Panama,Time & Materials,2022.0
LC-2022-03380,2022-04-23,Grupo Logístico del Istmo,15154.81,Maintenance & Repair,HR,USA,Fixed Price,2022.0
LC-2023-03381,2023-06-18,Oficentro Internacional,487998.34,Logistics & Transport,Logistics,Panama,Fixed Price,2023.0
LC-2022-03382,2022-03-28,Grupo Logístico del Istmo,151548.1,Maintenance & Repair,Administration,Panama,Time & Materials,2022.0
LC-2022-03383,2022-05-02,DataCenter Solutions,6760.56,Medical Supplies,Administration,USA,Spot Purchase,2022.0
LC-2023-03384,2023-09-12,TechSupplies Panama,124540.16,Office Supplies,Administration,Panama,Spot Purchase,2023.0
LC-2023-03385,2023-06-06,Mantenimiento Integral,25818.61,Office Supplies,Procurement,Panama,Time & Materials,2023.0
LC-2022-03386,2022-08-23,Distribuidora Global S.A.,18458.18,IT & Technology,Operations,Costa Rica,Spot Purchase,2022.0
LC-2022-03387,2022-11-26,MedEquip Latinoamerica,1444.72,Security,Legal,USA,Fixed Price,2022.0
LC-2023-03388,,Ferremax Industrial,39885.64,Professional Services,Operations,Panama,Time & Materials,
LC-2023-03389,2023-01-18,DataCenter Solutions,17898.18,Medical Supplies,Sales,USA,Fixed Price,2023.0
LC-2023-03390,2023-10-24,Distribuidora Global S.A.,42910.53,IT & Technology,HR,Panama,Time & Materials,2023.0
LC-2022-03391,2022-11-14,Ferremax Industrial,5473.12,Professional Services,Administration,Panama,Time & Materials,2022.0
LC-2022-03392,2022-02-18,Oficentro Internacional,13857.9,Logistics & Transport,Legal,Panama,Spot Purchase,2022.0
LC-2023-03393,2023-12-03,Cleaning Pro Services,4398.6,Catering & Food,IT,Panama,Spot Purchase,2023.0
LC-2023-03394,2023-07-09,Distribuidora Global S.A.,33163.37,IT & Technology,HR,Panama,Spot Purchase,2023.0
LC-2022-03395,2022-03-15,Catering Express Panama,94732.58,Logistics & Transport,HR,Panama,Time & Materials,2022.0
LC-2023-03396,2023-07-13,TechSupplies Panama,6883.03,Office Supplies,Legal,Panama,Fixed Price,2023.0
LC-2022-03397,2022-08-30,MedEquip Latinoamerica,10492.16,Security,Marketing,Panama,Framework Agreement,2022.0
LC-2023-03398,2023-06-20,Transportes Rápidos S.A.,45874.73,Marketing,Finance,Costa Rica,Spot Purchase,2023.0
LC-2023-03399,2023-10-27,Grupo Logístico del Istmo,500000.0,Maintenance & Repair,Operations,Panama,Fixed Price,2023.0
LC-2023-03400,2023-10-26,Grupo Logístico del Istmo,22353.16,Maintenance & Repair,Operations,Panama,Framework Agreement,2023.0
LC-2023-03401,2023-12-17,Distribuidora Global S.A.,65494.1,IT & Technology,HR,Panama,Framework Agreement,2023.0
LC-2022-03402,2022-09-05,FleetCars Panama,11552.31,Security,Procurement,Panama,Spot Purchase,2022.0
LC-2022-03403,2022-04-17,Mantenimiento Integral,6589.43,Office Supplies,Marketing,USA,Framework Agreement,2022.0
LC-2023-03404,2023-09-30,Distribuidora Global S.A.,32253.63,IT & Technology,Finance,Mexico,Fixed Price,2023.0
LC-2022-03405,2022-05-26,Energía Renovable S.A.,9451.82,Catering & Food,Legal,USA,Spot Purchase,2022.0
LC-2023-03406,2023-05-26,Distribuidora Global S.A.,1739.42,IT & Technology,HR,Panama,Spot Purchase,2023.0
LC-2022-03407,2022-05-25,Mantenimiento Integral,13671.99,Office Supplies,Marketing,USA,Spot Purchase,2022.0
LC-2023-03408,2023-03-28,Distribuidora Global S.A.,42252.28,IT & Technology,Legal,Mexico,Spot Purchase,2023.0
LC-2023-03409,2023-07-12,Ferremax Industrial,27806.64,Professional Services,Procurement,Panama,Time & Materials,2023.0
LC-2022-03410,2022-08-11,Catering Express Panama,105904.53,Logistics & Transport,Operations,Panama,Time & Materials,2022.0
LC-2022-03411,2022-11-01,Oficentro Internacional,16156.52,Logistics & Transport,Legal,Panama,Framework Agreement,2022.0
LC-2023-03412,2023-11-28,Grupo Logístico del Istmo,22388.64,Maintenance & Repair,IT,Panama,Framework Agreement,2023.0
LC-2023-03413,2023-01-19,Distribuidora Global S.A.,396275.11,IT & Technology,Logistics,Panama,Fixed Price,2023.0
LC-2022-03414,2022-08-01,Grupo Logístico del Istmo,13380.14,Maintenance & Repair,Marketing,Costa Rica,Spot Purchase,2022.0
LC-2023-03415,2023-07-06,Catering Express Panama,2153.45,Logistics & Transport,Legal,Panama,Spot Purchase,2023.0
LC-2023-03416,,Ferremax Industrial,30441.73,Professional Services,Operations,Panama,Spot Purchase,
LC-2023-03417,2023-02-16,Oficentro Internacional,99596.41,Logistics & Transport,IT,USA,Time & Materials,2023.0
LC-2023-03418,2023-12-25,Oficentro Internacional,46600.33,Logistics & Transport,HR,Costa Rica,Time & Materials,2023.0
LC-2023-03419,2023-09-05,TechSupplies Panama,7699.03,Office Supplies,Operations,Panama,Framework Agreement,2023.0
LC-2022-03420,2022-03-25,Distribuidora Global S.A.,19175.67,IT & Technology,HR,USA,Fixed Price,2022.0
LC-2022-03421,2022-01-21,Oficentro Internacional,17521.34,Logistics & Transport,Finance,USA,Time & Materials,2022.0
LC-2023-03422,2023-05-07,Seguridad Total Corp,4377.22,IT & Technology,Legal,Colombia,Fixed Price,2023.0
LC-2023-03423,2023-08-14,Seguridad Total Corp,9309.27,IT & Technology,Marketing,Colombia,Framework Agreement,2023.0
LC-2022-03424,2022-05-19,Cleaning Pro Services,9203.22,Catering & Food,Operations,Panama,Time & Materials,2022.0
LC-2023-03425,2023-06-14,IT Solutions Group,342.4,Maintenance & Repair,Sales,Panama,Framework Agreement,2023.0
LC-2023-03426,2023-05-20,Distribuidora Global S.A.,130187.26,IT & Technology,Operations,Panama,Fixed Price,2023.0
LC-2022-03427,2022-04-07,IT Solutions Group,7178.55,Maintenance & Repair,Sales,Panama,Time & Materials,2022.0
LC-2022-03428,2022-07-02,Cleaning Pro Services,39214.35,Catering & Food,Sales,Panama,Spot Purchase,2022.0
LC-2023-03429,2023-05-15,Cleaning Pro Services,9569.13,Catering & Food,Administration,Panama,Time & Materials,2023.0
LC-2023-03430,2023-02-06,Catering Express Panama,25641.94,Logistics & Transport,IT,USA,Fixed Price,2023.0
LC-2023-03431,2023-05-27,Distribuidora Global S.A.,63567.29,IT & Technology,IT,Colombia,Fixed Price,2023.0
LC-2022-03432,2022-08-16,Mantenimiento Integral,37024.63,Office Supplies,HR,Panama,Spot Purchase,2022.0
LC-2023-03433,2023-09-21,Distribuidora Global S.A.,67961.78,IT & Technology,IT,Panama,Spot Purchase,2023.0
LC-2022-03434,2022-09-06,Papelería y Más,4243.43,Uniforms & PPE,Operations,Panama,Fixed Price,2022.0
LC-2023-03435,2023-05-31,Oficentro Internacional,500000.0,Logistics & Transport,Marketing,Mexico,Framework Agreement,2023.0
LC-2022-03436,2022-06-06,Mantenimiento Integral,18649.15,Office Supplies,IT,Colombia,Fixed Price,2022.0
LC-2022-03437,2022-12-17,Cleaning Pro Services,11621.55,Catering & Food,HR,Panama,Framework Agreement,2022.0
LC-2023-03438,2023-10-07,Cleaning Pro Services,724.54,Catering & Food,HR,Panama,Fixed Price,2023.0
LC-2022-03439,2022-04-19,Oficentro Internacional,7739.02,Logistics & Transport,Procurement,Panama,Time & Materials,2022.0
LC-2022-03440,2022-08-27,Grupo Logístico del Istmo,51599.05,Maintenance & Repair,Operations,Panama,Spot Purchase,2022.0
LC-2022-03441,2022-08-28,Catering Express Panama,6113.67,Logistics & Transport,Marketing,Panama,Framework Agreement,2022.0
LC-2023-03442,2023-09-05,Cleaning Pro Services,1956.31,Catering & Food,Operations,Mexico,Spot Purchase,2023.0
LC-2023-03443,2023-12-14,Consultoría Estratégica,6072.19,Medical Supplies,Operations,Colombia,Spot Purchase,2023.0
LC-2022-03444,2022-02-02,MedEquip Latinoamerica,53259.98,Security,HR,Colombia,Framework Agreement,2022.0
LC-2023-03445,2023-10-14,TechSupplies Panama,83657.22,Office Supplies,Finance,Panama,Spot Purchase,2023.0
LC-2023-03446,2023-06-05,Seguridad Total Corp,887.57,IT & Technology,Finance,Panama,Spot Purchase,2023.0
LC-2022-03447,2022-01-30,Cleaning Pro Services,4157.78,Catering & Food,IT,Panama,Spot Purchase,2022.0
LC-2022-03448,2022-11-09,TechSupplies Panama,13822.32,Office Supplies,Logistics,Panama,Time & Materials,2022.0
LC-2022-03449,2022-03-04,IT Solutions Group,2747.51,Maintenance & Repair,Logistics,Panama,Time & Materials,2022.0
LC-2022-03450,2022-04-07,TechSupplies Panama,22107.26,Office Supplies,Sales,Panama,Fixed Price,2022.0
LC-2022-03451,2022-06-09,Oficentro Internacional,20472.24,Logistics & Transport,HR,Panama,Framework Agreement,2022.0
LC-2023-03452,2023-03-26,Oficentro Internacional,8053.3,Logistics & Transport,Sales,Panama,Framework Agreement,2023.0
LC-2022-03453,2022-12-11,Distribuidora Global S.A.,31157.63,IT & Technology,Marketing,Panama,Fixed Price,2022.0
LC-2022-03454,2022-12-26,Cleaning Pro Services,2119.82,Catering & Food,Finance,Panama,Spot Purchase,2022.0
LC-2022-03455,2022-11-15,Uniforms & Workwear Co.,60.69,Professional Services,Procurement,Panama,Framework Agreement,2022.0
LC-2023-03456,2023-01-30,Suministros Médicos del Sur,106879.58,Uniforms & PPE,Administration,Panama,Time & Materials,2023.0
LC-2022-03457,2022-11-24,Distribuidora Global S.A.,134124.48,IT & Technology,IT,Panama,Spot Purchase,2022.0
LC-2022-03458,2022-09-05,Suministros Médicos del Sur,2794.89,Uniforms & PPE,Operations,Colombia,Time & Materials,2022.0
LC-2022-03459,2022-06-21,DataCenter Solutions,5055.48,Medical Supplies,Legal,USA,Time & Materials,2022.0
LC-2023-03460,2023-10-03,Distribuidora Global S.A.,8901.85,IT & Technology,Logistics,Panama,Fixed Price,2023.0
LC-2022-03461,2022-05-10,Transportes Rápidos S.A.,62541.42,Marketing,Administration,Panama,Framework Agreement,2022.0
LC-2023-03462,2023-06-09,Distribuidora Global S.A.,353891.78,IT & Technology,Legal,Colombia,Time & Materials,2023.0
LC-2022-03463,2022-09-01,Mantenimiento Integral,6216.99,Office Supplies,Marketing,USA,Time & Materials,2022.0
LC-2023-03464,2023-09-19,Consultoría Estratégica,22817.79,Medical Supplies,Marketing,Panama,Spot Purchase,2023.0
LC-2022-03465,2022-09-13,Mantenimiento Integral,6392.82,Office Supplies,Logistics,Panama,Framework Agreement,2022.0
LC-2022-03466,2022-01-22,Consultoría Estratégica,661.77,Medical Supplies,Marketing,Panama,Framework Agreement,2022.0
LC-2023-03467,2023-09-16,Distribuidora Global S.A.,22154.86,IT & Technology,Sales,Panama,Framework Agreement,2023.0
LC-2023-03468,2023-09-12,DataCenter Solutions,5990.27,Medical Supplies,Operations,Panama,Spot Purchase,2023.0
LC-2022-03469,2022-12-03,Oficentro Internacional,21047.62,Logistics & Transport,Finance,USA,Spot Purchase,2022.0
LC-2022-03470,2022-10-08,MedEquip Latinoamerica,3540.49,Security,Operations,Panama,Framework Agreement,2022.0
LC-2023-03471,2023-11-14,Energía Renovable S.A.,4285.11,Catering & Food,Logistics,Costa Rica,Spot Purchase,2023.0
LC-2023-03472,2023-04-13,Cleaning Pro Services,,Catering & Food,Administration,USA,Framework Agreement,2023.0
LC-2022-03473,2022-03-29,IT Solutions Group,5315.53,Maintenance & Repair,Operations,Panama,Fixed Price,2022.0
LC-2023-03474,2023-04-04,Distribuidora Global S.A.,10170.78,IT & Technology,IT,USA,Framework Agreement,2023.0
LC-2022-03475,2022-03-20,Grupo Logístico del Istmo,15360.9,Maintenance & Repair,Sales,Panama,Framework Agreement,2022.0
LC-2022-03476,2022-09-25,Transportes Rápidos S.A.,715.6,Marketing,Legal,USA,Framework Agreement,2022.0
LC-2023-03477,2023-08-13,OFICENTRO INTERNACIONAL,117404.28,Logistics & Transport,IT,Panama,Spot Purchase,2023.0
LC-2023-03478,2023-10-24,Energía Renovable S.A.,208.83,Catering & Food,Sales,Mexico,Fixed Price,2023.0
LC-2022-03479,2022-11-15,Cleaning Pro Services,27733.2,Catering & Food,IT,USA,Framework Agreement,2022.0
LC-2022-03480,2022-03-15,Oficentro Internacional,191687.03,Logistics & Transport,HR,USA,Spot Purchase,2022.0
LC-2022-03481,2022-02-04,Uniforms & Workwear Co.,3123.56,Professional Services,Procurement,Panama,Framework Agreement,2022.0
LC-2023-03482,2023-12-24,Transportes Rápidos S.A.,99.02,Marketing,IT,USA,Framework Agreement,2023.0
LC-2023-03483,2023-10-07,Grupo Logístico del Istmo,23539.32,Maintenance & Repair,Logistics,USA,Fixed Price,2023.0
LC-2023-03484,2023-07-27,Oficentro Internacional,33623.45,Logistics & Transport,IT,Mexico,Spot Purchase,2023.0
LC-2022-03485,2022-01-23,Ferremax Industrial,10799.79,Professional Services,IT,Panama,Fixed Price,2022.0
LC-2022-03486,2022-03-28,MedEquip Latinoamerica,2269.18,Security,Legal,USA,Framework Agreement,2022.0
LC-2023-03487,2023-12-27,Seguridad Total Corp,48790.59,IT & Technology,Marketing,Panama,Time & Materials,2023.0
LC-2023-03488,2023-03-01,Ferremax Industrial,80653.11,Professional Services,IT,Panama,Framework Agreement,2023.0
LC-2022-03489,2022-08-05,TechSupplies Panama,11974.36,Office Supplies,Logistics,Colombia,Framework Agreement,2022.0
LC-2023-03490,2023-07-05,Cleaning Pro Services,447.47,Catering & Food,IT,Panama,Fixed Price,2023.0
LC-2022-03491,2022-02-18,Grupo Logístico del Istmo,24528.21,Maintenance & Repair,Legal,Panama,Spot Purchase,2022.0
LC-2023-03492,2023-04-18,Ferremax Industrial,28109.19,Professional Services,Logistics,Panama,Spot Purchase,2023.0
LC-2023-03493,2023-07-06,Distribuidora Global S.A.,65870.04,IT & Technology,IT,Panama,Spot Purchase,2023.0
LC-2022-03494,2022-09-29,FleetCars Panama,2201.79,Security,Administration,USA,Spot Purchase,2022.0
LC-2022-03495,2022-10-20,Cleaning Pro Services,10585.59,Catering & Food,Logistics,Colombia,Time & Materials,2022.0
LC-2022-03496,2022-09-17,Grupo Logístico del Istmo,370342.99,Maintenance & Repair,IT,Panama,Spot Purchase,2022.0
LC-2023-03497,2023-03-06,Seguridad Total Corp,16701.46,IT & Technology,Procurement,Panama,Spot Purchase,2023.0
LC-2022-03498,2022-12-30,TechSupplies Panama,34279.19,Office Supplies,Procurement,Panama,Spot Purchase,2022.0
LC-2022-03499,2022-08-01,Oficentro Internacional,29150.27,Logistics & Transport,Finance,Panama,Spot Purchase,2022.0
LC-2023-03500,2023-08-08,Distribuidora Global S.A.,23670.68,IT & Technology,Operations,Colombia,Fixed Price,2023.0
LC-2022-03501,2022-09-05,Grupo Logístico del Istmo,149756.98,Maintenance & Repair,Sales,Costa Rica,Time & Materials,2022.0
LC-2023-03502,2023-01-10,MedEquip Latinoamerica,1917.98,Security,Sales,Colombia,Spot Purchase,2023.0
LC-2022-03503,2022-02-02,IT Solutions Group,5259.73,Maintenance & Repair,HR,Panama,Spot Purchase,2022.0
LC-2022-03504,2022-01-30,Distribuidora Global S.A.,38616.6,IT & Technology,Operations,Panama,Spot Purchase,2022.0
LC-2023-03505,2023-03-08,Distribuidora Global S.A.,19887.74,IT & Technology,IT,Panama,Framework Agreement,2023.0
LC-2022-03506,2022-11-18,Ferremax Industrial,6995.63,Professional Services,Administration,Costa Rica,Spot Purchase,2022.0
LC-2022-03507,2022-10-11,Uniforms & Workwear Co.,7978.15,Professional Services,Marketing,Panama,Spot Purchase,2022.0
LC-2023-03508,2023-06-08,FERREMAX INDUSTRIAL,33752.01,Professional Services,Legal,Panama,Spot Purchase,2023.0
LC-2023-03509,2023-07-15,Papelería y Más,10408.32,Uniforms & PPE,Legal,Panama,Spot Purchase,2023.0
LC-2022-03510,2022-12-18,Grupo Logístico del Istmo,19142.76,Maintenance & Repair,HR,Panama,Spot Purchase,2022.0
LC-2023-03511,2023-12-20,DataCenter Solutions,30675.88,Medical Supplies,Finance,Panama,Time & Materials,2023.0
LC-2022-03512,2022-10-20,Cleaning Pro Services,1319.28,Catering & Food,HR,USA,Spot Purchase,2022.0
LC-2022-03513,2022-06-28,Transportes Rápidos S.A.,64091.08,Marketing,Administration,USA,Spot Purchase,2022.0
LC-2023-03514,2023-01-21,Distribuidora Global S.A.,4459.7,IT & Technology,Finance,USA,Spot Purchase,2023.0
LC-2022-03515,2022-09-17,TechSupplies Panama,61189.08,Office Supplies,Marketing,USA,Fixed Price,2022.0
LC-2022-03516,2022-01-03,Oficentro Internacional,64248.7,Logistics & Transport,Logistics,Panama,Time & Materials,2022.0
LC-2023-03517,2023-06-01,Distribuidora Global S.A.,13979.28,IT & Technology,HR,Costa Rica,Time & Materials,2023.0
LC-2023-03518,2023-05-24,Distribuidora Global S.A.,60431.92,IT & Technology,Legal,Panama,Framework Agreement,2023.0
LC-2022-03519,2022-01-09,TechSupplies Panama,168623.28,Office Supplies,Sales,Panama,Time & Materials,2022.0
LC-2023-03520,2023-07-02,Uniforms & Workwear Co.,176.76,Professional Services,Legal,Mexico,Framework Agreement,2023.0
LC-2023-03521,2023-12-12,Energía Renovable S.A.,10447.49,Catering & Food,Marketing,Panama,Time & Materials,2023.0
LC-2023-03522,2023-12-24,IT Solutions Group,116.76,Maintenance & Repair,Administration,Panama,Framework Agreement,2023.0
LC-2023-03523,2023-01-05,TechSupplies Panama,11398.1,Office Supplies,Marketing,Panama,Framework Agreement,2023.0
LC-2022-03524,2022-08-09,Distribuidora Global S.A.,256529.68,IT & Technology,Procurement,Panama,Time & Materials,2022.0
LC-2023-03525,2023-07-15,TechSupplies Panama,18067.35,Office Supplies,Marketing,Mexico,Fixed Price,2023.0
LC-2023-03526,2023-01-30,Suministros Médicos del Sur,844.87,Uniforms & PPE,Marketing,Panama,Framework Agreement,2023.0
LC-2023-03527,2023-12-07,Mantenimiento Integral,3652.23,Office Supplies,Logistics,Panama,Fixed Price,2023.0
LC-2022-03528,2022-06-27,Catering Express Panama,109300.86,Logistics & Transport,Operations,USA,Fixed Price,2022.0
LC-2023-03529,2023-02-16,TechSupplies Panama,4031.85,Office Supplies,Finance,Panama,Framework Agreement,2023.0
LC-2022-03530,2022-03-06,DataCenter Solutions,1015.4,Medical Supplies,Sales,Panama,Fixed Price,2022.0
LC-2023-03531,2023-06-30,Oficentro Internacional,219019.93,Logistics & Transport,Operations,Panama,Spot Purchase,2023.0
LC-2023-03532,2023-11-11,Cleaning Pro Services,79742.14,Catering & Food,Legal,Panama,Framework Agreement,2023.0
LC-2022-03533,2022-11-30,Catering Express Panama,4208.46,Logistics & Transport,Legal,Panama,Framework Agreement,2022.0
LC-2022-03534,2022-05-25,Papelería y Más,766.18,Uniforms & PPE,HR,USA,Fixed Price,2022.0
LC-2022-03535,2022-11-11,Oficentro Internacional,449105.09,Logistics & Transport,HR,Panama,Spot Purchase,2022.0
LC-2023-03536,2023-12-13,Mantenimiento Integral,53726.6,Office Supplies,Operations,Panama,Fixed Price,2023.0
LC-2022-03537,2022-06-13,Cleaning Pro Services,13608.1,Catering & Food,Operations,Panama,Time & Materials,2022.0
LC-2022-03538,2022-06-05,Grupo Logístico del Istmo,13699.54,Maintenance & Repair,HR,Panama,Time & Materials,2022.0
LC-2023-03539,2023-09-26,Energía Renovable S.A.,4566.29,Catering & Food,Legal,Panama,Spot Purchase,2023.0
LC-2022-03540,2022-01-04,MedEquip Latinoamerica,,Security,Logistics,USA,Fixed Price,2022.0
LC-2022-03541,2022-05-16,Mantenimiento Integral,8072.97,Office Supplies,Sales,USA,Time & Materials,2022.0
LC-2022-03542,2022-10-01,TechSupplies Panama,207150.68,Office Supplies,Operations,Panama,Spot Purchase,2022.0
LC-2022-03543,2022-05-06,Oficentro Internacional,104328.56,Logistics & Transport,IT,USA,Spot Purchase,2022.0
LC-2023-03544,2023-12-25,TechSupplies Panama,9968.13,Office Supplies,Operations,Panama,Fixed Price,2023.0
LC-2023-03545,2023-07-20,Grupo Logístico del Istmo,,Maintenance & Repair,Legal,Panama,Framework Agreement,2023.0
LC-2023-03546,2023-05-04,Oficentro Internacional,52878.84,Logistics & Transport,Legal,Panama,Framework Agreement,2023.0
LC-2022-03547,2022-09-21,Publicidad Digital LATAM,13774.84,Marketing,Sales,Panama,Fixed Price,2022.0
LC-2023-03548,2023-12-06,Cleaning Pro Services,44347.49,Catering & Food,Sales,Panama,Spot Purchase,2023.0
LC-2022-03549,2022-08-14,Oficentro Internacional,9567.28,Logistics & Transport,Sales,Panama,Time & Materials,2022.0
LC-2023-03550,2023-12-15,Ferremax Industrial,34787.36,Professional Services,Legal,Panama,Spot Purchase,2023.0
LC-2023-03551,2023-03-03,TechSupplies Panama,19192.11,Office Supplies,IT,Panama,Fixed Price,2023.0
LC-2023-03552,2023-07-24,Cleaning Pro Services,467.88,Catering & Food,Finance,Panama,Time & Materials,2023.0
LC-2022-03553,2022-08-08,Cleaning Pro Services,8267.31,Catering & Food,Procurement,Panama,Fixed Price,2022.0
LC-2022-03554,2022-09-09,Papelería y Más,212635.52,Uniforms & PPE,Logistics,USA,Framework Agreement,2022.0
LC-2022-03555,2022-09-23,Oficentro Internacional,3991.44,Logistics & Transport,Administration,Costa Rica,Fixed Price,2022.0
LC-2023-03556,2023-07-29,Grupo Logístico del Istmo,34935.66,Maintenance & Repair,Logistics,Panama,Time & Materials,2023.0
LC-2023-03557,2023-08-01,Papelería y Más,12846.34,Uniforms & PPE,Procurement,Panama,Fixed Price,2023.0
LC-2023-03558,2023-06-07,Grupo Logístico del Istmo,42095.4,Maintenance & Repair,Operations,USA,Framework Agreement,2023.0
LC-2023-03559,2023-12-07,Papelería y Más,4147.69,Uniforms & PPE,Legal,Panama,Spot Purchase,2023.0
LC-2022-03560,2022-06-12,Seguridad Total Corp,700.07,IT & Technology,Marketing,Colombia,Time & Materials,2022.0
LC-2022-03561,2022-06-07,Distribuidora Global S.A.,48018.62,IT & Technology,Finance,USA,Time & Materials,2022.0
LC-2023-03562,2023-11-29,Ferremax Industrial,14645.42,Professional Services,Sales,Panama,Framework Agreement,2023.0
LC-2022-03563,2022-10-13,DataCenter Solutions,184.03,Medical Supplies,Marketing,Panama,Spot Purchase,2022.0
LC-2023-03564,2023-08-12,Oficentro Internacional,152285.25,Logistics & Transport,Logistics,USA,Framework Agreement,2023.0
LC-2022-03565,2022-12-19,DataCenter Solutions,20693.58,Medical Supplies,Finance,USA,Framework Agreement,2022.0
LC-2022-03566,2022-10-09,TechSupplies Panama,38638.06,Office Supplies,Marketing,Colombia,Spot Purchase,2022.0
LC-2023-03567,2023-06-24,Publicidad Digital LATAM,6929.98,Marketing,Finance,Costa Rica,Framework Agreement,2023.0
LC-2023-03568,2023-10-30,Grupo Logístico del Istmo,131818.55,Maintenance & Repair,Sales,Mexico,Fixed Price,2023.0
LC-2022-03569,2022-12-31,Oficentro Internacional,47534.34,Logistics & Transport,IT,Panama,Spot Purchase,2022.0
LC-2023-03570,2023-03-28,DataCenter Solutions,19072.95,Medical Supplies,Logistics,Panama,Spot Purchase,2023.0
LC-2022-03571,2022-12-26,Distribuidora Global S.A.,25413.13,IT & Technology,Operations,USA,Time & Materials,2022.0
LC-2022-03572,2022-12-02,Distribuidora Global S.A.,175322.16,IT & Technology,IT,Panama,Fixed Price,2022.0
LC-2023-03573,2023-07-09,FleetCars Panama,7952.0,Security,HR,Panama,Framework Agreement,2023.0
LC-2023-03574,2023-07-21,Cleaning Pro Services,6575.32,Catering & Food,Procurement,Panama,Spot Purchase,2023.0
LC-2022-03575,2022-10-09,Grupo Logístico del Istmo,,Maintenance & Repair,Operations,Panama,Fixed Price,2022.0
LC-2023-03576,2023-03-26,MedEquip Latinoamerica,7558.54,Security,Finance,Panama,Time & Materials,2023.0
LC-2022-03577,2022-12-01,Grupo Logístico del Istmo,13381.84,Maintenance & Repair,Procurement,Panama,Framework Agreement,2022.0
LC-2023-03578,2023-09-22,TechSupplies Panama,16882.97,Office Supplies,HR,Panama,Fixed Price,2023.0
LC-2023-03579,2023-05-23,Papelería y Más,1446.55,Uniforms & PPE,Legal,Colombia,Time & Materials,2023.0
LC-2022-03580,2022-04-20,Grupo Logístico del Istmo,10102.3,Maintenance & Repair,Logistics,USA,Fixed Price,2022.0
LC-2023-03581,2023-05-29,Suministros Médicos del Sur,119033.13,Uniforms & PPE,Legal,Panama,Time & Materials,2023.0
LC-2023-03582,2023-07-25,UNIFORMS & WORKWEAR CO.,36207.03,Professional Services,Sales,Panama,Time & Materials,2023.0
LC-2022-03583,2022-04-02,Oficentro Internacional,363829.64,Logistics & Transport,Sales,USA,Time & Materials,2022.0
LC-2023-03584,2023-05-05,TechSupplies Panama,8370.98,Office Supplies,Administration,Panama,Spot Purchase,2023.0
LC-2023-03585,2023-05-08,Distribuidora Global S.A.,39557.26,IT & Technology,Marketing,USA,Fixed Price,2023.0
LC-2023-03586,2023-04-13,MedEquip Latinoamerica,706.09,Security,Administration,Panama,Fixed Price,2023.0
LC-2022-03587,2022-11-11,Transportes Rápidos S.A.,1731.01,Marketing,Logistics,Panama,Fixed Price,2022.0
LC-2023-03588,2023-06-17,Distribuidora Global S.A.,12067.22,IT & Technology,Logistics,USA,Time & Materials,2023.0
LC-2023-03589,2023-03-27,DataCenter Solutions,31551.49,Medical Supplies,Administration,USA,Framework Agreement,2023.0
LC-2023-03590,2023-01-06,Cleaning Pro Services,2712.58,Catering & Food,Operations,USA,Fixed Price,2023.0
LC-2022-03591,2022-08-16,Seguridad Total Corp,24405.63,IT & Technology,IT,Colombia,Framework Agreement,2022.0
LC-2022-03592,2022-05-25,Ferremax Industrial,74977.63,Professional Services,Sales,Panama,Time & Materials,2022.0
LC-2023-03593,2023-12-12,Cleaning Pro Services,155664.47,Catering & Food,Operations,USA,Spot Purchase,2023.0
LC-2022-03594,2022-02-22,Grupo Logístico del Istmo,6152.83,Maintenance & Repair,Procurement,Panama,Fixed Price,2022.0
LC-2022-03595,2022-10-22,DataCenter Solutions,32495.27,Medical Supplies,Procurement,Panama,Time & Materials,2022.0
LC-2022-03596,2022-05-17,Mantenimiento Integral,27437.37,Office Supplies,Logistics,Colombia,Spot Purchase,2022.0
LC-2022-03597,2022-08-17,Ferremax Industrial,11293.08,Professional Services,Legal,Panama,Fixed Price,2022.0
LC-2023-03598,2023-10-27,Ferremax Industrial,121608.24,Professional Services,Finance,Panama,Framework Agreement,2023.0
LC-2023-03599,2023-01-17,TECHSUPPLIES PANAMA,54359.46,Office Supplies,HR,USA,Framework Agreement,2023.0
LC-2023-03600,2023-05-15,Papelería y Más,3493.94,Uniforms & PPE,Sales,USA,Framework Agreement,2023.0
LC-2023-03601,2023-10-06,Grupo Logístico del Istmo,13511.24,Maintenance & Repair,HR,USA,Framework Agreement,2023.0
LC-2022-03602,2022-11-04,TechSupplies Panama,,Office Supplies,Logistics,Panama,Fixed Price,2022.0
LC-2022-03603,2022-09-18,Cleaning Pro Services,106374.18,Catering & Food,Procurement,Colombia,Fixed Price,2022.0
LC-2023-03604,2023-07-24,Papelería y Más,4919.81,Uniforms & PPE,IT,Panama,Fixed Price,2023.0
LC-2023-03605,2023-01-17,Distribuidora Global S.A.,92832.86,IT & Technology,IT,USA,Framework Agreement,2023.0
LC-2022-03606,2022-01-20,Distribuidora Global S.A.,14057.63,IT & Technology,Administration,Panama,Fixed Price,2022.0
LC-2023-03607,2023-03-25,DataCenter Solutions,1525.72,Medical Supplies,Operations,Mexico,Fixed Price,2023.0
LC-2023-03608,2023-05-16,Seguridad Total Corp,24908.82,IT & Technology,Logistics,USA,Fixed Price,2023.0
LC-2023-03609,2023-02-12,MedEquip Latinoamerica,649.13,Security,Sales,Colombia,Fixed Price,2023.0
LC-2023-03610,2023-04-01,Grupo Logístico del Istmo,22064.9,Maintenance & Repair,IT,Colombia,Spot Purchase,2023.0
LC-2023-03611,2023-11-21,Seguridad Total Corp,5172.14,IT & Technology,Procurement,Panama,Framework Agreement,2023.0
LC-2022-03612,2022-05-17,Distribuidora Global S.A.,41508.24,IT & Technology,Operations,Panama,Time & Materials,2022.0
LC-2022-03613,2022-07-18,Publicidad Digital LATAM,3756.94,Marketing,IT,Panama,Fixed Price,2022.0
LC-2023-03614,2023-10-13,Cleaning Pro Services,8899.32,Catering & Food,Logistics,Panama,Spot Purchase,2023.0
LC-2023-03615,2023-12-31,IT Solutions Group,13894.99,Maintenance & Repair,IT,Panama,Spot Purchase,2023.0
LC-2023-03616,2023-06-17,Mantenimiento Integral,14793.69,Office Supplies,Finance,Colombia,Framework Agreement,2023.0
LC-2023-03617,2023-04-13,Publicidad Digital LATAM,1120.24,Marketing,Operations,Colombia,Fixed Price,2023.0
LC-2023-03618,2023-02-04,DataCenter Solutions,3209.17,Medical Supplies,Sales,USA,Time & Materials,2023.0
LC-2023-03619,2023-08-29,Oficentro Internacional,152316.43,Logistics & Transport,Legal,Panama,Spot Purchase,2023.0
LC-2023-03620,2023-03-16,TechSupplies Panama,106252.82,Office Supplies,Marketing,Mexico,Spot Purchase,2023.0
LC-2022-03621,2022-09-28,DataCenter Solutions,626.85,Medical Supplies,IT,Panama,Fixed Price,2022.0
LC-2023-03622,2023-10-20,Mantenimiento Integral,8326.68,Office Supplies,Finance,Panama,Spot Purchase,2023.0
LC-2022-03623,2022-11-23,Oficentro Internacional,3381.69,Logistics & Transport,Administration,Panama,Spot Purchase,2022.0
LC-2022-03624,2022-07-05,Grupo Logístico del Istmo,38419.56,Maintenance & Repair,Sales,Colombia,Time & Materials,2022.0
LC-2023-03625,2023-12-06,FleetCars Panama,84681.34,Security,Finance,USA,Fixed Price,2023.0
LC-2022-03626,2022-07-12,OFICENTRO INTERNACIONAL,11643.8,Logistics & Transport,IT,Panama,Spot Purchase,2022.0
LC-2023-03627,2023-12-08,Distribuidora Global S.A.,13343.87,IT & Technology,Marketing,Colombia,Fixed Price,2023.0
LC-2023-03628,2023-07-04,Grupo Logístico del Istmo,90838.25,Maintenance & Repair,Logistics,Mexico,Fixed Price,2023.0
LC-2022-03629,2022-06-19,Distribuidora Global S.A.,,IT & Technology,Legal,Colombia,Time & Materials,2022.0
LC-2022-03630,2022-03-03,TechSupplies Panama,16995.33,Office Supplies,IT,Panama,Framework Agreement,2022.0
LC-2022-03631,2022-01-02,MedEquip Latinoamerica,12024.02,Security,Legal,Panama,Time & Materials,2022.0
LC-2023-03632,2023-03-08,Oficentro Internacional,16964.14,Logistics & Transport,Procurement,Panama,Fixed Price,2023.0
LC-2023-03633,2023-09-11,MedEquip Latinoamerica,3449.71,Security,Procurement,Panama,Time & Materials,2023.0
LC-2022-03634,2022-07-09,Transportes Rápidos S.A.,15007.1,Marketing,Finance,Colombia,Spot Purchase,2022.0
LC-2023-03635,2023-11-04,MedEquip Latinoamerica,9249.45,Security,Marketing,Panama,Fixed Price,2023.0
LC-2023-03636,2023-02-01,TechSupplies Panama,50020.19,Office Supplies,IT,Colombia,Time & Materials,2023.0
LC-2022-03637,2022-04-22,Oficentro Internacional,24174.49,Logistics & Transport,Legal,Panama,Framework Agreement,2022.0
LC-2023-03638,2023-02-01,Transportes Rápidos S.A.,8562.02,Marketing,IT,USA,Fixed Price,2023.0
LC-2023-03639,2023-10-23,Distribuidora Global S.A.,,IT & Technology,Administration,Costa Rica,Spot Purchase,2023.0
LC-2023-03640,2023-12-01,DataCenter Solutions,9766.45,Medical Supplies,Finance,Costa Rica,Spot Purchase,2023.0
LC-2023-03641,2023-02-11,Grupo Logístico del Istmo,20003.88,Maintenance & Repair,Administration,Panama,Time & Materials,2023.0
LC-2022-03642,2022-05-01,Consultoría Estratégica,3737.4,Medical Supplies,Procurement,Panama,Time & Materials,2022.0
LC-2022-03643,,TechSupplies Panama,11070.63,Office Supplies,Legal,Costa Rica,Time & Materials,
LC-2023-03644,2023-07-18,TechSupplies Panama,34821.52,Office Supplies,Legal,USA,Fixed Price,2023.0
LC-2022-03645,2022-07-23,MedEquip Latinoamerica,1456.07,Security,HR,USA,Time & Materials,2022.0
LC-2022-03646,2022-01-05,Ferremax Industrial,9539.0,Professional Services,Logistics,Panama,Fixed Price,2022.0
LC-2022-03647,2022-12-13,Oficentro Internacional,49532.95,Logistics & Transport,Finance,USA,Framework Agreement,2022.0
LC-2022-03648,2022-06-16,Transportes Rápidos S.A.,6762.24,Marketing,Sales,Panama,Fixed Price,2022.0
LC-2022-03649,2022-07-13,Seguridad Total Corp,15903.76,IT & Technology,HR,USA,Time & Materials,2022.0
LC-2022-03650,2022-08-14,DataCenter Solutions,2574.25,Medical Supplies,Procurement,USA,Fixed Price,2022.0
LC-2023-03651,2023-12-18,Distribuidora Global S.A.,,IT & Technology,Procurement,Panama,Spot Purchase,2023.0
LC-2022-03652,2022-03-17,Ferremax Industrial,70330.24,Professional Services,Operations,USA,Framework Agreement,2022.0
LC-2023-03653,2023-07-08,Distribuidora Global S.A.,61928.05,IT & Technology,Finance,Panama,Framework Agreement,2023.0
LC-2023-03654,2023-01-30,Cleaning Pro Services,1424.42,Catering & Food,IT,Panama,Spot Purchase,2023.0
LC-2023-03655,2023-11-15,Seguridad Total Corp,6149.0,IT & Technology,Legal,Panama,Spot Purchase,2023.0
LC-2023-03656,2023-11-24,TechSupplies Panama,56216.66,Office Supplies,Sales,Colombia,Spot Purchase,2023.0
LC-2022-03657,2022-02-15,DataCenter Solutions,4967.98,Medical Supplies,Procurement,Mexico,Time & Materials,2022.0
LC-2022-03658,2022-09-28,Grupo Logístico del Istmo,2969.73,Maintenance & Repair,Procurement,Panama,Spot Purchase,2022.0
LC-2023-03659,2023-08-24,Oficentro Internacional,44028.29,Logistics & Transport,Logistics,USA,Fixed Price,2023.0
LC-2022-03660,2022-12-19,Mantenimiento Integral,135780.73,Office Supplies,Finance,USA,Fixed Price,2022.0
LC-2023-03661,2023-08-17,TechSupplies Panama,23575.25,Office Supplies,Operations,Panama,Framework Agreement,2023.0
LC-2023-03662,2023-05-11,Catering Express Panama,1648.93,Logistics & Transport,Finance,Panama,Fixed Price,2023.0
LC-2023-03663,2023-03-05,Uniforms & Workwear Co.,8604.35,Professional Services,Sales,Panama,Framework Agreement,2023.0
LC-2022-03664,2022-10-31,Ferremax Industrial,52831.02,Professional Services,HR,Panama,Time & Materials,2022.0
LC-2023-03665,2023-09-16,Distribuidora Global S.A.,151946.26,IT & Technology,IT,USA,Fixed Price,2023.0
LC-2023-03666,2023-01-24,IT Solutions Group,744.86,Maintenance & Repair,Legal,Panama,Spot Purchase,2023.0
LC-2023-03667,2023-06-16,IT Solutions Group,14721.59,Maintenance & Repair,Legal,Panama,Time & Materials,2023.0
LC-2023-03668,2023-03-26,Distribuidora Global S.A.,73755.18,IT & Technology,Procurement,Panama,Spot Purchase,2023.0
LC-2023-03669,2023-01-21,TechSupplies Panama,30620.47,Office Supplies,Administration,Panama,Time & Materials,2023.0
LC-2022-03670,2022-02-26,Papelería y Más,8168.42,Uniforms & PPE,Procurement,Panama,Fixed Price,2022.0
LC-2022-03671,2022-06-26,Distribuidora Global S.A.,124910.03,IT & Technology,Marketing,USA,Spot Purchase,2022.0
LC-2022-03672,2022-06-17,Publicidad Digital LATAM,18187.2,Marketing,HR,Panama,Time & Materials,2022.0
LC-2022-03673,2022-09-16,Distribuidora Global S.A.,9213.06,IT & Technology,HR,Panama,Time & Materials,2022.0
LC-2023-03674,2023-12-26,Transportes Rápidos S.A.,16818.54,Marketing,Operations,Panama,Framework Agreement,2023.0
LC-2023-03675,2023-03-25,Oficentro Internacional,33603.1,Logistics & Transport,HR,Panama,Framework Agreement,2023.0
LC-2022-03676,2022-09-06,Cleaning Pro Services,5482.47,Catering & Food,Finance,Panama,Framework Agreement,2022.0
LC-2022-03677,2022-10-22,Grupo Logístico del Istmo,39649.61,Maintenance & Repair,Logistics,Panama,Framework Agreement,2022.0
LC-2022-03678,2022-09-20,Distribuidora Global S.A.,30324.41,IT & Technology,Administration,Colombia,Fixed Price,2022.0
LC-2023-03679,2023-03-31,TechSupplies Panama,151759.0,Office Supplies,Operations,Panama,Time & Materials,2023.0
LC-2023-03680,2023-07-18,Grupo Logístico del Istmo,32844.46,Maintenance & Repair,Operations,USA,Spot Purchase,2023.0
LC-2023-03681,2023-08-28,Distribuidora Global S.A.,9476.26,IT & Technology,HR,Panama,Time & Materials,2023.0
LC-2023-03682,2023-09-29,Distribuidora Global S.A.,22646.58,IT & Technology,Procurement,Panama,Fixed Price,2023.0
LC-2023-03683,2023-07-07,Publicidad Digital LATAM,6425.58,Marketing,IT,USA,Time & Materials,2023.0
LC-2023-03684,2023-12-18,TechSupplies Panama,158745.53,Office Supplies,Marketing,USA,Time & Materials,2023.0
LC-2023-03685,2023-05-01,MedEquip Latinoamerica,12144.63,Security,Legal,Panama,Fixed Price,2023.0
LC-2022-03686,2022-07-07,Distribuidora Global S.A.,13086.78,IT & Technology,Operations,Panama,Time & Materials,2022.0
LC-2022-03687,2022-07-03,Distribuidora Global S.A.,500000.0,IT & Technology,Finance,Colombia,Fixed Price,2022.0
LC-2023-03688,2023-12-22,TECHSUPPLIES PANAMA,49897.71,Office Supplies,Operations,Panama,Time & Materials,2023.0
LC-2022-03689,2022-03-10,Ferremax Industrial,167790.07,Professional Services,Logistics,Panama,Framework Agreement,2022.0
LC-2023-03690,2023-02-20,DataCenter Solutions,3914.44,Medical Supplies,Finance,Panama,Framework Agreement,2023.0
LC-2023-03691,2023-02-20,Papelería y Más,10938.44,Uniforms & PPE,Finance,Panama,Time & Materials,2023.0
LC-2022-03692,2022-02-26,TechSupplies Panama,99445.22,Office Supplies,Operations,Panama,Spot Purchase,2022.0
LC-2023-03693,2023-08-10,Papelería y Más,30555.26,Uniforms & PPE,IT,Panama,Fixed Price,2023.0
LC-2023-03694,2023-07-02,UNIFORMS & WORKWEAR CO.,24005.84,Professional Services,Marketing,Panama,Spot Purchase,2023.0
LC-2023-03695,2023-09-01,Distribuidora Global S.A.,103428.56,IT & Technology,Logistics,Panama,Spot Purchase,2023.0
LC-2023-03696,2023-09-28,OFICENTRO INTERNACIONAL,24881.9,Logistics & Transport,Marketing,Panama,Fixed Price,2023.0
LC-2023-03697,2023-09-16,Papelería y Más,2084.7,Uniforms & PPE,Administration,Panama,Spot Purchase,2023.0
LC-2023-03698,2023-08-09,Distribuidora Global S.A.,54129.2,IT & Technology,HR,Panama,Fixed Price,2023.0
LC-2022-03699,2022-08-21,MedEquip Latinoamerica,19924.23,Security,Sales,Panama,Time & Materials,2022.0
LC-2023-03700,2023-05-04,Distribuidora Global S.A.,27798.44,IT & Technology,Logistics,USA,Time & Materials,2023.0
LC-2022-03701,2022-11-27,Distribuidora Global S.A.,130379.72,IT & Technology,Marketing,Colombia,Framework Agreement,2022.0
LC-2023-03702,2023-09-08,MANTENIMIENTO INTEGRAL,43430.84,Office Supplies,Procurement,Panama,Framework Agreement,2023.0
LC-2022-03703,2022-11-14,Oficentro Internacional,12093.4,Logistics & Transport,Procurement,Panama,Fixed Price,2022.0
LC-2023-03704,2023-01-30,Catering Express Panama,1400.55,Logistics & Transport,Administration,Panama,Time & Materials,2023.0
LC-2023-03705,2023-10-31,MedEquip Latinoamerica,3981.59,Security,Finance,Panama,Framework Agreement,2023.0
LC-2023-03706,2023-12-27,Ferremax Industrial,52529.76,Professional Services,Procurement,Panama,Spot Purchase,2023.0
LC-2022-03707,2022-07-22,Oficentro Internacional,19351.39,Logistics & Transport,IT,Colombia,Framework Agreement,2022.0
LC-2023-03708,2023-09-11,Uniforms & Workwear Co.,37358.06,Professional Services,Marketing,USA,Time & Materials,2023.0
LC-2022-03709,2022-08-17,Oficentro Internacional,60408.21,Logistics & Transport,Legal,Costa Rica,Framework Agreement,2022.0
LC-2022-03710,2022-08-20,Catering Express Panama,5214.35,Logistics & Transport,Administration,USA,Fixed Price,2022.0
LC-2022-03711,2022-02-21,Oficentro Internacional,6482.81,Logistics & Transport,Logistics,USA,Spot Purchase,2022.0
LC-2023-03712,2023-05-10,Distribuidora Global S.A.,7487.73,IT & Technology,Finance,Panama,Framework Agreement,2023.0
LC-2022-03713,2022-05-09,TechSupplies Panama,50879.28,Office Supplies,Legal,Colombia,Time & Materials,2022.0
LC-2023-03714,2023-09-02,TechSupplies Panama,2809.85,Office Supplies,Administration,Panama,Fixed Price,2023.0
LC-2022-03715,2022-06-01,Catering Express Panama,22447.98,Logistics & Transport,Operations,Panama,Framework Agreement,2022.0
LC-2022-03716,2022-11-15,Papelería y Más,3876.82,Uniforms & PPE,HR,Panama,Spot Purchase,2022.0
LC-2023-03717,2023-10-12,Oficentro Internacional,500000.0,Logistics & Transport,Administration,Panama,Fixed Price,2023.0
LC-2023-03718,2023-04-05,Mantenimiento Integral,156666.46,Office Supplies,IT,Panama,Framework Agreement,2023.0
LC-2023-03719,2023-12-02,DataCenter Solutions,3743.69,Medical Supplies,Sales,USA,Spot Purchase,2023.0
LC-2023-03720,2023-09-02,Mantenimiento Integral,,Office Supplies,Finance,Panama,Time & Materials,2023.0
LC-2023-03721,2023-02-17,FleetCars Panama,21880.96,Security,Logistics,Panama,Time & Materials,2023.0
LC-2023-03722,2023-12-22,Cleaning Pro Services,63244.21,Catering & Food,Operations,USA,Fixed Price,2023.0
LC-2022-03723,2022-11-05,Ferremax Industrial,5086.6,Professional Services,Finance,Colombia,Framework Agreement,2022.0
LC-2023-03724,2023-11-06,Papelería y Más,337.12,Uniforms & PPE,Sales,Panama,Framework Agreement,2023.0
LC-2023-03725,2023-09-06,DataCenter Solutions,1933.23,Medical Supplies,Finance,Panama,Spot Purchase,2023.0
LC-2023-03726,2023-09-29,Grupo Logístico del Istmo,73078.18,Maintenance & Repair,Sales,Panama,Time & Materials,2023.0
LC-2022-03727,2022-08-06,Grupo Logístico del Istmo,65923.37,Maintenance & Repair,Operations,Panama,Framework Agreement,2022.0
LC-2023-03728,2023-07-26,Seguridad Total Corp,24456.64,IT & Technology,Sales,Panama,Spot Purchase,2023.0
LC-2022-03729,2022-09-10,Catering Express Panama,,Logistics & Transport,Marketing,Panama,Time & Materials,2022.0
LC-2022-03730,2022-08-24,TechSupplies Panama,2254.37,Office Supplies,IT,Panama,Time & Materials,2022.0
LC-2023-03731,2023-10-11,Oficentro Internacional,101683.17,Logistics & Transport,Procurement,Panama,Fixed Price,2023.0
LC-2022-03732,2022-12-22,Ferremax Industrial,13442.34,Professional Services,Operations,Panama,Time & Materials,2022.0
LC-2022-03733,2022-01-30,Distribuidora Global S.A.,3222.18,IT & Technology,HR,Panama,Fixed Price,2022.0
LC-2023-03734,2023-10-12,Oficentro Internacional,43220.77,Logistics & Transport,Procurement,Panama,Framework Agreement,2023.0
LC-2022-03735,2022-11-09,Uniforms & Workwear Co.,16151.42,Professional Services,Logistics,Panama,Spot Purchase,2022.0
LC-2022-03736,2022-08-27,Mantenimiento Integral,4092.51,Office Supplies,Finance,Panama,Framework Agreement,2022.0
LC-2022-03737,2022-09-13,Seguridad Total Corp,2473.1,IT & Technology,Finance,USA,Fixed Price,2022.0
LC-2023-03738,2023-12-07,Uniforms & Workwear Co.,3869.79,Professional Services,Sales,Costa Rica,Time & Materials,2023.0
LC-2022-03739,2022-04-23,Publicidad Digital LATAM,2818.97,Marketing,Administration,Costa Rica,Spot Purchase,2022.0
LC-2022-03740,2022-08-25,Grupo Logístico del Istmo,7203.65,Maintenance & Repair,Finance,Panama,Spot Purchase,2022.0
LC-2023-03741,2023-03-17,Publicidad Digital LATAM,1682.4,Marketing,Legal,Panama,Fixed Price,2023.0
LC-2023-03742,2023-03-19,Distribuidora Global S.A.,67882.66,IT & Technology,Marketing,Colombia,Framework Agreement,2023.0
LC-2022-03743,2022-02-12,Distribuidora Global S.A.,53423.94,IT & Technology,Legal,Panama,Framework Agreement,2022.0
LC-2023-03744,2023-09-02,DataCenter Solutions,6323.89,Medical Supplies,Marketing,Panama,Spot Purchase,2023.0
LC-2023-03745,2023-08-31,Transportes Rápidos S.A.,1104.64,Marketing,Legal,Panama,Fixed Price,2023.0
LC-2022-03746,2022-02-21,Seguridad Total Corp,3743.38,IT & Technology,Legal,Costa Rica,Fixed Price,2022.0
LC-2023-03747,2023-07-05,Ferremax Industrial,2663.83,Professional Services,Marketing,USA,Fixed Price,2023.0
LC-2023-03748,2023-07-23,Uniforms & Workwear Co.,6423.48,Professional Services,Finance,Panama,Time & Materials,2023.0
LC-2023-03749,2023-03-07,Transportes Rápidos S.A.,41910.29,Marketing,Sales,Panama,Framework Agreement,2023.0
LC-2023-03750,2023-02-14,Distribuidora Global S.A.,6192.17,IT & Technology,Administration,Panama,Framework Agreement,2023.0
LC-2023-03751,2023-05-06,Ferremax Industrial,17977.69,Professional Services,Marketing,Panama,Fixed Price,2023.0
LC-2023-03752,2023-04-04,Distribuidora Global S.A.,53902.28,IT & Technology,Marketing,Panama,Framework Agreement,2023.0
LC-2023-03753,2023-12-31,Grupo Logístico del Istmo,163310.92,Maintenance & Repair,Operations,Panama,Time & Materials,2023.0
LC-2022-03754,2022-04-16,Seguridad Total Corp,2509.06,IT & Technology,Administration,Panama,Framework Agreement,2022.0
LC-2022-03755,2022-09-24,MedEquip Latinoamerica,1739.97,Security,Legal,Panama,Fixed Price,2022.0
LC-2023-03756,2023-04-06,Grupo Logístico del Istmo,3419.65,Maintenance & Repair,Marketing,USA,Spot Purchase,2023.0
LC-2022-03757,2022-11-08,Ferremax Industrial,41114.9,Professional Services,Finance,Panama,Spot Purchase,2022.0
LC-2022-03758,2022-09-12,Mantenimiento Integral,105146.94,Office Supplies,Legal,Panama,Framework Agreement,2022.0
LC-2022-03759,2022-01-17,Cleaning Pro Services,7450.51,Catering & Food,Procurement,Panama,Time & Materials,2022.0
LC-2022-03760,2022-09-03,Consultoría Estratégica,4753.24,Medical Supplies,Legal,Panama,Time & Materials,2022.0
LC-2023-03761,2023-05-23,TechSupplies Panama,53449.83,Office Supplies,IT,Panama,Spot Purchase,2023.0
LC-2022-03762,,TechSupplies Panama,35835.33,Office Supplies,Legal,Panama,Framework Agreement,
LC-2022-03763,2022-05-22,Distribuidora Global S.A.,13689.48,IT & Technology,Logistics,Colombia,Fixed Price,2022.0
LC-2023-03764,2023-08-28,Oficentro Internacional,97532.01,Logistics & Transport,Operations,Panama,Framework Agreement,2023.0
LC-2023-03765,2023-08-05,Distribuidora Global S.A.,47615.51,IT & Technology,Administration,USA,Time & Materials,2023.0
LC-2023-03766,2023-01-22,MedEquip Latinoamerica,5046.35,Security,Procurement,Panama,Framework Agreement,2023.0
LC-2023-03767,2023-11-19,Seguridad Total Corp,1137.91,IT & Technology,Logistics,Panama,Time & Materials,2023.0
LC-2023-03768,2023-09-26,TechSupplies Panama,173548.0,Office Supplies,HR,USA,Framework Agreement,2023.0
LC-2023-03769,2023-08-05,Publicidad Digital LATAM,13320.43,Marketing,Logistics,Panama,Spot Purchase,2023.0
LC-2023-03770,2023-12-11,Oficentro Internacional,18704.04,Logistics & Transport,Legal,Panama,Spot Purchase,2023.0
LC-2023-03771,2023-04-09,Grupo Logístico del Istmo,120836.04,Maintenance & Repair,HR,Panama,Time & Materials,2023.0
LC-2022-03772,2022-08-18,TechSupplies Panama,19988.55,Office Supplies,IT,Panama,Time & Materials,2022.0
LC-2023-03773,2023-01-04,Papelería y Más,1520.8,Uniforms & PPE,Procurement,Panama,Time & Materials,2023.0
LC-2023-03774,2023-06-04,DISTRIBUIDORA GLOBAL S.A.,14593.86,IT & Technology,Logistics,Panama,Time & Materials,2023.0
LC-2022-03775,2022-07-04,Grupo Logístico del Istmo,4336.04,Maintenance & Repair,Operations,Costa Rica,Fixed Price,2022.0
LC-2023-03776,2023-08-21,Oficentro Internacional,63949.62,Logistics & Transport,Logistics,USA,Fixed Price,2023.0
LC-2023-03777,2023-07-19,Oficentro Internacional,4034.45,Logistics & Transport,Procurement,Panama,Framework Agreement,2023.0
LC-2022-03778,2022-09-23,Oficentro Internacional,8315.42,Logistics & Transport,Operations,Panama,Time & Materials,2022.0
LC-2022-03779,2022-09-08,Catering Express Panama,218.46,Logistics & Transport,IT,Costa Rica,Fixed Price,2022.0
LC-2023-03780,2023-06-30,Grupo Logístico del Istmo,32751.9,Maintenance & Repair,IT,Panama,Fixed Price,2023.0
LC-2023-03781,2023-09-11,DataCenter Solutions,3922.64,Medical Supplies,Finance,Panama,Fixed Price,2023.0
LC-2022-03782,2022-04-05,Grupo Logístico del Istmo,24537.66,Maintenance & Repair,Operations,Panama,Spot Purchase,2022.0
LC-2022-03783,2022-11-19,Catering Express Panama,1028.78,Logistics & Transport,Administration,USA,Time & Materials,2022.0
LC-2023-03784,2023-02-24,Cleaning Pro Services,846.96,Catering & Food,Logistics,Costa Rica,Spot Purchase,2023.0
LC-2022-03785,2022-03-22,Distribuidora Global S.A.,63401.57,IT & Technology,Operations,Panama,Framework Agreement,2022.0
LC-2022-03786,2022-11-16,Distribuidora Global S.A.,,IT & Technology,Marketing,Colombia,Fixed Price,2022.0
LC-2023-03787,2023-10-14,Transportes Rápidos S.A.,7899.36,Marketing,IT,Panama,Framework Agreement,2023.0
LC-2023-03788,2023-03-01,Oficentro Internacional,,Logistics & Transport,Procurement,Panama,Framework Agreement,2023.0
LC-2022-03789,2022-10-31,Mantenimiento Integral,6448.44,Office Supplies,Legal,Panama,Fixed Price,2022.0
LC-2022-03790,2022-12-29,Distribuidora Global S.A.,173500.13,IT & Technology,IT,Panama,Framework Agreement,2022.0
LC-2023-03791,2023-11-09,Distribuidora Global S.A.,73379.43,IT & Technology,HR,Panama,Framework Agreement,2023.0
LC-2022-03792,2022-08-08,Ferremax Industrial,22139.16,Professional Services,Logistics,Panama,Time & Materials,2022.0
LC-2022-03793,2022-01-04,Cleaning Pro Services,7228.58,Catering & Food,Administration,USA,Spot Purchase,2022.0
LC-2022-03794,2022-04-02,Transportes Rápidos S.A.,3425.5,Marketing,Legal,Costa Rica,Framework Agreement,2022.0
LC-2022-03795,2022-06-21,Distribuidora Global S.A.,36660.54,IT & Technology,Legal,Panama,Time & Materials,2022.0
LC-2023-03796,2023-05-16,Energía Renovable S.A.,3015.69,Catering & Food,Marketing,Panama,Framework Agreement,2023.0
LC-2023-03797,2023-10-22,Catering Express Panama,3841.04,Logistics & Transport,Finance,Panama,Spot Purchase,2023.0
LC-2022-03798,2022-10-23,Oficentro Internacional,,Logistics & Transport,Legal,Panama,Spot Purchase,2022.0
LC-2023-03799,2023-07-29,MedEquip Latinoamerica,1107.61,Security,Procurement,USA,Framework Agreement,2023.0
LC-2023-03800,2023-06-14,MEDEQUIP LATINOAMERICA,1070.82,Security,Logistics,USA,Framework Agreement,2023.0
LC-2023-03801,2023-04-12,GRUPO LOGÍSTICO DEL ISTMO,6861.96,Maintenance & Repair,Finance,Panama,Fixed Price,2023.0
LC-2022-03802,2022-11-17,Ferremax Industrial,5322.37,Professional Services,IT,Colombia,Spot Purchase,2022.0
LC-2022-03803,2022-04-24,TechSupplies Panama,8427.54,Office Supplies,Operations,Panama,Fixed Price,2022.0
LC-2022-03804,2022-10-12,Transportes Rápidos S.A.,6242.86,Marketing,Legal,Panama,Fixed Price,2022.0
LC-2023-03805,2023-08-30,Oficentro Internacional,12439.78,Logistics & Transport,Finance,Panama,Framework Agreement,2023.0
LC-2023-03806,2023-12-20,DataCenter Solutions,10619.23,Medical Supplies,Marketing,Panama,Spot Purchase,2023.0
LC-2022-03807,2022-08-05,MedEquip Latinoamerica,5177.46,Security,Finance,USA,Fixed Price,2022.0
LC-2023-03808,2023-01-29,IT Solutions Group,256.53,Maintenance & Repair,Operations,Panama,Time & Materials,2023.0
LC-2023-03809,2023-10-26,Grupo Logístico del Istmo,79695.68,Maintenance & Repair,Finance,Costa Rica,Spot Purchase,2023.0
LC-2023-03810,2023-12-13,TechSupplies Panama,96082.11,Office Supplies,Administration,Panama,Spot Purchase,2023.0
LC-2023-03811,2023-06-23,Papelería y Más,1106.78,Uniforms & PPE,IT,Costa Rica,Framework Agreement,2023.0
LC-2023-03812,2023-07-21,Catering Express Panama,9230.67,Logistics & Transport,HR,USA,Spot Purchase,2023.0
LC-2022-03813,2022-05-08,Suministros Médicos del Sur,1360.02,Uniforms & PPE,IT,Panama,Time & Materials,2022.0
LC-2023-03814,2023-01-10,Ferremax Industrial,40831.31,Professional Services,Operations,Panama,Fixed Price,2023.0
LC-2022-03815,2022-05-02,TechSupplies Panama,7963.33,Office Supplies,Sales,Panama,Time & Materials,2022.0
LC-2023-03816,2023-01-15,Distribuidora Global S.A.,4222.88,IT & Technology,Administration,USA,Time & Materials,2023.0
LC-2022-03817,2022-01-16,Mantenimiento Integral,2767.71,Office Supplies,Marketing,Colombia,Spot Purchase,2022.0
LC-2022-03818,2022-08-25,DataCenter Solutions,4082.26,Medical Supplies,Sales,USA,Fixed Price,2022.0
LC-2023-03819,2023-02-12,Ferremax Industrial,22534.09,Professional Services,Finance,Costa Rica,Spot Purchase,2023.0
LC-2022-03820,2022-12-04,Oficentro Internacional,,Logistics & Transport,Administration,Colombia,Fixed Price,2022.0
LC-2022-03821,2022-04-24,Distribuidora Global S.A.,22474.15,IT & Technology,Operations,Colombia,Fixed Price,2022.0
LC-2023-03822,2023-08-23,Oficentro Internacional,50169.06,Logistics & Transport,Finance,Panama,Fixed Price,2023.0
LC-2022-03823,,Publicidad Digital LATAM,4594.71,Marketing,Administration,Colombia,Fixed Price,
LC-2023-03824,2023-11-02,DataCenter Solutions,6462.37,Medical Supplies,Marketing,USA,Time & Materials,2023.0
LC-2023-03825,2023-11-28,Publicidad Digital LATAM,1798.71,Marketing,Administration,USA,Fixed Price,2023.0
LC-2022-03826,2022-07-21,MedEquip Latinoamerica,28497.65,Security,Legal,USA,Time & Materials,2022.0
LC-2023-03827,2023-11-24,DataCenter Solutions,841.97,Medical Supplies,Marketing,Panama,Spot Purchase,2023.0
LC-2023-03828,2023-03-06,TechSupplies Panama,65190.72,Office Supplies,Legal,Panama,Framework Agreement,2023.0
LC-2022-03829,2022-05-24,Seguridad Total Corp,,IT & Technology,Marketing,USA,Time & Materials,2022.0
LC-2023-03830,2023-05-08,Papelería y Más,10110.83,Uniforms & PPE,Legal,Panama,Fixed Price,2023.0
LC-2023-03831,2023-02-28,Transportes Rápidos S.A.,3627.19,Marketing,Operations,Panama,Time & Materials,2023.0
LC-2022-03832,2022-11-21,Cleaning Pro Services,2225.09,Catering & Food,Legal,USA,Time & Materials,2022.0
LC-2022-03833,2022-09-07,Catering Express Panama,23251.65,Logistics & Transport,Legal,Panama,Fixed Price,2022.0
LC-2022-03834,2022-12-18,Transportes Rápidos S.A.,581.46,Marketing,IT,Colombia,Time & Materials,2022.0
LC-2022-03835,2022-06-29,Uniforms & Workwear Co.,1146.9,Professional Services,Legal,Panama,Fixed Price,2022.0
LC-2022-03836,2022-06-19,Oficentro Internacional,22537.38,Logistics & Transport,Administration,USA,Framework Agreement,2022.0
LC-2023-03837,2023-12-02,Grupo Logístico del Istmo,160361.27,Maintenance & Repair,Logistics,Panama,Framework Agreement,2023.0
LC-2023-03838,2023-06-04,FleetCars Panama,8687.6,Security,Legal,Mexico,Spot Purchase,2023.0
LC-2023-03839,2023-03-13,Oficentro Internacional,11365.58,Logistics & Transport,IT,Panama,Fixed Price,2023.0
LC-2022-03840,2022-12-08,Oficentro Internacional,25025.0,Logistics & Transport,Procurement,USA,Fixed Price,2022.0
LC-2023-03841,2023-12-17,Seguridad Total Corp,1955.72,IT & Technology,Operations,Mexico,Spot Purchase,2023.0
LC-2023-03842,2023-08-14,Energía Renovable S.A.,1694.79,Catering & Food,Operations,Panama,Framework Agreement,2023.0
LC-2022-03843,2022-06-22,Oficentro Internacional,117555.69,Logistics & Transport,Legal,Panama,Spot Purchase,2022.0
LC-2022-03844,2022-07-14,Grupo Logístico del Istmo,7001.7,Maintenance & Repair,Operations,Panama,Time & Materials,2022.0
LC-2023-03845,2023-11-05,Distribuidora Global S.A.,250330.43,IT & Technology,Administration,Panama,Framework Agreement,2023.0
LC-2023-03846,2023-09-09,Seguridad Total Corp,17023.41,IT & Technology,Procurement,USA,Time & Materials,2023.0
LC-2022-03847,2022-09-18,Oficentro Internacional,134461.61,Logistics & Transport,Sales,Panama,Time & Materials,2022.0
LC-2022-03848,2022-01-13,Distribuidora Global S.A.,20836.73,IT & Technology,IT,Panama,Spot Purchase,2022.0
LC-2022-03849,2022-04-16,Grupo Logístico del Istmo,30335.42,Maintenance & Repair,Procurement,Panama,Fixed Price,2022.0
LC-2022-03850,2022-01-15,Catering Express Panama,572.65,Logistics & Transport,IT,Panama,Fixed Price,2022.0
LC-2023-03851,2023-08-15,Distribuidora Global S.A.,19349.18,IT & Technology,Marketing,Colombia,Time & Materials,2023.0
LC-2022-03852,2022-06-25,MedEquip Latinoamerica,10306.01,Security,Marketing,Panama,Time & Materials,2022.0
LC-2022-03853,2022-06-25,Transportes Rápidos S.A.,34340.98,Marketing,Marketing,Panama,Fixed Price,2022.0
LC-2022-03854,,Grupo Logístico del Istmo,9618.19,Maintenance & Repair,Logistics,USA,Framework Agreement,
LC-2022-03855,2022-05-22,Cleaning Pro Services,2840.52,Catering & Food,Operations,USA,Framework Agreement,2022.0
LC-2022-03856,2022-08-03,Grupo Logístico del Istmo,30286.0,Maintenance & Repair,HR,USA,Spot Purchase,2022.0
LC-2022-03857,2022-04-04,PAPELERÍA Y MÁS,605.66,Uniforms & PPE,Sales,Panama,Framework Agreement,2022.0
LC-2023-03858,2023-09-26,Uniforms & Workwear Co.,11932.53,Professional Services,Operations,USA,Fixed Price,2023.0
LC-2023-03859,,Distribuidora Global S.A.,15232.88,IT & Technology,Legal,Panama,Time & Materials,
LC-2022-03860,2022-02-09,Ferremax Industrial,28725.24,Professional Services,HR,Panama,Framework Agreement,2022.0
LC-2023-03861,2023-12-01,Transportes Rápidos S.A.,2495.08,Marketing,IT,Colombia,Framework Agreement,2023.0
LC-2023-03862,2023-03-22,Suministros Médicos del Sur,1504.16,Uniforms & PPE,Sales,Panama,Fixed Price,2023.0
LC-2023-03863,2023-12-28,Distribuidora Global S.A.,36009.79,IT & Technology,Administration,Panama,Spot Purchase,2023.0
LC-2023-03864,2023-11-24,Seguridad Total Corp,3556.69,IT & Technology,Administration,Panama,Spot Purchase,2023.0
LC-2022-03865,2022-01-20,Oficentro Internacional,23243.26,Logistics & Transport,Logistics,Panama,Fixed Price,2022.0
LC-2022-03866,2022-10-25,Ferremax Industrial,15151.37,Professional Services,Operations,Colombia,Framework Agreement,2022.0
LC-2022-03867,2022-11-03,Oficentro Internacional,53286.04,Logistics & Transport,Finance,USA,Spot Purchase,2022.0
LC-2022-03868,2022-10-30,TechSupplies Panama,264168.05,Office Supplies,Operations,USA,Time & Materials,2022.0
LC-2022-03869,2022-04-12,Distribuidora Global S.A.,42953.12,IT & Technology,Administration,Panama,Spot Purchase,2022.0
LC-2023-03870,2023-12-16,Catering Express Panama,21898.59,Logistics & Transport,Sales,Panama,Time & Materials,2023.0
LC-2023-03871,2023-04-12,Publicidad Digital LATAM,610.74,Marketing,Operations,Panama,Time & Materials,2023.0
LC-2023-03872,2023-05-24,FleetCars Panama,6226.95,Security,Operations,Colombia,Framework Agreement,2023.0
LC-2022-03873,2022-02-17,IT Solutions Group,947.61,Maintenance & Repair,IT,USA,Framework Agreement,2022.0
LC-2022-03874,2022-07-05,Seguridad Total Corp,536.26,IT & Technology,Sales,Panama,Spot Purchase,2022.0
LC-2023-03875,2023-04-01,TechSupplies Panama,14954.3,Office Supplies,Operations,Panama,Fixed Price,2023.0
LC-2023-03876,2023-12-25,Distribuidora Global S.A.,151793.94,IT & Technology,Sales,USA,Fixed Price,2023.0
LC-2023-03877,2023-09-16,Grupo Logístico del Istmo,113552.32,Maintenance & Repair,Logistics,Panama,Time & Materials,2023.0
LC-2023-03878,2023-09-03,Oficentro Internacional,48611.03,Logistics & Transport,Logistics,Colombia,Framework Agreement,2023.0
LC-2023-03879,2023-04-01,Grupo Logístico del Istmo,5771.92,Maintenance & Repair,Legal,Panama,Framework Agreement,2023.0
LC-2022-03880,2022-01-19,Distribuidora Global S.A.,28694.57,IT & Technology,IT,Panama,Time & Materials,2022.0
LC-2023-03881,,Publicidad Digital LATAM,7727.57,Marketing,Procurement,Panama,Framework Agreement,
LC-2022-03882,2022-02-09,MedEquip Latinoamerica,6395.21,Security,Sales,USA,Spot Purchase,2022.0
LC-2022-03883,2022-07-30,Energía Renovable S.A.,309.3,Catering & Food,HR,Panama,Fixed Price,2022.0
LC-2022-03884,2022-10-06,Grupo Logístico del Istmo,12476.7,Maintenance & Repair,Operations,USA,Time & Materials,2022.0
LC-2022-03885,2022-01-08,DataCenter Solutions,4464.37,Medical Supplies,Administration,USA,Time & Materials,2022.0
LC-2023-03886,2023-08-09,Uniforms & Workwear Co.,10986.65,Professional Services,Finance,Costa Rica,Time & Materials,2023.0
LC-2022-03887,2022-04-18,IT Solutions Group,182.33,Maintenance & Repair,Administration,Panama,Spot Purchase,2022.0
LC-2023-03888,2023-07-08,Energía Renovable S.A.,3853.8,Catering & Food,IT,Panama,Spot Purchase,2023.0
LC-2023-03889,2023-06-09,TechSupplies Panama,43116.39,Office Supplies,Sales,Costa Rica,Spot Purchase,2023.0
LC-2023-03890,2023-12-15,Seguridad Total Corp,17578.26,IT & Technology,Administration,Panama,Spot Purchase,2023.0
LC-2023-03891,2023-05-24,Distribuidora Global S.A.,83402.13,IT & Technology,Operations,USA,Time & Materials,2023.0
LC-2023-03892,2023-04-19,Catering Express Panama,11776.45,Logistics & Transport,Logistics,Panama,Framework Agreement,2023.0
LC-2023-03893,2023-04-08,Mantenimiento Integral,1480.43,Office Supplies,Logistics,Panama,Fixed Price,2023.0
LC-2022-03894,2022-10-19,Grupo Logístico del Istmo,3679.0,Maintenance & Repair,Legal,Colombia,Framework Agreement,2022.0
LC-2022-03895,2022-02-01,Grupo Logístico del Istmo,22659.55,Maintenance & Repair,Administration,Panama,Spot Purchase,2022.0
LC-2023-03896,2023-10-04,Cleaning Pro Services,22080.45,Catering & Food,Marketing,Panama,Framework Agreement,2023.0
LC-2023-03897,2023-01-08,Ferremax Industrial,193328.37,Professional Services,Administration,Costa Rica,Spot Purchase,2023.0
LC-2023-03898,2023-11-13,TechSupplies Panama,85191.67,Office Supplies,Procurement,Panama,Spot Purchase,2023.0
LC-2023-03899,2023-05-16,MedEquip Latinoamerica,9358.23,Security,IT,Panama,Fixed Price,2023.0
LC-2023-03900,2023-04-22,Ferremax Industrial,57272.03,Professional Services,Finance,Colombia,Spot Purchase,2023.0
LC-2023-03901,2023-10-20,DataCenter Solutions,2134.15,Medical Supplies,IT,Panama,Fixed Price,2023.0
LC-2022-03902,2022-07-22,Grupo Logístico del Istmo,31067.81,Maintenance & Repair,HR,Panama,Time & Materials,2022.0
LC-2022-03903,2022-05-14,TechSupplies Panama,269112.14,Office Supplies,IT,Panama,Framework Agreement,2022.0
LC-2023-03904,2023-12-01,Papelería y Más,1195.31,Uniforms & PPE,IT,Panama,Time & Materials,2023.0
LC-2023-03905,2023-10-01,TechSupplies Panama,252138.68,Office Supplies,Sales,Panama,Framework Agreement,2023.0
LC-2023-03906,2023-05-09,TechSupplies Panama,24675.5,Office Supplies,HR,Panama,Framework Agreement,2023.0
LC-2023-03907,2023-12-29,Oficentro Internacional,178174.47,Logistics & Transport,Operations,USA,Time & Materials,2023.0
LC-2022-03908,2022-02-11,Suministros Médicos del Sur,595.72,Uniforms & PPE,Operations,Panama,Fixed Price,2022.0
LC-2023-03909,2023-08-01,Grupo Logístico del Istmo,73356.4,Maintenance & Repair,Logistics,Panama,Framework Agreement,2023.0
LC-2023-03910,2023-11-10,Seguridad Total Corp,1627.57,IT & Technology,Finance,USA,Time & Materials,2023.0
LC-2022-03911,2022-01-31,Transportes Rápidos S.A.,588.22,Marketing,Operations,Panama,Framework Agreement,2022.0
LC-2023-03912,2023-11-03,TechSupplies Panama,47204.33,Office Supplies,HR,USA,Time & Materials,2023.0
LC-2022-03913,2022-09-12,Oficentro Internacional,121949.97,Logistics & Transport,Marketing,Colombia,Framework Agreement,2022.0
LC-2022-03914,2022-02-22,Oficentro Internacional,13174.92,Logistics & Transport,Sales,USA,Framework Agreement,2022.0
LC-2023-03915,2023-07-06,Grupo Logístico del Istmo,6010.0,Maintenance & Repair,Procurement,USA,Spot Purchase,2023.0
LC-2022-03916,2022-07-16,TechSupplies Panama,32525.71,Office Supplies,HR,USA,Spot Purchase,2022.0
LC-2023-03917,2023-12-12,Catering Express Panama,4310.66,Logistics & Transport,Operations,Panama,Time & Materials,2023.0
LC-2022-03918,2022-07-08,Papelería y Más,11186.68,Uniforms & PPE,HR,Panama,Fixed Price,2022.0
LC-2023-03919,2023-02-15,Ferremax Industrial,113494.93,Professional Services,Sales,Colombia,Fixed Price,2023.0
LC-2022-03920,2022-12-15,DataCenter Solutions,4495.7,Medical Supplies,Procurement,Panama,Fixed Price,2022.0
LC-2023-03921,2023-09-19,Cleaning Pro Services,79479.55,Catering & Food,IT,Panama,Framework Agreement,2023.0
LC-2022-03922,2022-03-17,TechSupplies Panama,47528.35,Office Supplies,Finance,Panama,Time & Materials,2022.0
LC-2023-03923,2023-09-03,Transportes Rápidos S.A.,2922.98,Marketing,IT,USA,Fixed Price,2023.0
LC-2022-03924,2022-08-18,Cleaning Pro Services,,Catering & Food,Finance,Panama,Framework Agreement,2022.0
LC-2022-03925,2022-05-29,Grupo Logístico del Istmo,26497.58,Maintenance & Repair,Operations,USA,Time & Materials,2022.0
LC-2022-03926,2022-11-20,Oficentro Internacional,24253.97,Logistics & Transport,Procurement,Mexico,Fixed Price,2022.0
LC-2022-03927,2022-03-05,MedEquip Latinoamerica,20753.23,Security,Procurement,Panama,Time & Materials,2022.0
LC-2023-03928,2023-03-08,MedEquip Latinoamerica,9835.22,Security,Operations,Panama,Time & Materials,2023.0
LC-2022-03929,2022-05-21,Oficentro Internacional,8819.82,Logistics & Transport,Legal,Panama,Framework Agreement,2022.0
LC-2023-03930,2023-10-25,Catering Express Panama,6363.8,Logistics & Transport,Legal,Colombia,Fixed Price,2023.0
LC-2023-03931,2023-01-06,TechSupplies Panama,81294.81,Office Supplies,Logistics,Panama,Time & Materials,2023.0
LC-2022-03932,2022-01-15,TechSupplies Panama,227211.74,Office Supplies,Procurement,USA,Framework Agreement,2022.0
LC-2023-03933,2023-04-15,Oficentro Internacional,105345.93,Logistics & Transport,Sales,USA,Spot Purchase,2023.0
LC-2022-03934,2022-06-06,TechSupplies Panama,90491.93,Office Supplies,Administration,USA,Spot Purchase,2022.0
LC-2023-03935,2023-02-15,Mantenimiento Integral,5378.31,Office Supplies,HR,USA,Time & Materials,2023.0
LC-2022-03936,2022-01-02,Grupo Logístico del Istmo,57871.16,Maintenance & Repair,Finance,Panama,Fixed Price,2022.0
LC-2023-03937,2023-02-01,MedEquip Latinoamerica,32024.53,Security,Legal,Panama,Framework Agreement,2023.0
LC-2023-03938,2023-01-23,Mantenimiento Integral,665.7,Office Supplies,Finance,Colombia,Spot Purchase,2023.0
LC-2023-03939,2023-08-20,Catering Express Panama,2909.8,Logistics & Transport,Finance,Panama,Spot Purchase,2023.0
LC-2022-03940,2022-09-01,Seguridad Total Corp,1542.48,IT & Technology,Logistics,Panama,Framework Agreement,2022.0
LC-2023-03941,2023-09-24,Catering Express Panama,8679.59,Logistics & Transport,Operations,Panama,Fixed Price,2023.0
LC-2023-03942,2023-12-10,Ferremax Industrial,158937.55,Professional Services,Finance,USA,Fixed Price,2023.0
LC-2022-03943,2022-02-10,IT Solutions Group,2007.29,Maintenance & Repair,Finance,Panama,Time & Materials,2022.0
LC-2022-03944,2022-08-20,Distribuidora Global S.A.,2062.42,IT & Technology,Logistics,Panama,Framework Agreement,2022.0
LC-2023-03945,2023-12-18,Papelería y Más,2648.29,Uniforms & PPE,Administration,Panama,Spot Purchase,2023.0
LC-2022-03946,,DataCenter Solutions,19345.41,Medical Supplies,Sales,Panama,Fixed Price,
LC-2023-03947,2023-07-23,Transportes Rápidos S.A.,11008.74,Marketing,Operations,Panama,Spot Purchase,2023.0
LC-2023-03948,2023-08-02,Grupo Logístico del Istmo,60707.56,Maintenance & Repair,HR,Panama,Framework Agreement,2023.0
LC-2022-03949,2022-03-25,TechSupplies Panama,,Office Supplies,Administration,Panama,Fixed Price,2022.0
LC-2022-03950,2022-10-03,Uniforms & Workwear Co.,721.59,Professional Services,Sales,USA,Spot Purchase,2022.0
LC-2023-03951,2023-09-06,IT Solutions Group,10646.02,Maintenance & Repair,Sales,Colombia,Time & Materials,2023.0
LC-2022-03952,2022-12-21,Ferremax Industrial,13344.53,Professional Services,Logistics,Panama,Time & Materials,2022.0
LC-2022-03953,2022-02-27,Seguridad Total Corp,130111.25,IT & Technology,Logistics,Colombia,Time & Materials,2022.0
LC-2022-03954,2022-02-10,Seguridad Total Corp,11565.26,IT & Technology,IT,Panama,Framework Agreement,2022.0
LC-2023-03955,2023-09-20,Distribuidora Global S.A.,18091.94,IT & Technology,IT,Panama,Spot Purchase,2023.0
LC-2023-03956,2023-01-24,Mantenimiento Integral,1964.36,Office Supplies,Legal,Costa Rica,Spot Purchase,2023.0
LC-2022-03957,2022-12-18,Seguridad Total Corp,4275.19,IT & Technology,Operations,USA,Framework Agreement,2022.0
LC-2023-03958,2023-09-23,Oficentro Internacional,27244.25,Logistics & Transport,Operations,Panama,Framework Agreement,2023.0
LC-2022-03959,2022-08-05,Oficentro Internacional,138718.3,Logistics & Transport,Administration,Panama,Fixed Price,2022.0
LC-2023-03960,2023-03-31,TechSupplies Panama,45419.62,Office Supplies,Operations,Colombia,Framework Agreement,2023.0
LC-2022-03961,2022-09-22,Cleaning Pro Services,1640.17,Catering & Food,Legal,Panama,Time & Materials,2022.0
LC-2022-03962,2022-04-30,Ferremax Industrial,350995.55,Professional Services,Administration,Panama,Fixed Price,2022.0
LC-2023-03963,2023-02-25,MedEquip Latinoamerica,5292.06,Security,Finance,USA,Framework Agreement,2023.0
LC-2022-03964,2022-06-19,DataCenter Solutions,15572.46,Medical Supplies,Sales,USA,Time & Materials,2022.0
LC-2023-03965,2023-12-13,Distribuidora Global S.A.,17503.01,IT & Technology,IT,Panama,Spot Purchase,2023.0
LC-2023-03966,2023-11-04,MedEquip Latinoamerica,8473.28,Security,Operations,Panama,Time & Materials,2023.0
LC-2022-03967,2022-01-09,Publicidad Digital LATAM,7837.42,Marketing,Procurement,Colombia,Time & Materials,2022.0
LC-2023-03968,2023-07-16,TechSupplies Panama,3760.93,Office Supplies,Administration,USA,Spot Purchase,2023.0
LC-2023-03969,2023-09-16,Distribuidora Global S.A.,407717.63,IT & Technology,Logistics,USA,Framework Agreement,2023.0
LC-2023-03970,2023-04-12,Distribuidora Global S.A.,170889.66,IT & Technology,HR,USA,Time & Materials,2023.0
LC-2022-03971,2022-09-26,TechSupplies Panama,22547.19,Office Supplies,Procurement,Panama,Fixed Price,2022.0
LC-2023-03972,2023-09-29,MedEquip Latinoamerica,940.67,Security,Logistics,Panama,Time & Materials,2023.0
LC-2023-03973,2023-08-27,Energía Renovable S.A.,8277.88,Catering & Food,Legal,USA,Spot Purchase,2023.0
LC-2023-03974,2023-04-08,Oficentro Internacional,40297.2,Logistics & Transport,Logistics,Panama,Framework Agreement,2023.0
LC-2023-03975,2023-03-02,Distribuidora Global S.A.,55648.07,IT & Technology,Administration,Panama,Time & Materials,2023.0
LC-2022-03976,2022-12-07,Consultoría Estratégica,6550.95,Medical Supplies,Legal,Panama,Spot Purchase,2022.0
LC-2022-03977,2022-04-24,TechSupplies Panama,66668.59,Office Supplies,Legal,Panama,Fixed Price,2022.0
LC-2023-03978,2023-03-09,Oficentro Internacional,206234.02,Logistics & Transport,Logistics,USA,Time & Materials,2023.0
LC-2023-03979,2023-07-22,FleetCars Panama,11523.63,Security,Finance,Panama,Spot Purchase,2023.0
LC-2023-03980,2023-11-05,FleetCars Panama,1017.92,Security,Operations,Panama,Fixed Price,2023.0
LC-2022-03981,2022-02-05,IT Solutions Group,37943.15,Maintenance & Repair,IT,Panama,Spot Purchase,2022.0
LC-2023-03982,2023-03-27,Oficentro Internacional,260078.16,Logistics & Transport,IT,Panama,Time & Materials,2023.0
LC-2023-03983,2023-10-13,DataCenter Solutions,500000.0,Medical Supplies,Procurement,Panama,Spot Purchase,2023.0
LC-2022-03984,2022-04-18,IT Solutions Group,911.2,Maintenance & Repair,Legal,Panama,Fixed Price,2022.0
LC-2023-03985,2023-07-07,Distribuidora Global S.A.,48603.87,IT & Technology,Marketing,Panama,Spot Purchase,2023.0
LC-2023-03986,2023-06-10,Distribuidora Global S.A.,2985.38,IT & Technology,Logistics,Panama,Framework Agreement,2023.0
LC-2022-03987,2022-06-19,Transportes Rápidos S.A.,11268.02,Marketing,Logistics,Panama,Fixed Price,2022.0
LC-2023-03988,2023-03-20,Oficentro Internacional,18810.3,Logistics & Transport,Finance,Panama,Spot Purchase,2023.0
LC-2022-03989,2022-06-29,Consultoría Estratégica,88006.74,Medical Supplies,Logistics,Panama,Framework Agreement,2022.0
LC-2022-03990,2022-12-03,Catering Express Panama,1537.75,Logistics & Transport,Logistics,Panama,Fixed Price,2022.0
LC-2022-03991,2022-04-04,Catering Express Panama,390.03,Logistics & Transport,HR,USA,Spot Purchase,2022.0
LC-2023-03992,2023-01-26,Papelería y Más,2423.83,Uniforms & PPE,Operations,Panama,Spot Purchase,2023.0
LC-2022-03993,2022-05-20,Ferremax Industrial,3392.81,Professional Services,Procurement,USA,Spot Purchase,2022.0
LC-2023-03994,2023-01-23,Oficentro Internacional,89439.65,Logistics & Transport,Procurement,Panama,Spot Purchase,2023.0
LC-2022-03995,2022-10-03,Ferremax Industrial,3046.96,Professional Services,Procurement,Panama,Time & Materials,2022.0
LC-2022-03996,2022-09-30,Grupo Logístico del Istmo,37577.06,Maintenance & Repair,Marketing,Panama,Time & Materials,2022.0
LC-2022-03997,2022-12-17,Papelería y Más,217.74,Uniforms & PPE,Sales,USA,Time & Materials,2022.0
LC-2022-03998,2022-02-27,Distribuidora Global S.A.,24726.79,IT & Technology,Procurement,USA,Fixed Price,2022.0
LC-2022-03999,2022-05-09,Transportes Rápidos S.A.,57818.68,Marketing,Procurement,Panama,Fixed Price,2022.0
LC-2023-04000,2023-04-04,Catering Express Panama,8441.98,Logistics & Transport,HR,USA,Framework Agreement,2023.0
LC-2022-04001,2022-12-06,Seguridad Total Corp,1345.82,IT & Technology,Operations,Mexico,Time & Materials,2022.0
LC-2023-04002,2023-04-15,Cleaning Pro Services,4690.03,Catering & Food,IT,USA,Spot Purchase,2023.0
LC-2023-04003,2023-01-04,Ferremax Industrial,37109.2,Professional Services,Marketing,USA,Fixed Price,2023.0
LC-2022-04004,2022-12-18,OFICENTRO INTERNACIONAL,64033.16,Logistics & Transport,Procurement,Panama,Spot Purchase,2022.0
LC-2023-04005,2023-05-27,Oficentro Internacional,7042.86,Logistics & Transport,Logistics,Costa Rica,Spot Purchase,2023.0
LC-2022-04006,2022-10-18,Cleaning Pro Services,11954.35,Catering & Food,Finance,Colombia,Time & Materials,2022.0
LC-2023-04007,2023-11-07,FleetCars Panama,85.06,Security,Procurement,Panama,Fixed Price,2023.0
LC-2022-04008,2022-06-13,Cleaning Pro Services,1910.6,Catering & Food,Sales,USA,Framework Agreement,2022.0
LC-2022-04009,2022-03-02,DataCenter Solutions,2362.77,Medical Supplies,Administration,Panama,Time & Materials,2022.0
LC-2023-04010,2023-12-12,IT Solutions Group,12708.04,Maintenance & Repair,IT,USA,Fixed Price,2023.0
LC-2022-04011,2022-09-11,Distribuidora Global S.A.,37315.24,IT & Technology,Legal,Panama,Time & Materials,2022.0
LC-2022-04012,2022-02-09,UNIFORMS & WORKWEAR CO.,596.84,Professional Services,Marketing,Mexico,Fixed Price,2022.0
LC-2022-04013,2022-07-22,Mantenimiento Integral,1121.6,Office Supplies,IT,Panama,Framework Agreement,2022.0
LC-2022-04014,2022-03-14,DataCenter Solutions,6621.12,Medical Supplies,Procurement,Panama,Spot Purchase,2022.0
LC-2023-04015,2023-12-15,Grupo Logístico del Istmo,33028.27,Maintenance & Repair,Administration,Panama,Spot Purchase,2023.0
LC-2023-04016,2023-09-19,Consultoría Estratégica,2061.76,Medical Supplies,Sales,USA,Framework Agreement,2023.0
LC-2022-04017,2022-05-18,Oficentro Internacional,20394.07,Logistics & Transport,IT,Colombia,Spot Purchase,2022.0
LC-2023-04018,2023-07-27,Oficentro Internacional,83734.1,Logistics & Transport,Sales,Panama,Fixed Price,2023.0
LC-2023-04019,2023-04-10,Oficentro Internacional,19511.69,Logistics & Transport,Sales,Panama,Fixed Price,2023.0
LC-2022-04020,2022-04-09,Ferremax Industrial,32672.55,Professional Services,Finance,Panama,Framework Agreement,2022.0
LC-2023-04021,2023-12-29,Distribuidora Global S.A.,490864.75,IT & Technology,Sales,USA,Framework Agreement,2023.0
LC-2023-04022,2023-09-30,Distribuidora Global S.A.,6578.62,IT & Technology,HR,USA,Spot Purchase,2023.0
LC-2022-04023,2022-02-28,Papelería y Más,305.59,Uniforms & PPE,Marketing,Panama,Framework Agreement,2022.0
LC-2022-04024,2022-10-20,TechSupplies Panama,,Office Supplies,Finance,Panama,Framework Agreement,2022.0
LC-2023-04025,2023-10-22,Suministros Médicos del Sur,1775.85,Uniforms & PPE,Legal,Panama,Framework Agreement,2023.0
LC-2023-04026,2023-01-06,Distribuidora Global S.A.,24788.0,IT & Technology,Finance,USA,Fixed Price,2023.0
LC-2023-04027,2023-12-26,Cleaning Pro Services,,Catering & Food,Administration,USA,Fixed Price,2023.0
LC-2022-04028,2022-06-07,FleetCars Panama,3328.58,Security,Finance,Panama,Time & Materials,2022.0
LC-2022-04029,2022-11-06,Uniforms & Workwear Co.,54057.69,Professional Services,Finance,Panama,Time & Materials,2022.0
LC-2022-04030,2022-07-26,Mantenimiento Integral,16369.79,Office Supplies,Sales,USA,Fixed Price,2022.0
LC-2022-04031,2022-03-31,Transportes Rápidos S.A.,17913.95,Marketing,Procurement,Panama,Spot Purchase,2022.0
LC-2022-04032,2022-06-19,Distribuidora Global S.A.,6637.74,IT & Technology,Finance,Panama,Fixed Price,2022.0
LC-2022-04033,2022-10-24,Ferremax Industrial,9123.56,Professional Services,IT,Panama,Fixed Price,2022.0
LC-2023-04034,2023-08-16,Cleaning Pro Services,69.5,Catering & Food,Administration,Panama,Fixed Price,2023.0
LC-2023-04035,2023-11-24,TechSupplies Panama,13749.3,Office Supplies,Finance,USA,Fixed Price,2023.0
LC-2023-04036,2023-02-06,Distribuidora Global S.A.,114467.23,IT & Technology,IT,Panama,Framework Agreement,2023.0
LC-2023-04037,2023-10-04,Distribuidora Global S.A.,67530.58,IT & Technology,HR,Panama,Spot Purchase,2023.0
LC-2022-04038,2022-01-12,Energía Renovable S.A.,3525.33,Catering & Food,Finance,USA,Fixed Price,2022.0
LC-2022-04039,2022-10-25,MedEquip Latinoamerica,4753.09,Security,Administration,Panama,Spot Purchase,2022.0
LC-2022-04040,2022-09-12,TechSupplies Panama,15888.29,Office Supplies,IT,Panama,Fixed Price,2022.0
LC-2023-04041,2023-06-16,Grupo Logístico del Istmo,46430.44,Maintenance & Repair,Procurement,Panama,Framework Agreement,2023.0
LC-2023-04042,2023-01-02,Transportes Rápidos S.A.,15503.44,Marketing,Procurement,Panama,Time & Materials,2023.0
LC-2022-04043,2022-05-01,Distribuidora Global S.A.,5223.57,IT & Technology,Legal,Costa Rica,Time & Materials,2022.0
LC-2022-04044,2022-04-06,Consultoría Estratégica,7703.82,Medical Supplies,Marketing,Costa Rica,Fixed Price,2022.0
LC-2022-04045,2022-02-01,Seguridad Total Corp,19903.53,IT & Technology,Sales,Mexico,Spot Purchase,2022.0
LC-2023-04046,2023-02-13,Grupo Logístico del Istmo,22067.91,Maintenance & Repair,IT,Panama,Spot Purchase,2023.0
LC-2023-04047,2023-02-11,Cleaning Pro Services,14059.46,Catering & Food,Legal,USA,Spot Purchase,2023.0
LC-2022-04048,2022-03-02,Suministros Médicos del Sur,,Uniforms & PPE,IT,Panama,Spot Purchase,2022.0
LC-2022-04049,2022-03-09,MedEquip Latinoamerica,4202.71,Security,Operations,Panama,Spot Purchase,2022.0
LC-2022-04050,2022-02-01,TechSupplies Panama,58219.08,Office Supplies,IT,Panama,Time & Materials,2022.0
LC-2023-04051,2023-10-01,Seguridad Total Corp,1624.43,IT & Technology,Logistics,Panama,Time & Materials,2023.0
LC-2022-04052,2022-07-10,Cleaning Pro Services,6450.27,Catering & Food,Operations,USA,Spot Purchase,2022.0
LC-2023-04053,2023-07-18,MedEquip Latinoamerica,9802.64,Security,HR,Colombia,Framework Agreement,2023.0
LC-2023-04054,2023-08-13,Suministros Médicos del Sur,6583.12,Uniforms & PPE,Finance,Panama,Fixed Price,2023.0
LC-2023-04055,2023-03-15,FleetCars Panama,1064.71,Security,Marketing,Panama,Time & Materials,2023.0
LC-2022-04056,2022-05-29,Transportes Rápidos S.A.,6697.86,Marketing,IT,Panama,Time & Materials,2022.0
LC-2023-04057,2023-01-08,Transportes Rápidos S.A.,44059.4,Marketing,Legal,Panama,Spot Purchase,2023.0
LC-2023-04058,2023-12-30,Oficentro Internacional,62215.72,Logistics & Transport,Legal,Costa Rica,Spot Purchase,2023.0
LC-2022-04059,2022-04-19,Distribuidora Global S.A.,115195.35,IT & Technology,Operations,Panama,Time & Materials,2022.0
LC-2022-04060,2022-09-24,Ferremax Industrial,27325.77,Professional Services,Legal,Panama,Fixed Price,2022.0
LC-2023-04061,2023-01-14,Distribuidora Global S.A.,89311.03,IT & Technology,Logistics,Panama,Fixed Price,2023.0
LC-2023-04062,2023-03-01,Transportes Rápidos S.A.,7471.88,Marketing,Legal,Panama,Fixed Price,2023.0
LC-2022-04063,2022-04-02,FleetCars Panama,1180.43,Security,IT,Panama,Fixed Price,2022.0
LC-2023-04064,2023-12-28,Distribuidora Global S.A.,53221.9,IT & Technology,Sales,Panama,Framework Agreement,2023.0
LC-2023-04065,2023-01-24,Oficentro Internacional,11047.55,Logistics & Transport,Legal,USA,Time & Materials,2023.0
LC-2022-04066,2022-04-02,Seguridad Total Corp,1902.03,IT & Technology,IT,USA,Spot Purchase,2022.0
LC-2022-04067,2022-10-15,IT Solutions Group,6528.89,Maintenance & Repair,Logistics,Colombia,Framework Agreement,2022.0
LC-2022-04068,2022-08-25,Grupo Logístico del Istmo,51880.23,Maintenance & Repair,Legal,Panama,Fixed Price,2022.0
LC-2022-04069,2022-06-03,Consultoría Estratégica,825.63,Medical Supplies,HR,Panama,Spot Purchase,2022.0
LC-2023-04070,2023-12-09,Cleaning Pro Services,23884.35,Catering & Food,Logistics,Colombia,Time & Materials,2023.0
LC-2023-04071,2023-07-02,Ferremax Industrial,72143.14,Professional Services,IT,Panama,Time & Materials,2023.0
LC-2022-04072,2022-09-22,Cleaning Pro Services,,Catering & Food,Procurement,Panama,Time & Materials,2022.0
LC-2022-04073,2022-03-13,Grupo Logístico del Istmo,5738.19,Maintenance & Repair,Sales,Panama,Fixed Price,2022.0
LC-2023-04074,2023-06-25,IT Solutions Group,3954.63,Maintenance & Repair,Operations,Panama,Framework Agreement,2023.0
LC-2022-04075,2022-01-16,Papelería y Más,2517.66,Uniforms & PPE,Procurement,Panama,Fixed Price,2022.0
LC-2022-04076,2022-11-09,Cleaning Pro Services,5823.81,Catering & Food,Administration,Panama,Fixed Price,2022.0
LC-2022-04077,2022-10-28,Oficentro Internacional,23488.35,Logistics & Transport,Legal,Panama,Framework Agreement,2022.0
LC-2023-04078,2023-05-02,Transportes Rápidos S.A.,241.97,Marketing,Sales,Panama,Time & Materials,2023.0
LC-2022-04079,2022-07-29,Distribuidora Global S.A.,22787.87,IT & Technology,Finance,Colombia,Spot Purchase,2022.0
LC-2022-04080,2022-08-28,Oficentro Internacional,25166.2,Logistics & Transport,Sales,USA,Time & Materials,2022.0
LC-2022-04081,2022-10-13,TechSupplies Panama,77683.12,Office Supplies,IT,Panama,Spot Purchase,2022.0
LC-2023-04082,2023-04-01,Distribuidora Global S.A.,,IT & Technology,Operations,Panama,Fixed Price,2023.0
LC-2023-04083,2023-04-05,Distribuidora Global S.A.,272231.91,IT & Technology,Administration,Panama,Framework Agreement,2023.0
LC-2023-04084,2023-07-27,Distribuidora Global S.A.,3662.98,IT & Technology,Logistics,Mexico,Framework Agreement,2023.0
LC-2022-04085,2022-06-03,TechSupplies Panama,175150.52,Office Supplies,IT,Panama,Framework Agreement,2022.0
LC-2023-04086,2023-11-22,TechSupplies Panama,27745.18,Office Supplies,IT,USA,Time & Materials,2023.0
LC-2023-04087,2023-11-07,Grupo Logístico del Istmo,101875.0,Maintenance & Repair,Procurement,USA,Fixed Price,2023.0
LC-2023-04088,2023-12-30,Oficentro Internacional,39965.1,Logistics & Transport,Logistics,Colombia,Spot Purchase,2023.0
LC-2022-04089,2022-02-08,MedEquip Latinoamerica,27155.46,Security,Finance,USA,Spot Purchase,2022.0
LC-2022-04090,2022-04-29,Distribuidora Global S.A.,22814.82,IT & Technology,Operations,USA,Fixed Price,2022.0
LC-2022-04091,2022-04-16,Grupo Logístico del Istmo,9717.23,Maintenance & Repair,Logistics,Panama,Fixed Price,2022.0
LC-2022-04092,2022-06-26,Seguridad Total Corp,41388.42,IT & Technology,Procurement,Panama,Framework Agreement,2022.0
LC-2023-04093,2023-12-29,TechSupplies Panama,31692.12,Office Supplies,Marketing,USA,Framework Agreement,2023.0
LC-2023-04094,2023-04-15,Ferremax Industrial,,Professional Services,Logistics,USA,Spot Purchase,2023.0
LC-2022-04095,2022-06-26,Distribuidora Global S.A.,159803.83,IT & Technology,HR,Panama,Time & Materials,2022.0
LC-2022-04096,2022-06-19,DataCenter Solutions,1045.31,Medical Supplies,Marketing,Panama,Time & Materials,2022.0
LC-2022-04097,2022-06-01,Cleaning Pro Services,12006.89,Catering & Food,Legal,Panama,Fixed Price,2022.0
LC-2023-04098,2023-04-16,TechSupplies Panama,17892.31,Office Supplies,IT,USA,Framework Agreement,2023.0
LC-2022-04099,2022-01-15,DataCenter Solutions,4030.9,Medical Supplies,HR,Panama,Fixed Price,2022.0
LC-2022-04100,2022-02-17,Catering Express Panama,5477.58,Logistics & Transport,Administration,Panama,Spot Purchase,2022.0
LC-2023-04101,2023-12-23,MedEquip Latinoamerica,517.84,Security,Marketing,Costa Rica,Spot Purchase,2023.0
LC-2023-04102,2023-08-08,TechSupplies Panama,14262.59,Office Supplies,Operations,USA,Fixed Price,2023.0
LC-2023-04103,2023-05-19,Ferremax Industrial,183741.93,Professional Services,Administration,Panama,Spot Purchase,2023.0
LC-2022-04104,2022-12-22,Energía Renovable S.A.,18569.71,Catering & Food,HR,USA,Spot Purchase,2022.0
LC-2023-04105,2023-03-29,IT Solutions Group,4474.01,Maintenance & Repair,Sales,Panama,Framework Agreement,2023.0
LC-2023-04106,2023-05-30,Oficentro Internacional,48617.95,Logistics & Transport,Administration,USA,Time & Materials,2023.0
LC-2022-04107,2022-07-18,Ferremax Industrial,25512.12,Professional Services,Sales,Panama,Fixed Price,2022.0
LC-2023-04108,2023-09-19,Distribuidora Global S.A.,184960.96,IT & Technology,Legal,Panama,Spot Purchase,2023.0
LC-2022-04109,2022-12-20,Catering Express Panama,3639.03,Logistics & Transport,Legal,Colombia,Framework Agreement,2022.0
LC-2023-04110,2023-04-18,TechSupplies Panama,47964.22,Office Supplies,Operations,USA,Fixed Price,2023.0
LC-2022-04111,2022-03-30,Distribuidora Global S.A.,143664.52,IT & Technology,Legal,Panama,Framework Agreement,2022.0
LC-2023-04112,2023-01-12,Oficentro Internacional,14287.7,Logistics & Transport,Legal,Costa Rica,Spot Purchase,2023.0
LC-2022-04113,2022-03-05,Ferremax Industrial,235754.67,Professional Services,Administration,USA,Fixed Price,2022.0
LC-2022-04114,2022-07-18,TechSupplies Panama,5787.45,Office Supplies,Legal,USA,Time & Materials,2022.0
LC-2023-04115,2023-12-15,Oficentro Internacional,256676.18,Logistics & Transport,HR,USA,Framework Agreement,2023.0
LC-2023-04116,2023-11-22,TechSupplies Panama,23220.47,Office Supplies,HR,Panama,Spot Purchase,2023.0
LC-2023-04117,2023-12-17,Distribuidora Global S.A.,27139.93,IT & Technology,IT,Panama,Spot Purchase,2023.0
LC-2022-04118,2022-09-15,Cleaning Pro Services,288.58,Catering & Food,HR,Colombia,Time & Materials,2022.0
LC-2022-04119,2022-07-21,Distribuidora Global S.A.,21041.38,IT & Technology,IT,Panama,Time & Materials,2022.0
LC-2023-04120,2023-01-11,Mantenimiento Integral,1033.07,Office Supplies,IT,USA,Framework Agreement,2023.0
LC-2022-04121,2022-10-03,Grupo Logístico del Istmo,17515.2,Maintenance & Repair,Procurement,USA,Fixed Price,2022.0
LC-2023-04122,2023-05-04,Mantenimiento Integral,3999.94,Office Supplies,Sales,Costa Rica,Fixed Price,2023.0
LC-2023-04123,2023-12-24,Distribuidora Global S.A.,114616.83,IT & Technology,Legal,Panama,Framework Agreement,2023.0
LC-2023-04124,2023-04-20,TechSupplies Panama,46589.2,Office Supplies,Sales,USA,Time & Materials,2023.0
LC-2022-04125,2022-07-22,Oficentro Internacional,52533.8,Logistics & Transport,HR,Colombia,Spot Purchase,2022.0
LC-2022-04126,2022-09-27,MedEquip Latinoamerica,950.25,Security,Sales,USA,Time & Materials,2022.0
LC-2023-04127,2023-09-10,TechSupplies Panama,12620.72,Office Supplies,Administration,Panama,Time & Materials,2023.0
LC-2022-04128,2022-03-24,FleetCars Panama,72990.72,Security,Marketing,Panama,Time & Materials,2022.0
LC-2022-04129,2022-12-20,Cleaning Pro Services,1631.41,Catering & Food,Sales,Costa Rica,Spot Purchase,2022.0
LC-2023-04130,2023-02-10,Papelería y Más,58942.19,Uniforms & PPE,HR,Panama,Fixed Price,2023.0
LC-2022-04131,2022-08-17,MedEquip Latinoamerica,3413.21,Security,Operations,Panama,Spot Purchase,2022.0
LC-2022-04132,2022-09-10,IT Solutions Group,4931.66,Maintenance & Repair,Administration,USA,Spot Purchase,2022.0
LC-2022-04133,2022-07-09,Distribuidora Global S.A.,131194.76,IT & Technology,Operations,Panama,Framework Agreement,2022.0
LC-2022-04134,2022-09-05,TechSupplies Panama,167087.17,Office Supplies,Sales,Panama,Spot Purchase,2022.0
LC-2023-04135,,Transportes Rápidos S.A.,4162.13,Marketing,Legal,Panama,Framework Agreement,
LC-2023-04136,2023-03-01,MedEquip Latinoamerica,2745.27,Security,Sales,Panama,Framework Agreement,2023.0
LC-2022-04137,2022-08-11,TechSupplies Panama,33958.53,Office Supplies,Procurement,Panama,Spot Purchase,2022.0
LC-2022-04138,2022-07-28,Distribuidora Global S.A.,54477.83,IT & Technology,HR,Costa Rica,Spot Purchase,2022.0
LC-2023-04139,2023-11-04,Publicidad Digital LATAM,18712.66,Marketing,Sales,Costa Rica,Spot Purchase,2023.0
LC-2022-04140,2022-10-02,TechSupplies Panama,36500.3,Office Supplies,IT,Panama,Spot Purchase,2022.0
LC-2022-04141,2022-02-04,DataCenter Solutions,12435.73,Medical Supplies,Operations,Panama,Fixed Price,2022.0
LC-2022-04142,2022-08-01,Grupo Logístico del Istmo,259375.39,Maintenance & Repair,Operations,Costa Rica,Spot Purchase,2022.0
LC-2023-04143,2023-11-12,Oficentro Internacional,57386.91,Logistics & Transport,Procurement,Mexico,Time & Materials,2023.0
LC-2022-04144,2022-03-01,Energía Renovable S.A.,7843.8,Catering & Food,Finance,USA,Spot Purchase,2022.0
LC-2023-04145,2023-12-26,TechSupplies Panama,5868.22,Office Supplies,Finance,Panama,Framework Agreement,2023.0
LC-2022-04146,2022-09-10,Distribuidora Global S.A.,1545.53,IT & Technology,Logistics,Panama,Spot Purchase,2022.0
LC-2023-04147,2023-12-07,Catering Express Panama,8800.5,Logistics & Transport,Logistics,USA,Time & Materials,2023.0
LC-2022-04148,2022-05-14,MedEquip Latinoamerica,4263.15,Security,Operations,Costa Rica,Framework Agreement,2022.0
LC-2023-04149,2023-03-30,Grupo Logístico del Istmo,19579.94,Maintenance & Repair,Sales,Panama,Time & Materials,2023.0
LC-2023-04150,2023-04-01,Ferremax Industrial,48641.69,Professional Services,Administration,USA,Time & Materials,2023.0
LC-2023-04151,2023-09-26,Cleaning Pro Services,4489.04,Catering & Food,Legal,USA,Framework Agreement,2023.0
LC-2023-04152,2023-06-08,Oficentro Internacional,140552.49,Logistics & Transport,HR,Panama,Fixed Price,2023.0
LC-2022-04153,2022-09-29,Grupo Logístico del Istmo,40268.83,Maintenance & Repair,Legal,USA,Time & Materials,2022.0
LC-2022-04154,2022-07-01,Grupo Logístico del Istmo,14819.39,Maintenance & Repair,Marketing,Panama,Framework Agreement,2022.0
LC-2022-04155,2022-03-07,Grupo Logístico del Istmo,,Maintenance & Repair,Operations,Panama,Spot Purchase,2022.0
LC-2023-04156,2023-01-26,IT Solutions Group,3548.58,Maintenance & Repair,Legal,USA,Framework Agreement,2023.0
LC-2023-04157,2023-03-28,Distribuidora Global S.A.,68312.23,IT & Technology,Procurement,Panama,Framework Agreement,2023.0
LC-2022-04158,2022-07-10,Distribuidora Global S.A.,20478.02,IT & Technology,Finance,Panama,Fixed Price,2022.0
LC-2023-04159,2023-12-17,Papelería y Más,1854.29,Uniforms & PPE,Administration,Colombia,Spot Purchase,2023.0
LC-2022-04160,2022-02-13,Transportes Rápidos S.A.,5576.14,Marketing,Finance,Colombia,Fixed Price,2022.0
LC-2022-04161,2022-05-15,Cleaning Pro Services,5010.26,Catering & Food,IT,Panama,Framework Agreement,2022.0
LC-2022-04162,2022-11-20,Grupo Logístico del Istmo,64588.55,Maintenance & Repair,Finance,Panama,Framework Agreement,2022.0
LC-2022-04163,2022-04-19,Cleaning Pro Services,3284.7,Catering & Food,Procurement,Panama,Fixed Price,2022.0
LC-2023-04164,2023-07-09,IT Solutions Group,312.77,Maintenance & Repair,Sales,Panama,Fixed Price,2023.0
LC-2023-04165,2023-09-15,Papelería y Más,2567.89,Uniforms & PPE,Finance,USA,Framework Agreement,2023.0
LC-2022-04166,2022-12-11,Grupo Logístico del Istmo,94144.13,Maintenance & Repair,Sales,Panama,Framework Agreement,2022.0
LC-2023-04167,2023-06-30,Mantenimiento Integral,3146.15,Office Supplies,IT,USA,Spot Purchase,2023.0
LC-2023-04168,2023-10-20,Ferremax Industrial,27020.2,Professional Services,Procurement,Panama,Fixed Price,2023.0
LC-2022-04169,2022-01-18,TechSupplies Panama,118616.61,Office Supplies,HR,Costa Rica,Framework Agreement,2022.0
LC-2022-04170,2022-08-01,Grupo Logístico del Istmo,15454.14,Maintenance & Repair,HR,USA,Time & Materials,2022.0
LC-2023-04171,2023-07-31,Cleaning Pro Services,485.8,Catering & Food,HR,Panama,Fixed Price,2023.0
LC-2023-04172,2023-11-24,Distribuidora Global S.A.,29948.74,IT & Technology,Operations,Panama,Spot Purchase,2023.0
LC-2023-04173,2023-04-05,MEDEQUIP LATINOAMERICA,2377.34,Security,Sales,Panama,Time & Materials,2023.0
LC-2022-04174,2022-02-03,Distribuidora Global S.A.,11390.15,IT & Technology,HR,Panama,Time & Materials,2022.0
LC-2022-04175,2022-11-22,Cleaning Pro Services,3777.93,Catering & Food,Sales,Panama,Spot Purchase,2022.0
LC-2023-04176,2023-07-10,MedEquip Latinoamerica,10272.84,Security,Operations,Colombia,Fixed Price,2023.0
LC-2022-04177,2022-07-20,IT Solutions Group,4846.77,Maintenance & Repair,IT,Colombia,Time & Materials,2022.0
LC-2022-04178,2022-03-02,Papelería y Más,7789.03,Uniforms & PPE,Procurement,USA,Time & Materials,2022.0
LC-2023-04179,2023-07-23,Oficentro Internacional,320004.15,Logistics & Transport,Sales,USA,Spot Purchase,2023.0
LC-2023-04180,2023-10-11,Catering Express Panama,2938.58,Logistics & Transport,Finance,Panama,Spot Purchase,2023.0
LC-2022-04181,2022-12-19,Distribuidora Global S.A.,50717.1,IT & Technology,Logistics,Panama,Fixed Price,2022.0
LC-2023-04182,2023-02-19,Catering Express Panama,2289.71,Logistics & Transport,Legal,Panama,Fixed Price,2023.0
LC-2023-04183,2023-02-21,Uniforms & Workwear Co.,1380.86,Professional Services,Operations,Panama,Framework Agreement,2023.0
LC-2022-04184,2022-02-09,Transportes Rápidos S.A.,2043.95,Marketing,Procurement,Panama,Framework Agreement,2022.0
LC-2023-04185,2023-08-03,Grupo Logístico del Istmo,20444.92,Maintenance & Repair,Sales,Panama,Framework Agreement,2023.0
LC-2023-04186,2023-02-28,Cleaning Pro Services,8427.15,Catering & Food,Sales,USA,Fixed Price,2023.0
LC-2023-04187,2023-12-02,Oficentro Internacional,500000.0,Logistics & Transport,Legal,USA,Time & Materials,2023.0
LC-2022-04188,2022-05-26,Cleaning Pro Services,1678.97,Catering & Food,Operations,USA,Framework Agreement,2022.0
LC-2023-04189,2023-04-11,DataCenter Solutions,2630.85,Medical Supplies,Operations,Panama,Framework Agreement,2023.0
LC-2023-04190,2023-04-11,Grupo Logístico del Istmo,33666.29,Maintenance & Repair,Sales,Panama,Framework Agreement,2023.0
LC-2022-04191,2022-04-09,Cleaning Pro Services,8899.04,Catering & Food,Sales,Panama,Fixed Price,2022.0
LC-2022-04192,2022-10-28,Distribuidora Global S.A.,49824.44,IT & Technology,Legal,Panama,Spot Purchase,2022.0
LC-2022-04193,2022-05-13,Cleaning Pro Services,33730.03,Catering & Food,Operations,Panama,Spot Purchase,2022.0
LC-2023-04194,2023-07-08,DISTRIBUIDORA GLOBAL S.A.,1975.01,IT & Technology,Legal,Panama,Time & Materials,2023.0
LC-2023-04195,2023-07-16,Cleaning Pro Services,136.95,Catering & Food,HR,Panama,Spot Purchase,2023.0
LC-2023-04196,2023-01-14,Grupo Logístico del Istmo,20029.19,Maintenance & Repair,Operations,Panama,Spot Purchase,2023.0
LC-2022-04197,2022-03-06,Mantenimiento Integral,25487.68,Office Supplies,Logistics,Panama,Time & Materials,2022.0
LC-2022-04198,2022-11-27,Distribuidora Global S.A.,5548.16,IT & Technology,Finance,Costa Rica,Time & Materials,2022.0
LC-2023-04199,2023-06-18,TechSupplies Panama,983.23,Office Supplies,Legal,Panama,Fixed Price,2023.0
LC-2022-04200,2022-07-04,Oficentro Internacional,72071.6,Logistics & Transport,Legal,Panama,Spot Purchase,2022.0
LC-2022-04201,2022-08-22,Seguridad Total Corp,7083.23,IT & Technology,Operations,Colombia,Framework Agreement,2022.0
LC-2022-04202,2022-01-18,Distribuidora Global S.A.,9815.81,IT & Technology,Logistics,Panama,Spot Purchase,2022.0
LC-2022-04203,,Oficentro Internacional,11129.48,Logistics & Transport,HR,Panama,Time & Materials,
LC-2022-04204,2022-09-22,Distribuidora Global S.A.,11342.45,IT & Technology,HR,USA,Framework Agreement,2022.0
LC-2023-04205,2023-07-06,Mantenimiento Integral,5801.1,Office Supplies,Finance,Panama,Fixed Price,2023.0
LC-2023-04206,2023-05-09,Transportes Rápidos S.A.,1920.86,Marketing,IT,Colombia,Spot Purchase,2023.0
LC-2023-04207,2023-03-14,Oficentro Internacional,65701.48,Logistics & Transport,HR,Panama,Fixed Price,2023.0
LC-2023-04208,2023-05-30,FERREMAX INDUSTRIAL,1181.39,Professional Services,Administration,Colombia,Fixed Price,2023.0
LC-2022-04209,2022-06-16,Transportes Rápidos S.A.,1359.3,Marketing,Legal,Panama,Framework Agreement,2022.0
LC-2023-04210,2023-01-06,Seguridad Total Corp,907.7,IT & Technology,Legal,Panama,Framework Agreement,2023.0
LC-2022-04211,2022-08-07,Consultoría Estratégica,3345.89,Medical Supplies,Sales,Panama,Spot Purchase,2022.0
LC-2023-04212,2023-10-04,MedEquip Latinoamerica,2192.79,Security,IT,Costa Rica,Spot Purchase,2023.0
LC-2022-04213,2022-04-30,Distribuidora Global S.A.,94599.98,IT & Technology,Sales,Panama,Framework Agreement,2022.0
LC-2022-04214,2022-12-06,MedEquip Latinoamerica,302.17,Security,HR,USA,Fixed Price,2022.0
LC-2022-04215,2022-06-12,TechSupplies Panama,,Office Supplies,Marketing,Panama,Spot Purchase,2022.0
LC-2023-04216,2023-06-30,Grupo Logístico del Istmo,70969.37,Maintenance & Repair,Legal,Costa Rica,Fixed Price,2023.0
LC-2023-04217,2023-11-13,Oficentro Internacional,337046.75,Logistics & Transport,Marketing,Panama,Fixed Price,2023.0
LC-2023-04218,2023-07-23,Distribuidora Global S.A.,20371.27,IT & Technology,IT,Costa Rica,Spot Purchase,2023.0
LC-2022-04219,2022-04-08,Papelería y Más,7995.93,Uniforms & PPE,HR,Panama,Time & Materials,2022.0
LC-2022-04220,2022-08-14,Transportes Rápidos S.A.,,Marketing,Finance,Panama,Framework Agreement,2022.0
LC-2022-04221,2022-05-26,Grupo Logístico del Istmo,2058.33,Maintenance & Repair,Logistics,Panama,Framework Agreement,2022.0
LC-2022-04222,2022-07-29,Oficentro Internacional,100080.41,Logistics & Transport,Procurement,Panama,Framework Agreement,2022.0
LC-2022-04223,2022-08-21,Ferremax Industrial,36074.0,Professional Services,Finance,Colombia,Framework Agreement,2022.0
LC-2023-04224,2023-09-23,Cleaning Pro Services,28789.59,Catering & Food,Procurement,Panama,Spot Purchase,2023.0
LC-2022-04225,2022-11-05,Papelería y Más,626.34,Uniforms & PPE,Logistics,Panama,Framework Agreement,2022.0
LC-2023-04226,2023-10-04,MedEquip Latinoamerica,10719.86,Security,Sales,USA,Spot Purchase,2023.0
LC-2022-04227,2022-02-24,Catering Express Panama,81082.85,Logistics & Transport,Procurement,USA,Spot Purchase,2022.0
LC-2023-04228,2023-05-27,Distribuidora Global S.A.,60092.89,IT & Technology,Sales,USA,Time & Materials,2023.0
LC-2022-04229,2022-10-23,FleetCars Panama,7441.83,Security,Marketing,Panama,Spot Purchase,2022.0
LC-2022-04230,2022-08-23,TechSupplies Panama,36690.29,Office Supplies,HR,Panama,Time & Materials,2022.0
LC-2023-04231,2023-04-07,Energía Renovable S.A.,465.76,Catering & Food,Procurement,Panama,Framework Agreement,2023.0
LC-2023-04232,2023-07-23,Energía Renovable S.A.,37547.4,Catering & Food,Marketing,Panama,Spot Purchase,2023.0
LC-2022-04233,2022-08-15,Ferremax Industrial,17447.83,Professional Services,Operations,Panama,Fixed Price,2022.0
LC-2023-04234,2023-11-20,Seguridad Total Corp,10474.77,IT & Technology,Legal,Panama,Fixed Price,2023.0
LC-2022-04235,2022-07-05,TechSupplies Panama,5565.59,Office Supplies,Marketing,Panama,Fixed Price,2022.0
LC-2023-04236,2023-07-05,Cleaning Pro Services,837.83,Catering & Food,IT,USA,Spot Purchase,2023.0
LC-2023-04237,2023-09-06,Ferremax Industrial,203232.29,Professional Services,Legal,Panama,Time & Materials,2023.0
LC-2023-04238,2023-08-07,Papelería y Más,2919.15,Uniforms & PPE,Sales,Colombia,Spot Purchase,2023.0
LC-2023-04239,2023-07-11,Grupo Logístico del Istmo,207716.73,Maintenance & Repair,Legal,Panama,Framework Agreement,2023.0
LC-2023-04240,2023-06-18,Oficentro Internacional,33061.45,Logistics & Transport,Logistics,Panama,Framework Agreement,2023.0
LC-2023-04241,2023-03-20,MedEquip Latinoamerica,310.18,Security,Finance,USA,Framework Agreement,2023.0
LC-2023-04242,2023-04-24,Distribuidora Global S.A.,105924.42,IT & Technology,Legal,Costa Rica,Time & Materials,2023.0
LC-2023-04243,2023-01-21,Distribuidora Global S.A.,17892.36,IT & Technology,Marketing,Costa Rica,Time & Materials,2023.0
LC-2023-04244,2023-01-06,Transportes Rápidos S.A.,14017.1,Marketing,Sales,USA,Framework Agreement,2023.0
LC-2022-04245,2022-03-17,Transportes Rápidos S.A.,5104.19,Marketing,Administration,Panama,Time & Materials,2022.0
LC-2022-04246,2022-07-18,FleetCars Panama,485.57,Security,IT,Mexico,Spot Purchase,2022.0
LC-2023-04247,2023-06-17,TechSupplies Panama,44229.79,Office Supplies,Legal,Panama,Spot Purchase,2023.0
LC-2022-04248,2022-08-02,Grupo Logístico del Istmo,500000.0,Maintenance & Repair,Marketing,Panama,Fixed Price,2022.0
LC-2022-04249,2022-08-14,Suministros Médicos del Sur,10295.68,Uniforms & PPE,Finance,USA,Framework Agreement,2022.0
LC-2023-04250,2023-03-19,MedEquip Latinoamerica,4508.52,Security,Marketing,Panama,Time & Materials,2023.0
LC-2023-04251,2023-02-20,Cleaning Pro Services,24661.91,Catering & Food,Operations,Colombia,Spot Purchase,2023.0
LC-2022-04252,2022-12-09,Distribuidora Global S.A.,46760.88,IT & Technology,IT,USA,Fixed Price,2022.0
LC-2023-04253,2023-05-27,TechSupplies Panama,46697.27,Office Supplies,IT,Panama,Framework Agreement,2023.0
LC-2023-04254,2023-06-22,Cleaning Pro Services,955.81,Catering & Food,Operations,Panama,Fixed Price,2023.0
LC-2022-04255,2022-11-16,Seguridad Total Corp,6979.78,IT & Technology,Logistics,Panama,Fixed Price,2022.0
LC-2022-04256,2022-08-18,Cleaning Pro Services,23229.19,Catering & Food,Finance,Panama,Spot Purchase,2022.0
LC-2023-04257,2023-11-14,Cleaning Pro Services,1402.35,Catering & Food,Administration,Panama,Spot Purchase,2023.0
LC-2022-04258,2022-07-05,Cleaning Pro Services,41636.97,Catering & Food,Legal,Panama,Fixed Price,2022.0
LC-2023-04259,2023-06-06,TechSupplies Panama,32531.13,Office Supplies,HR,Panama,Framework Agreement,2023.0
LC-2022-04260,2022-04-17,TechSupplies Panama,12514.92,Office Supplies,Logistics,Panama,Spot Purchase,2022.0
LC-2022-04261,,FleetCars Panama,21948.37,Security,Procurement,USA,Time & Materials,
LC-2023-04262,2023-04-23,Distribuidora Global S.A.,25741.17,IT & Technology,Sales,Panama,Fixed Price,2023.0
LC-2023-04263,2023-06-05,Papelería y Más,15356.17,Uniforms & PPE,Legal,Panama,Spot Purchase,2023.0
LC-2022-04264,2022-02-05,IT Solutions Group,3172.78,Maintenance & Repair,Marketing,Panama,Fixed Price,2022.0
LC-2023-04265,2023-05-06,Ferremax Industrial,33799.75,Professional Services,Sales,USA,Spot Purchase,2023.0
LC-2023-04266,2023-02-25,Oficentro Internacional,65661.78,Logistics & Transport,IT,Colombia,Time & Materials,2023.0
LC-2023-04267,2023-05-20,Grupo Logístico del Istmo,51486.58,Maintenance & Repair,HR,USA,Spot Purchase,2023.0
LC-2023-04268,2023-06-15,Grupo Logístico del Istmo,3312.18,Maintenance & Repair,Legal,Panama,Framework Agreement,2023.0
LC-2023-04269,2023-03-30,Oficentro Internacional,9456.97,Logistics & Transport,Administration,Colombia,Framework Agreement,2023.0
LC-2022-04270,2022-09-16,Mantenimiento Integral,19813.42,Office Supplies,IT,Panama,Spot Purchase,2022.0
LC-2022-04271,2022-09-05,Distribuidora Global S.A.,30990.5,IT & Technology,Operations,Mexico,Framework Agreement,2022.0
LC-2022-04272,2022-11-19,MedEquip Latinoamerica,2240.39,Security,Logistics,Colombia,Spot Purchase,2022.0
LC-2022-04273,2022-10-14,IT Solutions Group,640.43,Maintenance & Repair,IT,Panama,Framework Agreement,2022.0
LC-2023-04274,2023-06-29,Ferremax Industrial,9939.94,Professional Services,Operations,Panama,Time & Materials,2023.0
LC-2022-04275,2022-09-11,Grupo Logístico del Istmo,3209.41,Maintenance & Repair,IT,Panama,Fixed Price,2022.0
LC-2023-04276,2023-05-02,MedEquip Latinoamerica,4222.06,Security,Logistics,Mexico,Fixed Price,2023.0
LC-2023-04277,2023-01-31,IT Solutions Group,2002.88,Maintenance & Repair,Finance,Panama,Fixed Price,2023.0
LC-2022-04278,2022-05-25,Catering Express Panama,1152.99,Logistics & Transport,Sales,Panama,Fixed Price,2022.0
LC-2022-04279,2022-07-26,Ferremax Industrial,33464.88,Professional Services,Administration,Panama,Time & Materials,2022.0
LC-2023-04280,2023-03-19,DataCenter Solutions,8484.16,Medical Supplies,Logistics,Colombia,Spot Purchase,2023.0
LC-2022-04281,2022-09-28,Consultoría Estratégica,113527.11,Medical Supplies,Procurement,Panama,Spot Purchase,2022.0
LC-2022-04282,2022-02-24,Transportes Rápidos S.A.,508.86,Marketing,Administration,Panama,Fixed Price,2022.0
LC-2023-04283,2023-11-30,Grupo Logístico del Istmo,145984.72,Maintenance & Repair,Procurement,USA,Fixed Price,2023.0
LC-2023-04284,2023-05-03,Publicidad Digital LATAM,21155.44,Marketing,Logistics,USA,Spot Purchase,2023.0
LC-2022-04285,2022-09-27,Suministros Médicos del Sur,1527.46,Uniforms & PPE,Operations,Panama,Fixed Price,2022.0
LC-2023-04286,2023-06-25,DataCenter Solutions,6666.52,Medical Supplies,Logistics,Costa Rica,Spot Purchase,2023.0
LC-2023-04287,2023-02-24,Mantenimiento Integral,2473.9,Office Supplies,Sales,Colombia,Time & Materials,2023.0
LC-2023-04288,2023-03-20,Grupo Logístico del Istmo,45379.98,Maintenance & Repair,Marketing,USA,Framework Agreement,2023.0
LC-2022-04289,2022-06-13,Catering Express Panama,47273.09,Logistics & Transport,Marketing,Colombia,Fixed Price,2022.0
LC-2022-04290,2022-05-11,FleetCars Panama,12190.46,Security,IT,USA,Fixed Price,2022.0
LC-2023-04291,2023-12-18,DataCenter Solutions,10539.79,Medical Supplies,Marketing,Panama,Fixed Price,2023.0
LC-2022-04292,2022-12-09,Ferremax Industrial,21668.8,Professional Services,Marketing,Panama,Fixed Price,2022.0
LC-2023-04293,2023-10-06,Ferremax Industrial,6118.87,Professional Services,Finance,Mexico,Fixed Price,2023.0
LC-2022-04294,2022-02-11,Distribuidora Global S.A.,28277.96,IT & Technology,Operations,Panama,Framework Agreement,2022.0
LC-2023-04295,2023-06-09,Seguridad Total Corp,30028.8,IT & Technology,Logistics,Panama,Framework Agreement,2023.0
LC-2023-04296,2023-03-20,MedEquip Latinoamerica,497.33,Security,Sales,Panama,Time & Materials,2023.0
LC-2023-04297,,Transportes Rápidos S.A.,1009.66,Marketing,Logistics,Panama,Time & Materials,
LC-2023-04298,2023-11-11,Distribuidora Global S.A.,42256.83,IT & Technology,Procurement,USA,Time & Materials,2023.0
LC-2023-04299,2023-06-16,Papelería y Más,1122.17,Uniforms & PPE,Finance,Panama,Spot Purchase,2023.0
LC-2023-04300,2023-08-25,Consultoría Estratégica,1496.99,Medical Supplies,Logistics,Panama,Framework Agreement,2023.0
LC-2023-04301,2023-03-23,Cleaning Pro Services,,Catering & Food,Procurement,Colombia,Framework Agreement,2023.0
LC-2022-04302,2022-05-08,Grupo Logístico del Istmo,7053.36,Maintenance & Repair,Administration,Mexico,Fixed Price,2022.0
LC-2023-04303,2023-01-26,DataCenter Solutions,1140.04,Medical Supplies,HR,USA,Spot Purchase,2023.0
LC-2022-04304,2022-12-28,UNIFORMS & WORKWEAR CO.,14117.1,Professional Services,IT,Panama,Spot Purchase,2022.0
LC-2022-04305,2022-10-09,Ferremax Industrial,7564.01,Professional Services,Administration,Panama,Framework Agreement,2022.0
LC-2022-04306,2022-05-01,Transportes Rápidos S.A.,447.28,Marketing,IT,Panama,Fixed Price,2022.0
LC-2022-04307,2022-01-23,TechSupplies Panama,17051.1,Office Supplies,Marketing,Panama,Fixed Price,2022.0
LC-2023-04308,2023-06-14,MedEquip Latinoamerica,14734.3,Security,Operations,Mexico,Spot Purchase,2023.0
LC-2022-04309,2022-02-27,IT Solutions Group,3657.8,Maintenance & Repair,Operations,USA,Time & Materials,2022.0
LC-2023-04310,2023-03-31,Transportes Rápidos S.A.,2448.25,Marketing,IT,USA,Framework Agreement,2023.0
LC-2022-04311,2022-10-05,TechSupplies Panama,38300.97,Office Supplies,Marketing,Costa Rica,Time & Materials,2022.0
LC-2023-04312,2023-07-03,TechSupplies Panama,4470.03,Office Supplies,Finance,Panama,Fixed Price,2023.0
LC-2022-04313,2022-05-15,Seguridad Total Corp,10322.26,IT & Technology,HR,Panama,Framework Agreement,2022.0
LC-2023-04314,2023-12-04,Oficentro Internacional,57533.46,Logistics & Transport,Sales,Panama,Spot Purchase,2023.0
LC-2022-04315,2022-09-07,Papelería y Más,2659.88,Uniforms & PPE,Sales,Panama,Fixed Price,2022.0
LC-2022-04316,2022-09-26,Papelería y Más,22223.08,Uniforms & PPE,Administration,Panama,Framework Agreement,2022.0
LC-2023-04317,2023-06-09,Mantenimiento Integral,905.74,Office Supplies,Operations,Costa Rica,Framework Agreement,2023.0
LC-2023-04318,2023-06-07,Transportes Rápidos S.A.,26685.18,Marketing,Sales,Costa Rica,Fixed Price,2023.0
LC-2022-04319,2022-01-28,Transportes Rápidos S.A.,6196.5,Marketing,Operations,Panama,Framework Agreement,2022.0
LC-2023-04320,2023-01-13,Grupo Logístico del Istmo,24249.15,Maintenance & Repair,Sales,USA,Time & Materials,2023.0
LC-2023-04321,2023-04-03,Distribuidora Global S.A.,35459.68,IT & Technology,HR,Colombia,Time & Materials,2023.0
LC-2023-04322,2023-01-17,Catering Express Panama,4184.33,Logistics & Transport,Procurement,USA,Framework Agreement,2023.0
LC-2022-04323,2022-06-01,Transportes Rápidos S.A.,30651.12,Marketing,HR,Panama,Spot Purchase,2022.0
LC-2022-04324,2022-01-18,TechSupplies Panama,9976.47,Office Supplies,Administration,USA,Fixed Price,2022.0
LC-2023-04325,2023-08-06,Uniforms & Workwear Co.,1565.91,Professional Services,Administration,Panama,Framework Agreement,2023.0
LC-2022-04326,2022-05-16,FleetCars Panama,23259.16,Security,Finance,Panama,Spot Purchase,2022.0
LC-2022-04327,2022-12-04,DataCenter Solutions,2011.62,Medical Supplies,Procurement,Panama,Time & Materials,2022.0
LC-2022-04328,2022-09-27,Energía Renovable S.A.,18973.52,Catering & Food,Procurement,Panama,Spot Purchase,2022.0
LC-2023-04329,2023-05-18,Distribuidora Global S.A.,279099.37,IT & Technology,HR,Mexico,Time & Materials,2023.0
LC-2023-04330,2023-12-12,Mantenimiento Integral,2690.03,Office Supplies,Logistics,Panama,Fixed Price,2023.0
LC-2022-04331,2022-10-17,Energía Renovable S.A.,13657.49,Catering & Food,Operations,Panama,Framework Agreement,2022.0
LC-2023-04332,2023-01-08,Oficentro Internacional,9095.81,Logistics & Transport,Sales,USA,Framework Agreement,2023.0
LC-2022-04333,2022-07-28,Grupo Logístico del Istmo,89830.51,Maintenance & Repair,Marketing,Colombia,Time & Materials,2022.0
LC-2023-04334,2023-07-28,Transportes Rápidos S.A.,6628.51,Marketing,Legal,Panama,Fixed Price,2023.0
LC-2023-04335,2023-05-30,Oficentro Internacional,64064.52,Logistics & Transport,Administration,Panama,Fixed Price,2023.0
LC-2023-04336,2023-11-28,Distribuidora Global S.A.,16735.94,IT & Technology,Finance,Panama,Framework Agreement,2023.0
LC-2022-04337,2022-08-17,Cleaning Pro Services,406.82,Catering & Food,Administration,Panama,Time & Materials,2022.0
LC-2022-04338,2022-02-06,Energía Renovable S.A.,10455.44,Catering & Food,IT,Panama,Spot Purchase,2022.0
LC-2022-04339,2022-04-01,Suministros Médicos del Sur,222.49,Uniforms & PPE,Marketing,Panama,Fixed Price,2022.0
LC-2023-04340,2023-01-14,TechSupplies Panama,24814.4,Office Supplies,Finance,Panama,Fixed Price,2023.0
LC-2023-04341,2023-12-04,Oficentro Internacional,112354.94,Logistics & Transport,Operations,USA,Time & Materials,2023.0
LC-2022-04342,2022-07-09,Cleaning Pro Services,6554.1,Catering & Food,IT,USA,Fixed Price,2022.0
LC-2023-04343,2023-11-02,MedEquip Latinoamerica,91355.52,Security,Procurement,USA,Time & Materials,2023.0
LC-2023-04344,2023-06-17,TechSupplies Panama,124259.95,Office Supplies,Logistics,Panama,Spot Purchase,2023.0
LC-2022-04345,2022-05-19,Grupo Logístico del Istmo,16569.55,Maintenance & Repair,IT,Costa Rica,Framework Agreement,2022.0
LC-2023-04346,2023-02-19,Transportes Rápidos S.A.,5120.31,Marketing,HR,Panama,Time & Materials,2023.0
LC-2022-04347,2022-09-21,Mantenimiento Integral,4577.66,Office Supplies,Logistics,Panama,Fixed Price,2022.0
LC-2023-04348,2023-02-21,Seguridad Total Corp,457.94,IT & Technology,Procurement,USA,Spot Purchase,2023.0
LC-2022-04349,2022-11-06,MedEquip Latinoamerica,1199.19,Security,Marketing,USA,Spot Purchase,2022.0
LC-2023-04350,2023-01-29,MedEquip Latinoamerica,2119.34,Security,Finance,Panama,Framework Agreement,2023.0
LC-2022-04351,2022-12-01,Cleaning Pro Services,231.75,Catering & Food,Sales,Panama,Fixed Price,2022.0
LC-2022-04352,2022-06-06,TechSupplies Panama,38445.32,Office Supplies,Administration,Panama,Fixed Price,2022.0
LC-2022-04353,2022-10-02,Distribuidora Global S.A.,26933.17,IT & Technology,Marketing,USA,Spot Purchase,2022.0
LC-2023-04354,2023-11-09,DataCenter Solutions,399.68,Medical Supplies,Marketing,Panama,Fixed Price,2023.0
LC-2022-04355,2022-09-30,Seguridad Total Corp,9012.06,IT & Technology,HR,Panama,Time & Materials,2022.0
LC-2023-04356,2023-05-13,Distribuidora Global S.A.,85737.65,IT & Technology,Procurement,Panama,Time & Materials,2023.0
LC-2023-04357,2023-05-19,Grupo Logístico del Istmo,47688.3,Maintenance & Repair,Finance,Panama,Spot Purchase,2023.0
LC-2022-04358,2022-02-22,Publicidad Digital LATAM,3022.68,Marketing,Procurement,USA,Time & Materials,2022.0
LC-2023-04359,2023-11-10,Grupo Logístico del Istmo,73845.52,Maintenance & Repair,Sales,Colombia,Spot Purchase,2023.0
LC-2023-04360,2023-07-30,Publicidad Digital LATAM,13634.12,Marketing,Procurement,USA,Spot Purchase,2023.0
LC-2023-04361,2023-10-30,Distribuidora Global S.A.,52516.58,IT & Technology,HR,Panama,Spot Purchase,2023.0
LC-2023-04362,2023-04-24,Oficentro Internacional,13500.27,Logistics & Transport,Legal,Panama,Time & Materials,2023.0
LC-2022-04363,2022-07-01,Grupo Logístico del Istmo,50610.83,Maintenance & Repair,IT,Panama,Framework Agreement,2022.0
LC-2023-04364,2023-04-12,Transportes Rápidos S.A.,29531.74,Marketing,Legal,Panama,Framework Agreement,2023.0
LC-2023-04365,2023-08-09,TechSupplies Panama,17748.3,Office Supplies,Finance,Colombia,Fixed Price,2023.0
LC-2023-04366,2023-10-05,Distribuidora Global S.A.,450236.02,IT & Technology,Sales,Panama,Framework Agreement,2023.0
LC-2023-04367,2023-10-03,MedEquip Latinoamerica,2234.01,Security,Operations,USA,Fixed Price,2023.0
LC-2023-04368,2023-03-10,TechSupplies Panama,37755.57,Office Supplies,Administration,USA,Spot Purchase,2023.0
LC-2022-04369,2022-10-13,Ferremax Industrial,16204.06,Professional Services,Administration,Colombia,Fixed Price,2022.0
LC-2023-04370,2023-05-18,Grupo Logístico del Istmo,47473.41,Maintenance & Repair,Marketing,USA,Fixed Price,2023.0
LC-2023-04371,2023-11-02,Distribuidora Global S.A.,4488.77,IT & Technology,Logistics,Panama,Spot Purchase,2023.0
LC-2022-04372,2022-12-08,Seguridad Total Corp,2166.65,IT & Technology,Sales,USA,Fixed Price,2022.0
LC-2022-04373,2022-04-26,Grupo Logístico del Istmo,9793.31,Maintenance & Repair,Administration,Panama,Fixed Price,2022.0
LC-2022-04374,2022-01-07,Ferremax Industrial,42719.3,Professional Services,IT,Panama,Framework Agreement,2022.0
LC-2023-04375,2023-03-15,Transportes Rápidos S.A.,21843.77,Marketing,Finance,Panama,Fixed Price,2023.0
LC-2023-04376,2023-07-17,Uniforms & Workwear Co.,12952.05,Professional Services,HR,Panama,Spot Purchase,2023.0
LC-2023-04377,2023-04-03,TechSupplies Panama,2109.08,Office Supplies,Procurement,Panama,Framework Agreement,2023.0
LC-2022-04378,2022-10-16,TechSupplies Panama,421040.2,Office Supplies,Administration,Panama,Spot Purchase,2022.0
LC-2022-04379,2022-08-15,Grupo Logístico del Istmo,51758.08,Maintenance & Repair,Legal,Panama,Time & Materials,2022.0
LC-2022-04380,2022-05-30,Grupo Logístico del Istmo,14302.66,Maintenance & Repair,Marketing,Panama,Spot Purchase,2022.0
LC-2023-04381,2023-02-19,Grupo Logístico del Istmo,43851.03,Maintenance & Repair,HR,Panama,Time & Materials,2023.0
LC-2022-04382,2022-01-08,Ferremax Industrial,44865.65,Professional Services,Sales,Panama,Fixed Price,2022.0
LC-2022-04383,2022-02-12,CATERING EXPRESS PANAMA,1807.55,Logistics & Transport,Legal,USA,Spot Purchase,2022.0
LC-2023-04384,2023-12-16,Distribuidora Global S.A.,46050.78,IT & Technology,Finance,Panama,Fixed Price,2023.0
LC-2023-04385,2023-01-09,Transportes Rápidos S.A.,1975.92,Marketing,IT,Panama,Time & Materials,2023.0
LC-2022-04386,2022-10-07,Seguridad Total Corp,2679.69,IT & Technology,IT,Panama,Framework Agreement,2022.0
LC-2022-04387,2022-02-27,Publicidad Digital LATAM,1755.63,Marketing,Legal,Panama,Spot Purchase,2022.0
LC-2022-04388,2022-06-01,IT Solutions Group,573.06,Maintenance & Repair,Marketing,Panama,Fixed Price,2022.0
LC-2022-04389,2022-04-24,Papelería y Más,6116.56,Uniforms & PPE,Sales,Colombia,Framework Agreement,2022.0
LC-2023-04390,2023-07-12,Distribuidora Global S.A.,73303.18,IT & Technology,Finance,Panama,Framework Agreement,2023.0
LC-2023-04391,2023-01-09,Cleaning Pro Services,10639.46,Catering & Food,IT,Panama,Spot Purchase,2023.0
LC-2023-04392,2023-12-27,Seguridad Total Corp,16812.67,IT & Technology,Operations,Panama,Spot Purchase,2023.0
LC-2022-04393,2022-05-03,Transportes Rápidos S.A.,7994.51,Marketing,Operations,Panama,Framework Agreement,2022.0
LC-2022-04394,2022-04-09,ENERGÍA RENOVABLE S.A.,2210.36,Catering & Food,Operations,Colombia,Time & Materials,2022.0
LC-2022-04395,2022-12-16,Oficentro Internacional,99468.53,Logistics & Transport,Operations,Panama,Time & Materials,2022.0
LC-2022-04396,2022-04-05,Uniforms & Workwear Co.,641.45,Professional Services,IT,Panama,Spot Purchase,2022.0
LC-2023-04397,2023-09-12,Grupo Logístico del Istmo,12322.65,Maintenance & Repair,Finance,Panama,Spot Purchase,2023.0
LC-2022-04398,2022-02-01,Ferremax Industrial,11418.16,Professional Services,IT,Colombia,Time & Materials,2022.0
LC-2023-04399,2023-01-23,Grupo Logístico del Istmo,132729.34,Maintenance & Repair,Sales,USA,Fixed Price,2023.0
LC-2023-04400,2023-01-20,DataCenter Solutions,20215.05,Medical Supplies,Procurement,USA,Time & Materials,2023.0
LC-2022-04401,2022-02-14,Transportes Rápidos S.A.,10208.31,Marketing,Logistics,Costa Rica,Framework Agreement,2022.0
LC-2023-04402,2023-08-08,Oficentro Internacional,131441.33,Logistics & Transport,Sales,Panama,Framework Agreement,2023.0
LC-2023-04403,,DataCenter Solutions,1314.32,Medical Supplies,Legal,Panama,Fixed Price,
LC-2023-04404,2023-10-31,MedEquip Latinoamerica,8290.72,Security,Sales,Panama,Time & Materials,2023.0
LC-2022-04405,2022-05-12,DataCenter Solutions,4073.42,Medical Supplies,HR,Panama,Fixed Price,2022.0
LC-2023-04406,2023-06-09,SEGURIDAD TOTAL CORP,17506.42,IT & Technology,Finance,Panama,Spot Purchase,2023.0
LC-2023-04407,2023-08-25,Suministros Médicos del Sur,4134.67,Uniforms & PPE,IT,Panama,Fixed Price,2023.0
LC-2022-04408,2022-02-20,Distribuidora Global S.A.,22881.15,IT & Technology,Marketing,Panama,Spot Purchase,2022.0
LC-2022-04409,2022-12-19,Transportes Rápidos S.A.,11063.01,Marketing,HR,USA,Fixed Price,2022.0
LC-2022-04410,2022-02-20,MedEquip Latinoamerica,18292.63,Security,Procurement,USA,Spot Purchase,2022.0
LC-2022-04411,2022-04-18,Transportes Rápidos S.A.,1803.5,Marketing,Marketing,Panama,Fixed Price,2022.0
LC-2022-04412,2022-01-29,Papelería y Más,4484.52,Uniforms & PPE,Legal,Panama,Spot Purchase,2022.0
LC-2023-04413,2023-08-31,Consultoría Estratégica,1004.59,Medical Supplies,Sales,Panama,Fixed Price,2023.0
LC-2023-04414,2023-02-15,Mantenimiento Integral,115.92,Office Supplies,Finance,Panama,Framework Agreement,2023.0
LC-2022-04415,2022-12-27,Energía Renovable S.A.,6638.82,Catering & Food,Procurement,Panama,Time & Materials,2022.0
LC-2023-04416,2023-10-17,Ferremax Industrial,75409.34,Professional Services,Logistics,Costa Rica,Spot Purchase,2023.0
LC-2022-04417,2022-09-26,Distribuidora Global S.A.,49735.79,IT & Technology,Finance,USA,Spot Purchase,2022.0
LC-2023-04418,2023-11-02,Ferremax Industrial,3500.03,Professional Services,IT,Panama,Framework Agreement,2023.0
LC-2022-04419,2022-05-08,Grupo Logístico del Istmo,23836.68,Maintenance & Repair,Administration,USA,Spot Purchase,2022.0
LC-2022-04420,2022-09-18,Distribuidora Global S.A.,2535.09,IT & Technology,IT,Panama,Spot Purchase,2022.0
LC-2023-04421,2023-08-06,Mantenimiento Integral,38351.61,Office Supplies,Finance,USA,Fixed Price,2023.0
LC-2022-04422,2022-09-09,Grupo Logístico del Istmo,9864.86,Maintenance & Repair,Operations,Panama,Fixed Price,2022.0
LC-2023-04423,2023-06-12,Oficentro Internacional,163813.58,Logistics & Transport,Legal,USA,Time & Materials,2023.0
LC-2023-04424,2023-03-10,TechSupplies Panama,112988.75,Office Supplies,Sales,Panama,Time & Materials,2023.0
LC-2023-04425,2023-05-07,Oficentro Internacional,12323.85,Logistics & Transport,Marketing,USA,Framework Agreement,2023.0
LC-2023-04426,2023-01-13,Grupo Logístico del Istmo,9326.9,Maintenance & Repair,Administration,Panama,Framework Agreement,2023.0
LC-2022-04427,2022-03-26,Mantenimiento Integral,8312.83,Office Supplies,HR,USA,Time & Materials,2022.0
LC-2023-04428,2023-12-04,Uniforms & Workwear Co.,1385.08,Professional Services,Operations,Panama,Framework Agreement,2023.0
LC-2023-04429,2023-05-09,Seguridad Total Corp,5731.47,IT & Technology,Operations,Panama,Framework Agreement,2023.0
LC-2022-04430,2022-07-28,Catering Express Panama,2382.15,Logistics & Transport,Finance,Panama,Framework Agreement,2022.0
LC-2022-04431,2022-09-11,Oficentro Internacional,4283.86,Logistics & Transport,Sales,Panama,Framework Agreement,2022.0
LC-2023-04432,2023-04-16,Oficentro Internacional,2498.48,Logistics & Transport,Sales,Panama,Time & Materials,2023.0
LC-2023-04433,2023-04-07,Papelería y Más,6905.17,Uniforms & PPE,IT,Panama,Framework Agreement,2023.0
LC-2023-04434,2023-02-21,Cleaning Pro Services,2116.81,Catering & Food,IT,Panama,Fixed Price,2023.0
LC-2022-04435,2022-11-29,Publicidad Digital LATAM,,Marketing,Marketing,USA,Framework Agreement,2022.0
LC-2022-04436,2022-09-30,Seguridad Total Corp,13957.83,IT & Technology,Administration,Colombia,Framework Agreement,2022.0
LC-2022-04437,2022-09-24,Distribuidora Global S.A.,148468.89,IT & Technology,HR,USA,Spot Purchase,2022.0
LC-2023-04438,2023-06-02,TechSupplies Panama,26185.11,Office Supplies,Operations,Panama,Fixed Price,2023.0
LC-2022-04439,2022-08-08,Uniforms & Workwear Co.,2948.65,Professional Services,Administration,Colombia,Fixed Price,2022.0
LC-2022-04440,2022-08-04,Cleaning Pro Services,10406.8,Catering & Food,Sales,Panama,Framework Agreement,2022.0
LC-2022-04441,2022-02-08,Distribuidora Global S.A.,7127.23,IT & Technology,Finance,Panama,Spot Purchase,2022.0
LC-2023-04442,2023-12-05,Distribuidora Global S.A.,47466.7,IT & Technology,Finance,Panama,Framework Agreement,2023.0
LC-2022-04443,2022-06-16,Oficentro Internacional,,Logistics & Transport,Sales,Panama,Spot Purchase,2022.0
LC-2022-04444,,TechSupplies Panama,82147.87,Office Supplies,Logistics,Panama,Time & Materials,
LC-2022-04445,2022-09-10,Catering Express Panama,269.04,Logistics & Transport,Finance,Costa Rica,Spot Purchase,2022.0
LC-2023-04446,2023-04-29,FleetCars Panama,1568.64,Security,Administration,Panama,Framework Agreement,2023.0
LC-2022-04447,2022-02-22,Distribuidora Global S.A.,12658.5,IT & Technology,IT,USA,Fixed Price,2022.0
LC-2022-04448,2022-09-23,Grupo Logístico del Istmo,40940.06,Maintenance & Repair,Sales,Panama,Fixed Price,2022.0
LC-2023-04449,2023-10-11,Distribuidora Global S.A.,64659.71,IT & Technology,HR,Panama,Framework Agreement,2023.0
LC-2022-04450,2022-09-17,MedEquip Latinoamerica,46400.5,Security,Administration,Panama,Spot Purchase,2022.0
LC-2022-04451,2022-08-12,FleetCars Panama,2339.17,Security,Logistics,Panama,Time & Materials,2022.0
LC-2023-04452,2023-09-04,Mantenimiento Integral,2330.04,Office Supplies,HR,USA,Framework Agreement,2023.0
LC-2023-04453,2023-03-26,Transportes Rápidos S.A.,27570.68,Marketing,Sales,USA,Fixed Price,2023.0
LC-2023-04454,2023-12-22,Ferremax Industrial,51838.7,Professional Services,HR,USA,Fixed Price,2023.0
LC-2023-04455,2023-10-21,TechSupplies Panama,166239.0,Office Supplies,Finance,USA,Fixed Price,2023.0
LC-2022-04456,2022-10-25,CLEANING PRO SERVICES,7578.66,Catering & Food,Administration,Panama,Fixed Price,2022.0
LC-2023-04457,2023-08-15,Mantenimiento Integral,866.38,Office Supplies,Sales,Colombia,Spot Purchase,2023.0
LC-2022-04458,2022-05-04,TechSupplies Panama,7333.78,Office Supplies,Sales,Panama,Fixed Price,2022.0
LC-2023-04459,2023-09-27,Ferremax Industrial,5643.08,Professional Services,Operations,Panama,Fixed Price,2023.0
LC-2023-04460,2023-02-17,Grupo Logístico del Istmo,80375.3,Maintenance & Repair,Marketing,USA,Spot Purchase,2023.0
LC-2022-04461,2022-09-11,MedEquip Latinoamerica,29228.37,Security,Procurement,Panama,Fixed Price,2022.0
LC-2022-04462,2022-10-07,Consultoría Estratégica,78750.76,Medical Supplies,Finance,Panama,Framework Agreement,2022.0
LC-2023-04463,2023-07-28,Publicidad Digital LATAM,17407.53,Marketing,IT,Panama,Fixed Price,2023.0
LC-2022-04464,2022-04-15,Distribuidora Global S.A.,146591.68,IT & Technology,Sales,Panama,Time & Materials,2022.0
LC-2023-04465,,TechSupplies Panama,18105.67,Office Supplies,IT,Panama,Time & Materials,
LC-2023-04466,2023-02-07,Distribuidora Global S.A.,9066.13,IT & Technology,Logistics,Panama,Time & Materials,2023.0
LC-2022-04467,2022-09-10,Seguridad Total Corp,17590.58,IT & Technology,Operations,Panama,Framework Agreement,2022.0
LC-2022-04468,2022-02-10,TechSupplies Panama,59947.05,Office Supplies,Marketing,Panama,Spot Purchase,2022.0
LC-2023-04469,2023-10-30,Seguridad Total Corp,5774.27,IT & Technology,Administration,Costa Rica,Time & Materials,2023.0
LC-2023-04470,2023-12-27,Papelería y Más,8787.25,Uniforms & PPE,Procurement,Colombia,Spot Purchase,2023.0
LC-2022-04471,2022-03-18,MedEquip Latinoamerica,7980.67,Security,Procurement,USA,Time & Materials,2022.0
LC-2022-04472,2022-08-12,Oficentro Internacional,169495.26,Logistics & Transport,Operations,Panama,Time & Materials,2022.0
LC-2022-04473,2022-05-29,Distribuidora Global S.A.,171782.2,IT & Technology,Administration,Costa Rica,Spot Purchase,2022.0
LC-2022-04474,2022-10-24,Oficentro Internacional,69777.33,Logistics & Transport,HR,Panama,Framework Agreement,2022.0
LC-2023-04475,2023-08-31,Suministros Médicos del Sur,17478.11,Uniforms & PPE,Administration,Colombia,Time & Materials,2023.0
LC-2023-04476,2023-12-18,Papelería y Más,10626.37,Uniforms & PPE,IT,USA,Framework Agreement,2023.0
LC-2023-04477,2023-01-26,MedEquip Latinoamerica,2460.81,Security,Marketing,USA,Time & Materials,2023.0
LC-2023-04478,2023-06-13,Seguridad Total Corp,,IT & Technology,Procurement,USA,Spot Purchase,2023.0
LC-2022-04479,2022-12-27,Distribuidora Global S.A.,6813.12,IT & Technology,HR,Colombia,Time & Materials,2022.0
LC-2023-04480,2023-08-16,Distribuidora Global S.A.,128626.72,IT & Technology,Administration,USA,Framework Agreement,2023.0
LC-2023-04481,2023-10-29,Transportes Rápidos S.A.,819.11,Marketing,Administration,Panama,Fixed Price,2023.0
LC-2023-04482,,Papelería y Más,,Uniforms & PPE,Sales,Panama,Spot Purchase,
LC-2023-04483,2023-11-06,MedEquip Latinoamerica,1383.36,Security,Logistics,USA,Framework Agreement,2023.0
LC-2023-04484,2023-06-01,TechSupplies Panama,70549.28,Office Supplies,Sales,Panama,Spot Purchase,2023.0
LC-2023-04485,2023-08-16,Distribuidora Global S.A.,34866.78,IT & Technology,Marketing,Panama,Framework Agreement,2023.0
LC-2022-04486,2022-06-16,MedEquip Latinoamerica,449.38,Security,Sales,Panama,Time & Materials,2022.0
LC-2022-04487,2022-12-02,TechSupplies Panama,60164.61,Office Supplies,IT,Costa Rica,Fixed Price,2022.0
LC-2022-04488,2022-01-27,Grupo Logístico del Istmo,18151.26,Maintenance & Repair,Sales,Panama,Fixed Price,2022.0
LC-2022-04489,2022-12-31,DATACENTER SOLUTIONS,18429.72,Medical Supplies,Legal,Panama,Spot Purchase,2022.0
LC-2022-04490,2022-09-01,Papelería y Más,4924.55,Uniforms & PPE,Logistics,Panama,Spot Purchase,2022.0
LC-2023-04491,2023-05-30,TechSupplies Panama,58366.96,Office Supplies,HR,Panama,Spot Purchase,2023.0
LC-2022-04492,2022-08-10,Distribuidora Global S.A.,11509.38,IT & Technology,IT,Colombia,Time & Materials,2022.0
LC-2022-04493,2022-12-28,Distribuidora Global S.A.,17904.39,IT & Technology,Finance,USA,Time & Materials,2022.0
LC-2022-04494,2022-03-14,Transportes Rápidos S.A.,2470.17,Marketing,Sales,Panama,Fixed Price,2022.0
LC-2022-04495,2022-08-11,Cleaning Pro Services,17766.21,Catering & Food,IT,Costa Rica,Spot Purchase,2022.0
LC-2022-04496,2022-06-15,TechSupplies Panama,271808.35,Office Supplies,Finance,Panama,Spot Purchase,2022.0
LC-2022-04497,2022-01-28,Seguridad Total Corp,1468.86,IT & Technology,Administration,Panama,Fixed Price,2022.0
LC-2022-04498,2022-11-01,Mantenimiento Integral,24717.63,Office Supplies,IT,Costa Rica,Spot Purchase,2022.0
LC-2023-04499,2023-05-28,Distribuidora Global S.A.,2687.55,IT & Technology,Operations,Panama,Fixed Price,2023.0
LC-2023-04500,2023-06-15,MedEquip Latinoamerica,819.52,Security,Procurement,Panama,Time & Materials,2023.0
LC-2022-04501,2022-07-08,MedEquip Latinoamerica,1166.58,Security,Marketing,Panama,Time & Materials,2022.0
LC-2022-04502,2022-01-22,Ferremax Industrial,7165.19,Professional Services,Operations,Panama,Time & Materials,2022.0
LC-2022-04503,2022-05-13,Oficentro Internacional,5430.0,Logistics & Transport,IT,Panama,Framework Agreement,2022.0
LC-2022-04504,2022-01-02,Distribuidora Global S.A.,59611.2,IT & Technology,Operations,Panama,Spot Purchase,2022.0
LC-2023-04505,2023-04-12,Distribuidora Global S.A.,28088.59,IT & Technology,Sales,Panama,Framework Agreement,2023.0
LC-2023-04506,2023-11-27,Seguridad Total Corp,8682.88,IT & Technology,HR,Colombia,Time & Materials,2023.0
LC-2023-04507,2023-05-16,IT Solutions Group,13845.41,Maintenance & Repair,Procurement,Panama,Fixed Price,2023.0
LC-2023-04508,2023-07-22,Mantenimiento Integral,7320.44,Office Supplies,Administration,Mexico,Spot Purchase,2023.0
LC-2022-04509,2022-08-11,Ferremax Industrial,79962.72,Professional Services,Procurement,Panama,Fixed Price,2022.0
LC-2023-04510,2023-06-30,Seguridad Total Corp,4427.99,IT & Technology,Administration,USA,Fixed Price,2023.0
LC-2023-04511,2023-06-03,DataCenter Solutions,828.41,Medical Supplies,HR,Panama,Framework Agreement,2023.0
LC-2023-04512,2023-06-07,Cleaning Pro Services,24021.9,Catering & Food,Sales,Panama,Spot Purchase,2023.0
LC-2023-04513,2023-07-06,Ferremax Industrial,17909.12,Professional Services,IT,Panama,Fixed Price,2023.0
LC-2023-04514,2023-11-25,Publicidad Digital LATAM,1207.86,Marketing,Legal,Mexico,Framework Agreement,2023.0
LC-2023-04515,2023-09-27,Grupo Logístico del Istmo,29333.88,Maintenance & Repair,Procurement,Panama,Framework Agreement,2023.0
LC-2022-04516,2022-05-24,MedEquip Latinoamerica,1249.86,Security,Sales,Panama,Spot Purchase,2022.0
LC-2023-04517,2023-04-04,Cleaning Pro Services,2627.67,Catering & Food,IT,USA,Time & Materials,2023.0
LC-2023-04518,2023-03-07,ENERGÍA RENOVABLE S.A.,8234.44,Catering & Food,IT,USA,Framework Agreement,2023.0
LC-2022-04519,2022-07-21,Papelería y Más,8287.57,Uniforms & PPE,Finance,Mexico,Framework Agreement,2022.0
LC-2022-04520,2022-12-11,Transportes Rápidos S.A.,1278.26,Marketing,Sales,Panama,Framework Agreement,2022.0
LC-2023-04521,2023-04-12,Energía Renovable S.A.,2364.78,Catering & Food,Operations,Panama,Spot Purchase,2023.0
LC-2022-04522,2022-04-19,MedEquip Latinoamerica,24624.56,Security,Administration,Panama,Time & Materials,2022.0
LC-2023-04523,2023-09-26,Seguridad Total Corp,10348.53,IT & Technology,Operations,Panama,Fixed Price,2023.0
LC-2022-04524,2022-04-19,Distribuidora Global S.A.,438045.49,IT & Technology,HR,Panama,Spot Purchase,2022.0
LC-2023-04525,2023-12-12,Transportes Rápidos S.A.,28859.44,Marketing,Logistics,Panama,Fixed Price,2023.0
LC-2022-04526,2022-06-02,Distribuidora Global S.A.,143365.37,IT & Technology,Legal,Panama,Framework Agreement,2022.0
LC-2023-04527,2023-07-31,Catering Express Panama,612.9,Logistics & Transport,Procurement,Panama,Framework Agreement,2023.0
LC-2023-04528,2023-04-23,Distribuidora Global S.A.,90819.78,IT & Technology,Finance,USA,Spot Purchase,2023.0
LC-2023-04529,2023-11-07,Ferremax Industrial,34073.38,Professional Services,Operations,Colombia,Framework Agreement,2023.0
LC-2023-04530,2023-06-27,TechSupplies Panama,18747.62,Office Supplies,Logistics,Panama,Spot Purchase,2023.0
LC-2022-04531,2022-08-07,Uniforms & Workwear Co.,6323.47,Professional Services,Administration,Colombia,Fixed Price,2022.0
LC-2023-04532,2023-10-02,TechSupplies Panama,112899.56,Office Supplies,Finance,Panama,Spot Purchase,2023.0
LC-2022-04533,2022-10-18,Cleaning Pro Services,10417.55,Catering & Food,Logistics,Panama,Time & Materials,2022.0
LC-2023-04534,2023-06-08,Distribuidora Global S.A.,12655.3,IT & Technology,IT,Panama,Fixed Price,2023.0
LC-2023-04535,2023-01-16,TechSupplies Panama,88517.07,Office Supplies,Logistics,Panama,Spot Purchase,2023.0
LC-2022-04536,2022-01-23,Grupo Logístico del Istmo,16897.06,Maintenance & Repair,Finance,USA,Fixed Price,2022.0
LC-2023-04537,2023-12-01,Oficentro Internacional,47099.6,Logistics & Transport,HR,Panama,Spot Purchase,2023.0
LC-2022-04538,2022-05-22,Publicidad Digital LATAM,3118.09,Marketing,Sales,Panama,Spot Purchase,2022.0
LC-2022-04539,2022-04-22,TechSupplies Panama,27927.31,Office Supplies,Finance,Panama,Framework Agreement,2022.0
LC-2022-04540,2022-01-12,Uniforms & Workwear Co.,15511.93,Professional Services,HR,Panama,Spot Purchase,2022.0
LC-2022-04541,2022-05-12,Cleaning Pro Services,1032.47,Catering & Food,Operations,Panama,Framework Agreement,2022.0
LC-2023-04542,2023-01-10,TechSupplies Panama,374832.33,Office Supplies,Legal,Panama,Time & Materials,2023.0
LC-2023-04543,2023-02-24,Oficentro Internacional,4083.45,Logistics & Transport,Legal,Panama,Fixed Price,2023.0
LC-2022-04544,2022-05-26,Cleaning Pro Services,2005.2,Catering & Food,Administration,Panama,Framework Agreement,2022.0
LC-2023-04545,2023-03-26,IT Solutions Group,8563.96,Maintenance & Repair,Sales,Panama,Time & Materials,2023.0
LC-2023-04546,2023-10-19,Publicidad Digital LATAM,11807.28,Marketing,Legal,USA,Time & Materials,2023.0
LC-2022-04547,2022-02-02,IT Solutions Group,4227.16,Maintenance & Repair,Administration,Colombia,Framework Agreement,2022.0
LC-2023-04548,2023-06-08,MedEquip Latinoamerica,4509.38,Security,Administration,Panama,Framework Agreement,2023.0
LC-2023-04549,2023-06-05,Energía Renovable S.A.,9098.14,Catering & Food,Sales,Colombia,Time & Materials,2023.0
LC-2023-04550,2023-08-23,Ferremax Industrial,27521.33,Professional Services,Operations,USA,Fixed Price,2023.0
LC-2022-04551,2022-05-15,Mantenimiento Integral,39726.43,Office Supplies,Sales,Panama,Framework Agreement,2022.0
LC-2022-04552,2022-10-08,Ferremax Industrial,99430.97,Professional Services,Procurement,Panama,Framework Agreement,2022.0
LC-2022-04553,2022-02-19,Distribuidora Global S.A.,103506.45,IT & Technology,Legal,Panama,Fixed Price,2022.0
LC-2023-04554,2023-07-14,Ferremax Industrial,11391.38,Professional Services,HR,Panama,Framework Agreement,2023.0
LC-2023-04555,2023-04-19,Grupo Logístico del Istmo,33015.55,Maintenance & Repair,Sales,Panama,Spot Purchase,2023.0
LC-2022-04556,2022-01-22,MedEquip Latinoamerica,3131.61,Security,Logistics,Colombia,Spot Purchase,2022.0
LC-2023-04557,2023-01-05,Catering Express Panama,1087.46,Logistics & Transport,Operations,Panama,Time & Materials,2023.0
LC-2022-04558,2022-03-03,Cleaning Pro Services,8435.85,Catering & Food,Operations,Panama,Spot Purchase,2022.0
LC-2023-04559,2023-04-25,Mantenimiento Integral,2194.11,Office Supplies,HR,Colombia,Framework Agreement,2023.0
LC-2022-04560,2022-10-31,Distribuidora Global S.A.,79736.65,IT & Technology,Finance,Costa Rica,Spot Purchase,2022.0
LC-2023-04561,2023-11-28,TechSupplies Panama,10054.45,Office Supplies,Sales,Panama,Time & Materials,2023.0
LC-2022-04562,2022-10-01,Transportes Rápidos S.A.,64767.61,Marketing,Administration,USA,Framework Agreement,2022.0
LC-2023-04563,2023-05-27,TechSupplies Panama,12386.98,Office Supplies,IT,Panama,Fixed Price,2023.0
LC-2023-04564,2023-12-30,Oficentro Internacional,47247.87,Logistics & Transport,Logistics,USA,Framework Agreement,2023.0
LC-2022-04565,2022-04-22,IT Solutions Group,16119.56,Maintenance & Repair,HR,Panama,Time & Materials,2022.0
LC-2023-04566,2023-06-26,IT Solutions Group,2088.16,Maintenance & Repair,HR,Panama,Fixed Price,2023.0
LC-2023-04567,2023-09-07,Oficentro Internacional,101008.74,Logistics & Transport,Operations,Panama,Time & Materials,2023.0
LC-2023-04568,2023-02-23,Distribuidora Global S.A.,8308.05,IT & Technology,Legal,Panama,Spot Purchase,2023.0
LC-2022-04569,2022-12-11,DataCenter Solutions,43398.34,Medical Supplies,Operations,Panama,Spot Purchase,2022.0
LC-2022-04570,2022-01-17,Grupo Logístico del Istmo,36937.37,Maintenance & Repair,Marketing,Panama,Fixed Price,2022.0
LC-2022-04571,2022-02-08,Mantenimiento Integral,2008.98,Office Supplies,Marketing,Costa Rica,Time & Materials,2022.0
LC-2023-04572,2023-03-29,Oficentro Internacional,25361.36,Logistics & Transport,Sales,Panama,Time & Materials,2023.0
LC-2022-04573,2022-11-22,Mantenimiento Integral,16537.39,Office Supplies,HR,Panama,Time & Materials,2022.0
LC-2023-04574,2023-03-28,Mantenimiento Integral,2045.34,Office Supplies,Procurement,Panama,Time & Materials,2023.0
LC-2022-04575,,Papelería y Más,1597.13,Uniforms & PPE,HR,Panama,Framework Agreement,
LC-2022-04576,2022-07-18,Ferremax Industrial,27837.97,Professional Services,HR,Panama,Framework Agreement,2022.0
LC-2022-04577,2022-12-18,Transportes Rápidos S.A.,840.97,Marketing,Legal,USA,Spot Purchase,2022.0
LC-2022-04578,2022-12-31,Grupo Logístico del Istmo,322756.26,Maintenance & Repair,IT,Panama,Fixed Price,2022.0
LC-2023-04579,2023-11-13,Distribuidora Global S.A.,18404.06,IT & Technology,Procurement,Panama,Fixed Price,2023.0
LC-2022-04580,2022-08-22,Cleaning Pro Services,17110.12,Catering & Food,IT,Panama,Spot Purchase,2022.0
LC-2023-04581,2023-06-14,TechSupplies Panama,46693.68,Office Supplies,Logistics,Panama,Framework Agreement,2023.0
LC-2023-04582,2023-09-14,Transportes Rápidos S.A.,1122.37,Marketing,Procurement,Colombia,Framework Agreement,2023.0
LC-2022-04583,2022-01-01,TechSupplies Panama,36056.93,Office Supplies,Marketing,Costa Rica,Fixed Price,2022.0
LC-2022-04584,2022-05-05,MedEquip Latinoamerica,15930.71,Security,Procurement,Panama,Time & Materials,2022.0
LC-2023-04585,2023-08-07,Grupo Logístico del Istmo,28972.04,Maintenance & Repair,IT,USA,Framework Agreement,2023.0
LC-2022-04586,2022-12-26,Distribuidora Global S.A.,152015.16,IT & Technology,Sales,USA,Spot Purchase,2022.0
LC-2023-04587,2023-07-19,Distribuidora Global S.A.,123725.23,IT & Technology,HR,Panama,Fixed Price,2023.0
LC-2023-04588,2023-04-22,Distribuidora Global S.A.,109392.52,IT & Technology,Administration,Panama,Fixed Price,2023.0
LC-2023-04589,2023-03-31,Oficentro Internacional,20918.97,Logistics & Transport,IT,Panama,Fixed Price,2023.0
LC-2023-04590,,Grupo Logístico del Istmo,9938.68,Maintenance & Repair,Procurement,Panama,Framework Agreement,
LC-2022-04591,2022-02-14,Oficentro Internacional,17390.77,Logistics & Transport,Finance,Panama,Framework Agreement,2022.0
LC-2023-04592,2023-11-25,Uniforms & Workwear Co.,6596.94,Professional Services,Legal,Panama,Framework Agreement,2023.0
LC-2022-04593,2022-10-22,Consultoría Estratégica,11144.26,Medical Supplies,Finance,USA,Fixed Price,2022.0
LC-2023-04594,2023-11-10,Publicidad Digital LATAM,189.17,Marketing,IT,Colombia,Framework Agreement,2023.0
LC-2023-04595,2023-05-14,Oficentro Internacional,35963.66,Logistics & Transport,Legal,Panama,Fixed Price,2023.0
LC-2022-04596,2022-04-20,Oficentro Internacional,43901.65,Logistics & Transport,IT,USA,Framework Agreement,2022.0
LC-2022-04597,2022-02-04,Papelería y Más,3241.15,Uniforms & PPE,Legal,Panama,Framework Agreement,2022.0
LC-2023-04598,2023-06-30,IT Solutions Group,34095.16,Maintenance & Repair,Legal,USA,Framework Agreement,2023.0
LC-2023-04599,2023-04-14,Papelería y Más,9252.69,Uniforms & PPE,Operations,Panama,Spot Purchase,2023.0
LC-2023-04600,2023-10-31,Distribuidora Global S.A.,174945.59,IT & Technology,Procurement,USA,Time & Materials,2023.0
LC-2022-04601,2022-06-13,TechSupplies Panama,28024.86,Office Supplies,Procurement,Panama,Fixed Price,2022.0
LC-2022-04602,2022-09-22,Grupo Logístico del Istmo,111856.6,Maintenance & Repair,Logistics,Panama,Time & Materials,2022.0
LC-2022-04603,2022-02-10,Distribuidora Global S.A.,258352.36,IT & Technology,Procurement,Panama,Framework Agreement,2022.0
LC-2023-04604,2023-02-08,Distribuidora Global S.A.,175261.1,IT & Technology,Marketing,Panama,Framework Agreement,2023.0
LC-2022-04605,2022-08-14,Transportes Rápidos S.A.,955.07,Marketing,Administration,Panama,Fixed Price,2022.0
LC-2022-04606,2022-05-01,Consultoría Estratégica,3359.29,Medical Supplies,Sales,Mexico,Spot Purchase,2022.0
LC-2022-04607,2022-01-05,TechSupplies Panama,,Office Supplies,Finance,Panama,Time & Materials,2022.0
LC-2023-04608,2023-01-12,Ferremax Industrial,65323.39,Professional Services,Administration,Panama,Fixed Price,2023.0
LC-2023-04609,,Seguridad Total Corp,13760.13,IT & Technology,Legal,Panama,Fixed Price,
LC-2023-04610,2023-02-22,IT Solutions Group,1396.41,Maintenance & Repair,Procurement,USA,Time & Materials,2023.0
LC-2023-04611,2023-10-15,Distribuidora Global S.A.,39395.47,IT & Technology,Logistics,Panama,Time & Materials,2023.0
LC-2023-04612,2023-09-24,MedEquip Latinoamerica,237.49,Security,Legal,Costa Rica,Framework Agreement,2023.0
LC-2022-04613,2022-02-14,IT Solutions Group,42741.15,Maintenance & Repair,Procurement,Panama,Spot Purchase,2022.0
LC-2023-04614,2023-04-01,Grupo Logístico del Istmo,19636.61,Maintenance & Repair,Logistics,Panama,Time & Materials,2023.0
LC-2022-04615,2022-07-21,Cleaning Pro Services,5344.35,Catering & Food,Procurement,Panama,Framework Agreement,2022.0
LC-2023-04616,2023-03-24,DataCenter Solutions,3088.76,Medical Supplies,Legal,Panama,Spot Purchase,2023.0
LC-2022-04617,2022-11-29,Ferremax Industrial,143664.08,Professional Services,Procurement,Panama,Fixed Price,2022.0
LC-2023-04618,2023-07-07,Grupo Logístico del Istmo,1205.91,Maintenance & Repair,Marketing,Panama,Framework Agreement,2023.0
LC-2022-04619,2022-09-14,Ferremax Industrial,35598.81,Professional Services,Sales,Panama,Fixed Price,2022.0
LC-2023-04620,2023-12-04,Ferremax Industrial,31984.85,Professional Services,Legal,Panama,Framework Agreement,2023.0
LC-2022-04621,,TechSupplies Panama,21070.65,Office Supplies,IT,USA,Time & Materials,
LC-2023-04622,2023-11-09,Transportes Rápidos S.A.,65469.51,Marketing,Finance,Panama,Time & Materials,2023.0
LC-2023-04623,2023-05-10,Ferremax Industrial,12521.53,Professional Services,Sales,Panama,Spot Purchase,2023.0
LC-2023-04624,2023-02-04,Distribuidora Global S.A.,,IT & Technology,Procurement,Colombia,Spot Purchase,2023.0
LC-2023-04625,2023-02-16,Catering Express Panama,8386.51,Logistics & Transport,Administration,Panama,Fixed Price,2023.0
LC-2023-04626,2023-02-14,DataCenter Solutions,32606.89,Medical Supplies,Procurement,Colombia,Spot Purchase,2023.0
LC-2022-04627,2022-02-17,Grupo Logístico del Istmo,16307.38,Maintenance & Repair,Logistics,USA,Spot Purchase,2022.0
LC-2023-04628,2023-08-24,Papelería y Más,1636.88,Uniforms & PPE,Sales,Colombia,Time & Materials,2023.0
LC-2022-04629,2022-10-22,TechSupplies Panama,135304.61,Office Supplies,Procurement,Panama,Fixed Price,2022.0
LC-2022-04630,2022-05-28,Distribuidora Global S.A.,60499.21,IT & Technology,Marketing,USA,Spot Purchase,2022.0
LC-2023-04631,2023-12-10,TechSupplies Panama,5687.78,Office Supplies,Legal,Panama,Framework Agreement,2023.0
LC-2023-04632,2023-10-23,Catering Express Panama,2188.65,Logistics & Transport,Procurement,Colombia,Time & Materials,2023.0
LC-2023-04633,2023-03-01,Distribuidora Global S.A.,57737.33,IT & Technology,Procurement,Panama,Framework Agreement,2023.0
LC-2022-04634,2022-02-26,TechSupplies Panama,99242.05,Office Supplies,Finance,Panama,Time & Materials,2022.0
LC-2022-04635,2022-03-22,MedEquip Latinoamerica,1774.29,Security,IT,Panama,Fixed Price,2022.0
LC-2022-04636,2022-09-15,Oficentro Internacional,1099.81,Logistics & Transport,Operations,Panama,Framework Agreement,2022.0
LC-2022-04637,2022-12-31,Oficentro Internacional,68041.14,Logistics & Transport,HR,Colombia,Framework Agreement,2022.0
LC-2022-04638,2022-09-17,Oficentro Internacional,8396.88,Logistics & Transport,Legal,USA,Spot Purchase,2022.0
LC-2023-04639,2023-10-28,Oficentro Internacional,3226.63,Logistics & Transport,Procurement,USA,Time & Materials,2023.0
LC-2023-04640,2023-09-25,TechSupplies Panama,1213.43,Office Supplies,Sales,Panama,Spot Purchase,2023.0
LC-2023-04641,2023-12-29,TechSupplies Panama,96449.71,Office Supplies,Marketing,Costa Rica,Framework Agreement,2023.0
LC-2023-04642,2023-11-30,Distribuidora Global S.A.,42376.15,IT & Technology,Marketing,Panama,Framework Agreement,2023.0
LC-2022-04643,2022-05-13,Cleaning Pro Services,3503.49,Catering & Food,Administration,Panama,Spot Purchase,2022.0
LC-2023-04644,2023-08-30,DataCenter Solutions,39479.49,Medical Supplies,Legal,Costa Rica,Time & Materials,2023.0
LC-2022-04645,2022-04-30,MedEquip Latinoamerica,12784.48,Security,HR,Panama,Framework Agreement,2022.0
LC-2022-04646,2022-01-05,Ferremax Industrial,252599.38,Professional Services,Administration,Panama,Fixed Price,2022.0
LC-2023-04647,2023-11-27,Ferremax Industrial,6827.52,Professional Services,Finance,USA,Fixed Price,2023.0
LC-2023-04648,2023-07-07,Papelería y Más,4666.54,Uniforms & PPE,HR,Panama,Time & Materials,2023.0
LC-2023-04649,2023-08-09,Distribuidora Global S.A.,5218.39,IT & Technology,Sales,Colombia,Fixed Price,2023.0
LC-2023-04650,2023-03-04,Mantenimiento Integral,3483.97,Office Supplies,HR,Panama,Framework Agreement,2023.0
LC-2023-04651,2023-09-09,Oficentro Internacional,26947.91,Logistics & Transport,Legal,Panama,Time & Materials,2023.0
LC-2023-04652,2023-01-28,TechSupplies Panama,77028.93,Office Supplies,IT,Costa Rica,Time & Materials,2023.0
LC-2023-04653,2023-10-21,Consultoría Estratégica,5262.42,Medical Supplies,Operations,Panama,Fixed Price,2023.0
LC-2022-04654,2022-06-13,Papelería y Más,12520.35,Uniforms & PPE,Logistics,Panama,Framework Agreement,2022.0
LC-2022-04655,2022-10-14,TechSupplies Panama,84468.01,Office Supplies,Sales,Panama,Spot Purchase,2022.0
LC-2023-04656,2023-08-22,TechSupplies Panama,482103.65,Office Supplies,IT,Panama,Fixed Price,2023.0
LC-2022-04657,2022-01-05,Ferremax Industrial,24875.63,Professional Services,HR,Panama,Framework Agreement,2022.0
LC-2022-04658,2022-04-09,FleetCars Panama,1198.07,Security,Operations,Panama,Spot Purchase,2022.0
LC-2023-04659,2023-05-02,Transportes Rápidos S.A.,7109.06,Marketing,IT,Panama,Spot Purchase,2023.0
LC-2023-04660,2023-03-25,Oficentro Internacional,13866.96,Logistics & Transport,Procurement,Panama,Fixed Price,2023.0
LC-2022-04661,2022-10-23,Oficentro Internacional,214991.32,Logistics & Transport,Logistics,USA,Fixed Price,2022.0
LC-2023-04662,2023-08-18,Grupo Logístico del Istmo,25851.87,Maintenance & Repair,Finance,Panama,Time & Materials,2023.0
LC-2023-04663,2023-12-26,Distribuidora Global S.A.,18422.14,IT & Technology,Logistics,Panama,Spot Purchase,2023.0
LC-2022-04664,2022-08-16,Distribuidora Global S.A.,20628.34,IT & Technology,Finance,Panama,Framework Agreement,2022.0
LC-2023-04665,2023-06-01,Ferremax Industrial,85999.86,Professional Services,Marketing,USA,Framework Agreement,2023.0
LC-2023-04666,2023-09-10,TechSupplies Panama,30052.57,Office Supplies,Administration,Panama,Time & Materials,2023.0
LC-2023-04667,2023-03-29,FleetCars Panama,1877.13,Security,Administration,Panama,Time & Materials,2023.0
LC-2022-04668,2022-10-22,Grupo Logístico del Istmo,267914.26,Maintenance & Repair,Procurement,Colombia,Fixed Price,2022.0
LC-2023-04669,2023-12-25,Grupo Logístico del Istmo,12998.59,Maintenance & Repair,HR,Panama,Fixed Price,2023.0
LC-2022-04670,2022-09-15,Cleaning Pro Services,5184.09,Catering & Food,Operations,Panama,Framework Agreement,2022.0
LC-2023-04671,2023-07-31,Oficentro Internacional,79440.8,Logistics & Transport,Logistics,Panama,Time & Materials,2023.0
LC-2023-04672,2023-04-20,TechSupplies Panama,5127.62,Office Supplies,Operations,Colombia,Fixed Price,2023.0
LC-2022-04673,2022-06-10,Ferremax Industrial,64622.16,Professional Services,Marketing,Panama,Framework Agreement,2022.0
LC-2023-04674,2023-11-16,Uniforms & Workwear Co.,1009.63,Professional Services,Procurement,USA,Framework Agreement,2023.0
LC-2022-04675,2022-01-15,TechSupplies Panama,97473.84,Office Supplies,Sales,Panama,Fixed Price,2022.0
LC-2023-04676,2023-10-23,Grupo Logístico del Istmo,11439.4,Maintenance & Repair,HR,Panama,Spot Purchase,2023.0
LC-2022-04677,2022-05-04,Oficentro Internacional,83393.27,Logistics & Transport,Sales,USA,Spot Purchase,2022.0
LC-2022-04678,2022-10-08,Ferremax Industrial,136899.13,Professional Services,Operations,Panama,Framework Agreement,2022.0
LC-2023-04679,2023-06-26,Transportes Rápidos S.A.,17892.82,Marketing,Legal,Panama,Spot Purchase,2023.0
LC-2022-04680,2022-12-07,Oficentro Internacional,49098.31,Logistics & Transport,Legal,Costa Rica,Time & Materials,2022.0
LC-2022-04681,2022-04-21,Publicidad Digital LATAM,3473.95,Marketing,Finance,USA,Framework Agreement,2022.0
LC-2023-04682,,MedEquip Latinoamerica,2070.14,Security,Legal,Panama,Framework Agreement,
LC-2023-04683,2023-04-04,Seguridad Total Corp,44647.43,IT & Technology,IT,Costa Rica,Time & Materials,2023.0
LC-2023-04684,2023-10-15,GRUPO LOGÍSTICO DEL ISTMO,15687.28,Maintenance & Repair,Logistics,USA,Framework Agreement,2023.0
LC-2022-04685,2022-09-29,Publicidad Digital LATAM,1037.33,Marketing,HR,Panama,Fixed Price,2022.0
LC-2022-04686,2022-08-24,Grupo Logístico del Istmo,80695.87,Maintenance & Repair,IT,Panama,Time & Materials,2022.0
LC-2022-04687,2022-02-28,Oficentro Internacional,13969.56,Logistics & Transport,Legal,Panama,Time & Materials,2022.0
LC-2023-04688,2023-08-28,Distribuidora Global S.A.,11613.5,IT & Technology,Procurement,Panama,Time & Materials,2023.0
LC-2023-04689,2023-09-13,TechSupplies Panama,6423.22,Office Supplies,HR,Panama,Time & Materials,2023.0
LC-2022-04690,2022-05-17,Distribuidora Global S.A.,20343.33,IT & Technology,Logistics,USA,Spot Purchase,2022.0
LC-2023-04691,2023-09-10,Transportes Rápidos S.A.,4341.29,Marketing,Administration,Panama,Time & Materials,2023.0
LC-2023-04692,2023-02-17,TechSupplies Panama,48616.1,Office Supplies,Logistics,Costa Rica,Spot Purchase,2023.0
LC-2022-04693,2022-11-07,Publicidad Digital LATAM,20474.99,Marketing,Marketing,Panama,Framework Agreement,2022.0
LC-2023-04694,2023-12-02,Oficentro Internacional,68341.84,Logistics & Transport,Marketing,Panama,Spot Purchase,2023.0
LC-2023-04695,2023-11-30,Oficentro Internacional,28881.41,Logistics & Transport,Marketing,Panama,Time & Materials,2023.0
LC-2023-04696,2023-10-11,Oficentro Internacional,28628.71,Logistics & Transport,Administration,Panama,Framework Agreement,2023.0
LC-2022-04697,2022-08-04,Grupo Logístico del Istmo,66982.65,Maintenance & Repair,Administration,Costa Rica,Time & Materials,2022.0
LC-2023-04698,2023-10-10,Papelería y Más,33151.9,Uniforms & PPE,HR,USA,Time & Materials,2023.0
LC-2023-04699,2023-04-30,FleetCars Panama,5940.04,Security,Administration,Costa Rica,Time & Materials,2023.0
LC-2023-04700,2023-03-17,TechSupplies Panama,20682.5,Office Supplies,IT,Panama,Framework Agreement,2023.0
LC-2022-04701,2022-03-31,Energía Renovable S.A.,1108.43,Catering & Food,Logistics,USA,Spot Purchase,2022.0
LC-2023-04702,2023-06-17,Grupo Logístico del Istmo,6410.89,Maintenance & Repair,Marketing,USA,Spot Purchase,2023.0
LC-2023-04703,2023-09-11,Cleaning Pro Services,13351.77,Catering & Food,HR,Panama,Framework Agreement,2023.0
LC-2023-04704,2023-06-17,TechSupplies Panama,72662.03,Office Supplies,Administration,Panama,Fixed Price,2023.0
LC-2022-04705,2022-10-07,Mantenimiento Integral,11684.81,Office Supplies,IT,Colombia,Framework Agreement,2022.0
LC-2023-04706,2023-07-12,Transportes Rápidos S.A.,,Marketing,IT,Panama,Time & Materials,2023.0
LC-2022-04707,2022-05-19,Oficentro Internacional,196481.13,Logistics & Transport,Legal,USA,Fixed Price,2022.0
LC-2022-04708,2022-04-04,Publicidad Digital LATAM,2377.54,Marketing,Administration,Panama,Fixed Price,2022.0
LC-2022-04709,2022-04-09,Mantenimiento Integral,20597.06,Office Supplies,Finance,Panama,Time & Materials,2022.0
LC-2023-04710,2023-01-08,DataCenter Solutions,4637.29,Medical Supplies,IT,USA,Fixed Price,2023.0
LC-2023-04711,2023-11-27,Mantenimiento Integral,1973.32,Office Supplies,Legal,Colombia,Time & Materials,2023.0
LC-2022-04712,2022-07-07,TechSupplies Panama,73942.01,Office Supplies,HR,USA,Fixed Price,2022.0
LC-2023-04713,2023-09-30,FERREMAX INDUSTRIAL,59371.13,Professional Services,Operations,Panama,Time & Materials,2023.0
LC-2023-04714,,TechSupplies Panama,55735.21,Office Supplies,Procurement,USA,Framework Agreement,
LC-2023-04715,2023-04-20,Transportes Rápidos S.A.,5552.02,Marketing,Finance,Colombia,Fixed Price,2023.0
LC-2023-04716,2023-06-27,TechSupplies Panama,34701.16,Office Supplies,HR,Panama,Framework Agreement,2023.0
LC-2022-04717,2022-03-16,Ferremax Industrial,500000.0,Professional Services,Procurement,Panama,Framework Agreement,2022.0
LC-2023-04718,2023-12-08,CLEANING PRO SERVICES,29038.71,Catering & Food,Finance,Panama,Fixed Price,2023.0
LC-2022-04719,2022-02-24,MedEquip Latinoamerica,14533.92,Security,HR,Panama,Framework Agreement,2022.0
LC-2022-04720,2022-10-17,Transportes Rápidos S.A.,5812.11,Marketing,Operations,USA,Time & Materials,2022.0
LC-2023-04721,2023-11-14,Catering Express Panama,22264.21,Logistics & Transport,HR,Panama,Spot Purchase,2023.0
LC-2023-04722,2023-12-16,IT Solutions Group,10689.23,Maintenance & Repair,IT,Panama,Framework Agreement,2023.0
LC-2023-04723,2023-01-29,Papelería y Más,5111.8,Uniforms & PPE,HR,Costa Rica,Spot Purchase,2023.0
LC-2022-04724,2022-04-12,Uniforms & Workwear Co.,3117.08,Professional Services,Finance,Panama,Fixed Price,2022.0
LC-2023-04725,2023-05-21,TechSupplies Panama,32955.03,Office Supplies,IT,Panama,Spot Purchase,2023.0
LC-2023-04726,2023-03-20,Grupo Logístico del Istmo,808.75,Maintenance & Repair,Marketing,Panama,Fixed Price,2023.0
LC-2022-04727,2022-07-03,MedEquip Latinoamerica,6740.58,Security,HR,USA,Fixed Price,2022.0
LC-2022-04728,2022-08-28,IT Solutions Group,2362.05,Maintenance & Repair,HR,Panama,Spot Purchase,2022.0
LC-2022-04729,2022-08-02,Cleaning Pro Services,53583.96,Catering & Food,Finance,USA,Framework Agreement,2022.0
LC-2022-04730,2022-03-18,Distribuidora Global S.A.,37168.35,IT & Technology,IT,Panama,Framework Agreement,2022.0
LC-2023-04731,2023-05-29,Mantenimiento Integral,825.97,Office Supplies,Operations,USA,Framework Agreement,2023.0
LC-2023-04732,2023-06-01,Ferremax Industrial,34205.57,Professional Services,Operations,Panama,Spot Purchase,2023.0
LC-2022-04733,2022-01-25,Papelería y Más,1023.33,Uniforms & PPE,Marketing,Colombia,Time & Materials,2022.0
LC-2022-04734,2022-11-26,Catering Express Panama,9997.71,Logistics & Transport,Sales,USA,Time & Materials,2022.0
LC-2023-04735,2023-10-19,Uniforms & Workwear Co.,7603.93,Professional Services,Procurement,Panama,Spot Purchase,2023.0
LC-2022-04736,2022-05-01,Distribuidora Global S.A.,114623.44,IT & Technology,HR,USA,Fixed Price,2022.0
LC-2022-04737,2022-03-06,Distribuidora Global S.A.,14057.93,IT & Technology,Finance,Panama,Time & Materials,2022.0
LC-2022-04738,2022-03-16,TechSupplies Panama,37828.18,Office Supplies,Legal,USA,Fixed Price,2022.0
LC-2022-04739,2022-03-07,TechSupplies Panama,7058.4,Office Supplies,Operations,Panama,Framework Agreement,2022.0
LC-2023-04740,2023-04-17,Oficentro Internacional,84271.06,Logistics & Transport,Procurement,Panama,Fixed Price,2023.0
LC-2023-04741,2023-06-07,Energía Renovable S.A.,10703.29,Catering & Food,Procurement,USA,Spot Purchase,2023.0
LC-2023-04742,2023-11-08,Distribuidora Global S.A.,65838.89,IT & Technology,Logistics,Panama,Spot Purchase,2023.0
LC-2023-04743,2023-08-15,Transportes Rápidos S.A.,4926.72,Marketing,IT,USA,Fixed Price,2023.0
LC-2023-04744,2023-05-27,Consultoría Estratégica,9155.95,Medical Supplies,Logistics,Panama,Spot Purchase,2023.0
LC-2022-04745,2022-10-02,Uniforms & Workwear Co.,54530.13,Professional Services,Administration,Panama,Time & Materials,2022.0
LC-2023-04746,2023-03-09,Distribuidora Global S.A.,25793.73,IT & Technology,HR,Panama,Spot Purchase,2023.0
LC-2022-04747,2022-05-13,IT Solutions Group,6050.93,Maintenance & Repair,Procurement,Mexico,Fixed Price,2022.0
LC-2023-04748,2023-04-08,TechSupplies Panama,9864.01,Office Supplies,Sales,Panama,Framework Agreement,2023.0
LC-2022-04749,2022-03-02,Distribuidora Global S.A.,12811.35,IT & Technology,IT,Costa Rica,Time & Materials,2022.0
LC-2022-04750,2022-08-30,Transportes Rápidos S.A.,5691.45,Marketing,Marketing,Panama,Spot Purchase,2022.0
LC-2022-04751,2022-08-09,Ferremax Industrial,136587.44,Professional Services,HR,USA,Time & Materials,2022.0
LC-2022-04752,2022-01-31,Transportes Rápidos S.A.,3346.19,Marketing,Operations,Panama,Framework Agreement,2022.0
LC-2023-04753,2023-01-29,Grupo Logístico del Istmo,27361.72,Maintenance & Repair,Legal,Panama,Framework Agreement,2023.0
LC-2022-04754,2022-11-23,Ferremax Industrial,22286.53,Professional Services,Administration,USA,Time & Materials,2022.0
LC-2023-04755,2023-07-21,Distribuidora Global S.A.,19116.21,IT & Technology,IT,USA,Fixed Price,2023.0
LC-2022-04756,2022-12-08,TechSupplies Panama,51738.93,Office Supplies,HR,USA,Time & Materials,2022.0
LC-2022-04757,2022-02-27,IT Solutions Group,520.15,Maintenance & Repair,Operations,Panama,Time & Materials,2022.0
LC-2023-04758,2023-12-09,Oficentro Internacional,168911.04,Logistics & Transport,Operations,Panama,Framework Agreement,2023.0
LC-2022-04759,2022-08-05,TechSupplies Panama,16341.99,Office Supplies,Sales,Panama,Spot Purchase,2022.0
LC-2023-04760,2023-04-16,Grupo Logístico del Istmo,86360.37,Maintenance & Repair,IT,Panama,Framework Agreement,2023.0
LC-2022-04761,2022-07-28,Mantenimiento Integral,731.43,Office Supplies,Finance,Costa Rica,Framework Agreement,2022.0
LC-2023-04762,2023-08-13,Distribuidora Global S.A.,81032.71,IT & Technology,Procurement,Panama,Framework Agreement,2023.0
LC-2023-04763,2023-10-09,DataCenter Solutions,13465.91,Medical Supplies,HR,Mexico,Fixed Price,2023.0
LC-2023-04764,2023-06-02,Cleaning Pro Services,8745.57,Catering & Food,Logistics,Panama,Time & Materials,2023.0
LC-2023-04765,2023-10-20,Distribuidora Global S.A.,11011.39,IT & Technology,Legal,Panama,Spot Purchase,2023.0
LC-2022-04766,2022-06-27,Oficentro Internacional,48994.23,Logistics & Transport,Administration,USA,Spot Purchase,2022.0
LC-2023-04767,2023-01-19,DataCenter Solutions,833.32,Medical Supplies,Administration,USA,Spot Purchase,2023.0
LC-2022-04768,2022-11-20,TechSupplies Panama,26814.13,Office Supplies,Operations,Panama,Spot Purchase,2022.0
LC-2023-04769,2023-05-07,DataCenter Solutions,23020.02,Medical Supplies,Marketing,Panama,Framework Agreement,2023.0
LC-2022-04770,2022-09-24,TechSupplies Panama,94470.44,Office Supplies,Sales,Panama,Time & Materials,2022.0
LC-2023-04771,2023-02-19,Papelería y Más,5027.98,Uniforms & PPE,Finance,Panama,Framework Agreement,2023.0
LC-2022-04772,2022-07-30,Ferremax Industrial,11273.75,Professional Services,Legal,Panama,Framework Agreement,2022.0
LC-2023-04773,2023-03-07,FleetCars Panama,12943.92,Security,Legal,Panama,Spot Purchase,2023.0
LC-2022-04774,2022-09-06,Distribuidora Global S.A.,37170.01,IT & Technology,Administration,Colombia,Spot Purchase,2022.0
LC-2023-04775,2023-09-05,Uniforms & Workwear Co.,151.34,Professional Services,HR,Panama,Spot Purchase,2023.0
LC-2023-04776,2023-03-25,Distribuidora Global S.A.,92888.56,IT & Technology,Finance,Mexico,Framework Agreement,2023.0
LC-2022-04777,2022-07-15,Uniforms & Workwear Co.,4739.33,Professional Services,Sales,Panama,Time & Materials,2022.0
LC-2023-04778,2023-07-26,Seguridad Total Corp,29842.14,IT & Technology,HR,USA,Time & Materials,2023.0
LC-2022-04779,2022-04-26,Suministros Médicos del Sur,950.6,Uniforms & PPE,Marketing,Panama,Time & Materials,2022.0
LC-2022-04780,2022-05-25,Distribuidora Global S.A.,802.68,IT & Technology,Administration,USA,Framework Agreement,2022.0
LC-2023-04781,2023-06-02,Seguridad Total Corp,7469.82,IT & Technology,Administration,USA,Spot Purchase,2023.0
LC-2022-04782,2022-10-04,DataCenter Solutions,7610.97,Medical Supplies,Logistics,Panama,Framework Agreement,2022.0
LC-2023-04783,2023-12-24,TechSupplies Panama,4775.21,Office Supplies,Procurement,Panama,Time & Materials,2023.0
LC-2023-04784,2023-06-16,Publicidad Digital LATAM,1132.58,Marketing,Administration,Panama,Time & Materials,2023.0
LC-2022-04785,2022-11-28,Transportes Rápidos S.A.,306455.13,Marketing,Administration,Panama,Spot Purchase,2022.0
LC-2023-04786,2023-08-31,Papelería y Más,3107.53,Uniforms & PPE,Procurement,Colombia,Time & Materials,2023.0
LC-2023-04787,2023-02-04,CLEANING PRO SERVICES,14712.29,Catering & Food,Administration,Colombia,Time & Materials,2023.0
LC-2023-04788,2023-09-12,Cleaning Pro Services,1851.98,Catering & Food,Operations,Panama,Time & Materials,2023.0
LC-2022-04789,2022-08-31,Distribuidora Global S.A.,2956.13,IT & Technology,Logistics,Panama,Fixed Price,2022.0
LC-2023-04790,2023-09-26,IT Solutions Group,3807.06,Maintenance & Repair,Marketing,Panama,Spot Purchase,2023.0
LC-2022-04791,2022-11-11,IT Solutions Group,3299.72,Maintenance & Repair,Legal,Panama,Framework Agreement,2022.0
LC-2022-04792,2022-03-31,FleetCars Panama,2697.78,Security,Sales,Panama,Time & Materials,2022.0
LC-2023-04793,2023-11-03,TechSupplies Panama,31648.02,Office Supplies,HR,Panama,Framework Agreement,2023.0
LC-2022-04794,2022-03-04,Seguridad Total Corp,7305.64,IT & Technology,Logistics,Panama,Framework Agreement,2022.0
LC-2022-04795,2022-12-11,TechSupplies Panama,30329.0,Office Supplies,Legal,Panama,Time & Materials,2022.0
LC-2023-04796,2023-04-03,Seguridad Total Corp,738.03,IT & Technology,Administration,Panama,Fixed Price,2023.0
LC-2023-04797,2023-05-13,Grupo Logístico del Istmo,65083.2,Maintenance & Repair,Sales,Panama,Time & Materials,2023.0
LC-2022-04798,2022-12-05,Mantenimiento Integral,264.0,Office Supplies,Sales,Costa Rica,Time & Materials,2022.0
LC-2023-04799,2023-04-14,Mantenimiento Integral,226.89,Office Supplies,Marketing,Panama,Spot Purchase,2023.0
LC-2022-04800,2022-06-11,DataCenter Solutions,14894.85,Medical Supplies,Sales,Mexico,Time & Materials,2022.0
LC-2022-04801,2022-12-02,TechSupplies Panama,66730.96,Office Supplies,Logistics,USA,Spot Purchase,2022.0
LC-2022-04802,2022-05-26,Ferremax Industrial,33898.48,Professional Services,Administration,USA,Fixed Price,2022.0
LC-2023-04803,2023-07-28,Oficentro Internacional,6805.33,Logistics & Transport,Procurement,Panama,Fixed Price,2023.0
LC-2023-04804,2023-03-01,Distribuidora Global S.A.,15529.66,IT & Technology,HR,Panama,Time & Materials,2023.0
LC-2023-04805,2023-12-26,TechSupplies Panama,26494.8,Office Supplies,Marketing,Panama,Fixed Price,2023.0
LC-2023-04806,2023-09-22,Ferremax Industrial,5350.4,Professional Services,IT,Panama,Time & Materials,2023.0
LC-2022-04807,2022-03-02,Grupo Logístico del Istmo,14960.45,Maintenance & Repair,HR,Panama,Framework Agreement,2022.0
LC-2022-04808,2022-03-12,TechSupplies Panama,79443.11,Office Supplies,Logistics,Panama,Fixed Price,2022.0
LC-2022-04809,2022-12-24,Ferremax Industrial,201343.25,Professional Services,Marketing,Panama,Spot Purchase,2022.0
LC-2022-04810,2022-04-15,TechSupplies Panama,21953.42,Office Supplies,Marketing,Panama,Framework Agreement,2022.0
LC-2022-04811,2022-07-27,Mantenimiento Integral,15286.61,Office Supplies,Legal,Panama,Time & Materials,2022.0
LC-2022-04812,2022-03-30,Distribuidora Global S.A.,3652.36,IT & Technology,Sales,Panama,Framework Agreement,2022.0
LC-2023-04813,2023-11-25,Mantenimiento Integral,,Office Supplies,Legal,Panama,Time & Materials,2023.0
LC-2022-04814,2022-06-12,TechSupplies Panama,13839.22,Office Supplies,Marketing,USA,Fixed Price,2022.0
LC-2023-04815,2023-05-26,Energía Renovable S.A.,7793.29,Catering & Food,Procurement,Costa Rica,Spot Purchase,2023.0
LC-2023-04816,2023-01-22,IT Solutions Group,3389.28,Maintenance & Repair,Sales,Mexico,Spot Purchase,2023.0
LC-2023-04817,2023-09-21,Uniforms & Workwear Co.,35618.52,Professional Services,IT,Panama,Fixed Price,2023.0
LC-2022-04818,2022-05-24,Grupo Logístico del Istmo,12716.77,Maintenance & Repair,Finance,Panama,Fixed Price,2022.0
LC-2022-04819,2022-07-16,TechSupplies Panama,77120.74,Office Supplies,Operations,USA,Time & Materials,2022.0
LC-2022-04820,2022-11-15,Distribuidora Global S.A.,25967.24,IT & Technology,Sales,Colombia,Fixed Price,2022.0
LC-2023-04821,2023-01-21,Seguridad Total Corp,3875.93,IT & Technology,Procurement,Panama,Time & Materials,2023.0
LC-2022-04822,2022-04-19,Grupo Logístico del Istmo,29125.67,Maintenance & Repair,Legal,Panama,Framework Agreement,2022.0
LC-2022-04823,2022-06-10,Oficentro Internacional,13163.36,Logistics & Transport,Marketing,USA,Spot Purchase,2022.0
LC-2023-04824,2023-11-08,Consultoría Estratégica,4811.92,Medical Supplies,Marketing,Panama,Framework Agreement,2023.0
LC-2023-04825,2023-08-21,Cleaning Pro Services,4473.95,Catering & Food,IT,Panama,Time & Materials,2023.0
LC-2023-04826,2023-11-14,Ferremax Industrial,48508.21,Professional Services,HR,Panama,Time & Materials,2023.0
LC-2023-04827,2023-04-10,Consultoría Estratégica,5578.96,Medical Supplies,Marketing,USA,Time & Materials,2023.0
LC-2023-04828,2023-08-29,TechSupplies Panama,94617.1,Office Supplies,Logistics,USA,Fixed Price,2023.0
LC-2023-04829,2023-01-29,Consultoría Estratégica,19638.81,Medical Supplies,Administration,Panama,Fixed Price,2023.0
LC-2023-04830,2023-02-08,Papelería y Más,1016.44,Uniforms & PPE,Administration,Panama,Framework Agreement,2023.0
LC-2023-04831,2023-08-22,TechSupplies Panama,,Office Supplies,Sales,Panama,Time & Materials,2023.0
LC-2023-04832,2023-05-23,TechSupplies Panama,8746.39,Office Supplies,HR,Costa Rica,Spot Purchase,2023.0
LC-2023-04833,2023-05-15,Distribuidora Global S.A.,73528.4,IT & Technology,Finance,USA,Spot Purchase,2023.0
LC-2022-04834,2022-02-14,Uniforms & Workwear Co.,12451.65,Professional Services,Logistics,Panama,Spot Purchase,2022.0
LC-2022-04835,2022-02-15,Grupo Logístico del Istmo,3664.4,Maintenance & Repair,HR,Mexico,Framework Agreement,2022.0
LC-2023-04836,2023-04-18,Distribuidora Global S.A.,40602.1,IT & Technology,Logistics,Colombia,Fixed Price,2023.0
LC-2022-04837,2022-02-13,Ferremax Industrial,20698.25,Professional Services,Logistics,Colombia,Spot Purchase,2022.0
LC-2023-04838,2023-08-25,DataCenter Solutions,1574.75,Medical Supplies,Operations,Costa Rica,Spot Purchase,2023.0
LC-2022-04839,2022-11-28,Grupo Logístico del Istmo,183693.3,Maintenance & Repair,Logistics,Panama,Spot Purchase,2022.0
LC-2022-04840,2022-05-09,TechSupplies Panama,16573.91,Office Supplies,Marketing,Costa Rica,Time & Materials,2022.0
LC-2023-04841,2023-11-28,Uniforms & Workwear Co.,1466.21,Professional Services,Sales,Panama,Framework Agreement,2023.0
LC-2023-04842,2023-04-25,Energía Renovable S.A.,5505.72,Catering & Food,Finance,Panama,Framework Agreement,2023.0
LC-2023-04843,2023-07-28,Transportes Rápidos S.A.,13744.37,Marketing,Finance,Panama,Spot Purchase,2023.0
LC-2023-04844,2023-02-02,MedEquip Latinoamerica,3973.99,Security,Legal,Costa Rica,Time & Materials,2023.0
LC-2022-04845,2022-04-30,Uniforms & Workwear Co.,28269.98,Professional Services,Sales,Panama,Spot Purchase,2022.0
LC-2022-04846,2022-09-25,Oficentro Internacional,68677.08,Logistics & Transport,IT,Panama,Time & Materials,2022.0
LC-2023-04847,2023-08-31,Grupo Logístico del Istmo,2660.17,Maintenance & Repair,Administration,Panama,Fixed Price,2023.0
LC-2023-04848,2023-07-26,Grupo Logístico del Istmo,19237.94,Maintenance & Repair,Administration,Panama,Framework Agreement,2023.0
LC-2023-04849,2023-08-08,Ferremax Industrial,18504.87,Professional Services,Logistics,USA,Spot Purchase,2023.0
LC-2022-04850,2022-08-18,Grupo Logístico del Istmo,64552.44,Maintenance & Repair,IT,Panama,Spot Purchase,2022.0
LC-2022-04851,2022-07-04,Oficentro Internacional,1556.54,Logistics & Transport,IT,Panama,Time & Materials,2022.0
LC-2022-04852,2022-05-04,Grupo Logístico del Istmo,500000.0,Maintenance & Repair,HR,Panama,Fixed Price,2022.0
LC-2023-04853,2023-02-04,Transportes Rápidos S.A.,10900.23,Marketing,Operations,Panama,Spot Purchase,2023.0
LC-2023-04854,2023-04-23,Cleaning Pro Services,6144.52,Catering & Food,Marketing,Panama,Time & Materials,2023.0
LC-2022-04855,2022-01-05,Grupo Logístico del Istmo,149923.62,Maintenance & Repair,Sales,Panama,Spot Purchase,2022.0
LC-2022-04856,2022-07-31,Grupo Logístico del Istmo,500000.0,Maintenance & Repair,Sales,Panama,Spot Purchase,2022.0
LC-2022-04857,,Grupo Logístico del Istmo,,Maintenance & Repair,Logistics,Panama,Framework Agreement,
LC-2023-04858,2023-04-26,Publicidad Digital LATAM,20398.56,Marketing,Operations,Panama,Time & Materials,2023.0
LC-2022-04859,2022-11-08,Seguridad Total Corp,5979.16,IT & Technology,HR,Costa Rica,Spot Purchase,2022.0
LC-2022-04860,2022-12-16,Seguridad Total Corp,3974.73,IT & Technology,HR,Colombia,Time & Materials,2022.0
LC-2023-04861,2023-07-08,Transportes Rápidos S.A.,,Marketing,HR,Panama,Time & Materials,2023.0
LC-2022-04862,2022-05-23,DataCenter Solutions,1423.44,Medical Supplies,Administration,Panama,Spot Purchase,2022.0
LC-2022-04863,2022-04-07,DataCenter Solutions,1753.69,Medical Supplies,Finance,Costa Rica,Fixed Price,2022.0
LC-2023-04864,2023-10-15,Ferremax Industrial,7182.0,Professional Services,Administration,Panama,Time & Materials,2023.0
LC-2022-04865,2022-06-29,DataCenter Solutions,4386.09,Medical Supplies,Administration,Panama,Spot Purchase,2022.0
LC-2022-04866,2022-12-11,Consultoría Estratégica,,Medical Supplies,Sales,USA,Framework Agreement,2022.0
LC-2022-04867,2022-02-01,Cleaning Pro Services,6544.46,Catering & Food,HR,Colombia,Framework Agreement,2022.0
LC-2023-04868,2023-11-07,DataCenter Solutions,4654.1,Medical Supplies,IT,Colombia,Fixed Price,2023.0
LC-2023-04869,2023-03-01,Distribuidora Global S.A.,43317.95,IT & Technology,Procurement,Colombia,Framework Agreement,2023.0
LC-2023-04870,2023-02-17,Distribuidora Global S.A.,19408.03,IT & Technology,IT,Panama,Framework Agreement,2023.0
LC-2022-04871,2022-10-18,Distribuidora Global S.A.,500000.0,IT & Technology,Legal,Panama,Time & Materials,2022.0
LC-2023-04872,2023-09-06,Cleaning Pro Services,37804.14,Catering & Food,Marketing,Panama,Time & Materials,2023.0
LC-2022-04873,2022-12-02,TechSupplies Panama,8156.33,Office Supplies,Operations,Costa Rica,Fixed Price,2022.0
LC-2023-04874,2023-02-14,Grupo Logístico del Istmo,48023.31,Maintenance & Repair,Administration,Panama,Time & Materials,2023.0
LC-2022-04875,2022-05-18,Grupo Logístico del Istmo,17507.64,Maintenance & Repair,Sales,Panama,Time & Materials,2022.0
LC-2023-04876,2023-12-27,Catering Express Panama,1073.07,Logistics & Transport,Sales,Colombia,Framework Agreement,2023.0
LC-2023-04877,2023-07-30,IT Solutions Group,658.45,Maintenance & Repair,HR,USA,Framework Agreement,2023.0
LC-2023-04878,2023-04-15,DataCenter Solutions,9398.68,Medical Supplies,Logistics,Costa Rica,Framework Agreement,2023.0
LC-2022-04879,2022-12-18,GRUPO LOGÍSTICO DEL ISTMO,16032.03,Maintenance & Repair,IT,USA,Spot Purchase,2022.0
LC-2023-04880,2023-12-16,Uniforms & Workwear Co.,20988.69,Professional Services,Operations,Costa Rica,Fixed Price,2023.0
LC-2023-04881,2023-08-01,Ferremax Industrial,119675.44,Professional Services,IT,Panama,Time & Materials,2023.0
LC-2023-04882,2023-01-28,Grupo Logístico del Istmo,188847.91,Maintenance & Repair,Administration,Costa Rica,Time & Materials,2023.0
LC-2022-04883,2022-02-01,Oficentro Internacional,13057.73,Logistics & Transport,HR,Colombia,Spot Purchase,2022.0
LC-2023-04884,2023-07-02,DataCenter Solutions,10027.12,Medical Supplies,Legal,Panama,Spot Purchase,2023.0
LC-2023-04885,2023-07-18,DataCenter Solutions,12691.42,Medical Supplies,Operations,Panama,Time & Materials,2023.0
LC-2023-04886,2023-02-10,Distribuidora Global S.A.,20557.6,IT & Technology,Administration,USA,Spot Purchase,2023.0
LC-2022-04887,2022-08-17,TechSupplies Panama,14384.03,Office Supplies,Operations,Panama,Spot Purchase,2022.0
LC-2022-04888,2022-01-01,Uniforms & Workwear Co.,54955.61,Professional Services,Sales,Panama,Spot Purchase,2022.0
LC-2023-04889,2023-05-18,Distribuidora Global S.A.,47714.71,IT & Technology,Legal,Colombia,Framework Agreement,2023.0
LC-2022-04890,2022-11-22,Cleaning Pro Services,12758.48,Catering & Food,Procurement,USA,Fixed Price,2022.0
LC-2023-04891,2023-08-28,TechSupplies Panama,13541.43,Office Supplies,Legal,Panama,Fixed Price,2023.0
LC-2022-04892,2022-09-04,Grupo Logístico del Istmo,8407.33,Maintenance & Repair,Marketing,Colombia,Spot Purchase,2022.0
LC-2022-04893,2022-03-01,Publicidad Digital LATAM,2091.89,Marketing,Legal,USA,Fixed Price,2022.0
LC-2023-04894,2023-03-06,Distribuidora Global S.A.,31293.77,IT & Technology,Administration,Panama,Spot Purchase,2023.0
LC-2023-04895,,Ferremax Industrial,10126.75,Professional Services,Operations,Colombia,Fixed Price,
LC-2022-04896,2022-11-20,Distribuidora Global S.A.,35889.0,IT & Technology,Logistics,Panama,Fixed Price,2022.0
LC-2022-04897,2022-02-05,Distribuidora Global S.A.,4787.64,IT & Technology,Finance,USA,Fixed Price,2022.0
LC-2023-04898,2023-10-08,Oficentro Internacional,9470.56,Logistics & Transport,Procurement,Mexico,Time & Materials,2023.0
LC-2023-04899,2023-07-22,Grupo Logístico del Istmo,81234.35,Maintenance & Repair,Administration,Panama,Fixed Price,2023.0
LC-2022-04900,2022-03-11,MedEquip Latinoamerica,12157.31,Security,Administration,Panama,Spot Purchase,2022.0
LC-2023-04901,2023-11-02,Distribuidora Global S.A.,22691.55,IT & Technology,Logistics,Panama,Framework Agreement,2023.0
LC-2022-04902,2022-07-21,Distribuidora Global S.A.,10707.32,IT & Technology,Administration,Colombia,Fixed Price,2022.0
LC-2022-04903,2022-03-06,Distribuidora Global S.A.,10584.18,IT & Technology,Logistics,Panama,Framework Agreement,2022.0
LC-2022-04904,2022-05-23,Cleaning Pro Services,2807.63,Catering & Food,Administration,Panama,Time & Materials,2022.0
LC-2022-04905,2022-02-07,Grupo Logístico del Istmo,78701.87,Maintenance & Repair,Procurement,Panama,Spot Purchase,2022.0
LC-2022-04906,2022-07-26,Papelería y Más,19778.85,Uniforms & PPE,Administration,Panama,Fixed Price,2022.0
LC-2023-04907,2023-07-01,TechSupplies Panama,20013.49,Office Supplies,Administration,USA,Time & Materials,2023.0
LC-2023-04908,2023-02-22,TechSupplies Panama,9097.99,Office Supplies,Marketing,Panama,Time & Materials,2023.0
LC-2023-04909,2023-12-24,TechSupplies Panama,,Office Supplies,Administration,Colombia,Spot Purchase,2023.0
LC-2022-04910,2022-12-23,Ferremax Industrial,13517.74,Professional Services,Operations,USA,Fixed Price,2022.0
LC-2023-04911,2023-04-27,Distribuidora Global S.A.,19498.58,IT & Technology,IT,Panama,Fixed Price,2023.0
LC-2023-04912,2023-08-31,Ferremax Industrial,178141.12,Professional Services,Procurement,USA,Fixed Price,2023.0
LC-2022-04913,2022-02-04,DataCenter Solutions,16994.98,Medical Supplies,Marketing,USA,Time & Materials,2022.0
LC-2022-04914,2022-10-04,Publicidad Digital LATAM,6228.94,Marketing,Procurement,Panama,Spot Purchase,2022.0
LC-2022-04915,2022-01-14,TechSupplies Panama,7892.73,Office Supplies,Operations,Panama,Spot Purchase,2022.0
LC-2023-04916,2023-11-10,Cleaning Pro Services,6748.63,Catering & Food,HR,Panama,Spot Purchase,2023.0
LC-2022-04917,2022-10-16,Uniforms & Workwear Co.,24197.05,Professional Services,Finance,Panama,Spot Purchase,2022.0
LC-2022-04918,2022-11-20,Transportes Rápidos S.A.,2797.69,Marketing,Finance,Colombia,Framework Agreement,2022.0
LC-2022-04919,2022-11-27,Ferremax Industrial,183751.01,Professional Services,Logistics,Panama,Time & Materials,2022.0
LC-2023-04920,2023-06-18,Cleaning Pro Services,34170.5,Catering & Food,Operations,Costa Rica,Fixed Price,2023.0
LC-2023-04921,2023-05-03,Mantenimiento Integral,59611.23,Office Supplies,Sales,Costa Rica,Spot Purchase,2023.0
LC-2022-04922,2022-10-21,Oficentro Internacional,52380.61,Logistics & Transport,Sales,Panama,Spot Purchase,2022.0
LC-2023-04923,2023-09-16,Grupo Logístico del Istmo,73487.46,Maintenance & Repair,Legal,Costa Rica,Fixed Price,2023.0
LC-2023-04924,2023-03-21,Distribuidora Global S.A.,198198.58,IT & Technology,Administration,Panama,Framework Agreement,2023.0
LC-2023-04925,2023-10-03,Oficentro Internacional,62123.07,Logistics & Transport,Legal,Panama,Time & Materials,2023.0
LC-2022-04926,2022-09-08,TechSupplies Panama,19900.88,Office Supplies,IT,Panama,Time & Materials,2022.0
LC-2022-04927,2022-12-14,Oficentro Internacional,21199.83,Logistics & Transport,Sales,Panama,Fixed Price,2022.0
LC-2023-04928,2023-02-17,Papelería y Más,7029.23,Uniforms & PPE,Marketing,Colombia,Time & Materials,2023.0
LC-2023-04929,2023-04-21,TechSupplies Panama,7718.12,Office Supplies,HR,Panama,Time & Materials,2023.0
LC-2023-04930,2023-08-17,DataCenter Solutions,3964.41,Medical Supplies,HR,Costa Rica,Spot Purchase,2023.0
LC-2022-04931,2022-01-26,Grupo Logístico del Istmo,135382.12,Maintenance & Repair,HR,Panama,Spot Purchase,2022.0
LC-2023-04932,2023-12-13,Oficentro Internacional,2618.86,Logistics & Transport,Marketing,Costa Rica,Spot Purchase,2023.0
LC-2022-04933,2022-07-03,IT Solutions Group,49105.34,Maintenance & Repair,Finance,USA,Time & Materials,2022.0
LC-2022-04934,2022-05-23,Seguridad Total Corp,26464.55,IT & Technology,HR,Colombia,Time & Materials,2022.0
LC-2022-04935,2022-09-04,Seguridad Total Corp,2466.0,IT & Technology,Legal,Panama,Framework Agreement,2022.0
LC-2023-04936,2023-01-12,FleetCars Panama,11104.28,Security,Sales,Panama,Framework Agreement,2023.0
LC-2022-04937,2022-09-25,Oficentro Internacional,36452.94,Logistics & Transport,Marketing,Panama,Fixed Price,2022.0
LC-2023-04938,2023-06-02,Grupo Logístico del Istmo,158893.34,Maintenance & Repair,Operations,Panama,Time & Materials,2023.0
LC-2023-04939,2023-04-03,Oficentro Internacional,118092.06,Logistics & Transport,Administration,Panama,Framework Agreement,2023.0
LC-2023-04940,2023-11-01,Grupo Logístico del Istmo,6767.69,Maintenance & Repair,Finance,Panama,Spot Purchase,2023.0
LC-2022-04941,2022-06-26,Seguridad Total Corp,11859.61,IT & Technology,Operations,USA,Spot Purchase,2022.0
LC-2023-04942,2023-01-31,Grupo Logístico del Istmo,28374.51,Maintenance & Repair,IT,Panama,Spot Purchase,2023.0
LC-2023-04943,2023-08-14,Energía Renovable S.A.,5564.98,Catering & Food,HR,Panama,Fixed Price,2023.0
LC-2023-04944,2023-11-12,MedEquip Latinoamerica,1648.7,Security,Logistics,Panama,Spot Purchase,2023.0
LC-2022-04945,2022-02-12,TechSupplies Panama,295896.34,Office Supplies,Marketing,Panama,Spot Purchase,2022.0
LC-2022-04946,2022-08-30,Uniforms & Workwear Co.,23390.68,Professional Services,Marketing,Mexico,Fixed Price,2022.0
LC-2022-04947,2022-10-16,Cleaning Pro Services,1620.26,Catering & Food,Marketing,Panama,Spot Purchase,2022.0
LC-2023-04948,2023-11-28,Suministros Médicos del Sur,663.87,Uniforms & PPE,Logistics,Colombia,Time & Materials,2023.0
LC-2022-04949,2022-08-29,Consultoría Estratégica,2755.88,Medical Supplies,Finance,Panama,Spot Purchase,2022.0
LC-2022-04950,,Publicidad Digital LATAM,9430.97,Marketing,Marketing,Panama,Framework Agreement,
LC-2022-04951,2022-06-05,DataCenter Solutions,7046.66,Medical Supplies,Procurement,USA,Spot Purchase,2022.0
LC-2023-04952,2023-06-24,Catering Express Panama,32199.28,Logistics & Transport,Operations,USA,Framework Agreement,2023.0
LC-2022-04953,2022-07-07,Seguridad Total Corp,16072.73,IT & Technology,Operations,Costa Rica,Fixed Price,2022.0
LC-2023-04954,2023-09-20,Cleaning Pro Services,21043.64,Catering & Food,Finance,Panama,Framework Agreement,2023.0
LC-2022-04955,2022-10-12,Cleaning Pro Services,8024.73,Catering & Food,Legal,Panama,Framework Agreement,2022.0
LC-2023-04956,2023-04-27,Ferremax Industrial,6855.74,Professional Services,Marketing,Panama,Framework Agreement,2023.0
LC-2022-04957,2022-07-01,FleetCars Panama,3664.52,Security,Legal,Panama,Fixed Price,2022.0
LC-2022-04958,,Seguridad Total Corp,24104.04,IT & Technology,Administration,Panama,Framework Agreement,
LC-2023-04959,2023-12-05,Distribuidora Global S.A.,34138.21,IT & Technology,Finance,Colombia,Fixed Price,2023.0
LC-2022-04960,2022-12-21,Distribuidora Global S.A.,66417.01,IT & Technology,IT,Colombia,Fixed Price,2022.0
LC-2022-04961,2022-08-28,Grupo Logístico del Istmo,24772.81,Maintenance & Repair,Finance,Panama,Framework Agreement,2022.0
LC-2023-04962,2023-08-12,Ferremax Industrial,10553.64,Professional Services,Finance,Panama,Spot Purchase,2023.0
LC-2022-04963,2022-10-27,Distribuidora Global S.A.,31319.22,IT & Technology,Administration,USA,Time & Materials,2022.0
LC-2023-04964,2023-01-01,Mantenimiento Integral,7813.21,Office Supplies,HR,USA,Fixed Price,2023.0
LC-2023-04965,2023-03-28,IT Solutions Group,1838.06,Maintenance & Repair,Sales,Panama,Fixed Price,2023.0
LC-2022-04966,2022-06-20,Mantenimiento Integral,3451.05,Office Supplies,Legal,USA,Spot Purchase,2022.0
LC-2022-04967,2022-10-13,Distribuidora Global S.A.,11762.17,IT & Technology,IT,Costa Rica,Time & Materials,2022.0
LC-2023-04968,2023-12-06,Cleaning Pro Services,26340.62,Catering & Food,IT,Panama,Time & Materials,2023.0
LC-2022-04969,2022-06-05,TechSupplies Panama,25505.59,Office Supplies,Logistics,USA,Spot Purchase,2022.0
LC-2023-04970,2023-05-09,Consultoría Estratégica,43439.89,Medical Supplies,Logistics,Panama,Time & Materials,2023.0
LC-2023-04971,2023-06-22,Cleaning Pro Services,,Catering & Food,Logistics,Panama,Framework Agreement,2023.0
LC-2023-04972,2023-07-24,Grupo Logístico del Istmo,32949.94,Maintenance & Repair,Logistics,Panama,Framework Agreement,2023.0
LC-2022-04973,2022-12-07,DataCenter Solutions,1082.82,Medical Supplies,Marketing,Panama,Fixed Price,2022.0
LC-2022-04974,2022-12-09,DataCenter Solutions,215.11,Medical Supplies,Procurement,Colombia,Fixed Price,2022.0
LC-2022-04975,2022-06-24,Distribuidora Global S.A.,6207.76,IT & Technology,IT,Panama,Spot Purchase,2022.0
LC-2023-04976,2023-08-05,Oficentro Internacional,6984.15,Logistics & Transport,Procurement,USA,Time & Materials,2023.0
LC-2023-04977,2023-12-29,Energía Renovable S.A.,38859.37,Catering & Food,Operations,Panama,Time & Materials,2023.0
LC-2022-04978,2022-12-04,Ferremax Industrial,41730.58,Professional Services,Logistics,USA,Spot Purchase,2022.0
LC-2023-04979,2023-02-19,OFICENTRO INTERNACIONAL,57960.99,Logistics & Transport,Logistics,USA,Spot Purchase,2023.0
LC-2023-04980,2023-04-27,Grupo Logístico del Istmo,2528.79,Maintenance & Repair,Operations,Mexico,Framework Agreement,2023.0
LC-2023-04981,2023-05-29,MedEquip Latinoamerica,814.89,Security,IT,Panama,Time & Materials,2023.0
LC-2022-04982,2022-01-05,Seguridad Total Corp,18594.47,IT & Technology,Administration,Colombia,Framework Agreement,2022.0
LC-2023-04983,2023-09-15,Distribuidora Global S.A.,51232.48,IT & Technology,Operations,Panama,Spot Purchase,2023.0
LC-2023-04984,2023-07-27,Grupo Logístico del Istmo,30435.16,Maintenance & Repair,Legal,Panama,Framework Agreement,2023.0
LC-2023-04985,2023-04-16,Grupo Logístico del Istmo,71525.61,Maintenance & Repair,Legal,USA,Fixed Price,2023.0
LC-2023-04986,2023-01-30,Distribuidora Global S.A.,258579.22,IT & Technology,Sales,Panama,Spot Purchase,2023.0
LC-2022-04987,2022-01-12,Consultoría Estratégica,3527.82,Medical Supplies,IT,Costa Rica,Time & Materials,2022.0
LC-2022-04988,2022-02-12,TechSupplies Panama,39467.93,Office Supplies,Sales,Panama,Spot Purchase,2022.0
LC-2022-04989,2022-10-25,TechSupplies Panama,45757.74,Office Supplies,Marketing,Panama,Time & Materials,2022.0
LC-2023-04990,2023-04-12,Cleaning Pro Services,177755.53,Catering & Food,Administration,USA,Framework Agreement,2023.0
LC-2022-04991,2022-10-10,DataCenter Solutions,210.81,Medical Supplies,Procurement,Panama,Fixed Price,2022.0
LC-2023-04992,2023-09-10,Suministros Médicos del Sur,13695.66,Uniforms & PPE,Procurement,USA,Fixed Price,2023.0
LC-2022-04993,2022-08-27,IT Solutions Group,4137.29,Maintenance & Repair,Administration,USA,Spot Purchase,2022.0
LC-2023-04994,2023-04-27,DataCenter Solutions,11500.64,Medical Supplies,Logistics,Panama,Framework Agreement,2023.0
LC-2023-04995,2023-06-16,Catering Express Panama,1833.43,Logistics & Transport,Administration,Panama,Fixed Price,2023.0
LC-2023-04996,2023-10-02,Transportes Rápidos S.A.,4566.73,Marketing,Procurement,Panama,Spot Purchase,2023.0
LC-2023-04997,2023-11-09,IT Solutions Group,14287.15,Maintenance & Repair,HR,Panama,Spot Purchase,2023.0
LC-2023-04998,2023-02-01,Consultoría Estratégica,500000.0,Medical Supplies,Administration,USA,Fixed Price,2023.0
LC-2022-04999,2022-09-28,TechSupplies Panama,95764.13,Office Supplies,Finance,Panama,Fixed Price,2022.0
LC-2022-05000,2022-05-29,FleetCars Panama,1377.33,Security,Legal,Panama,Fixed Price,2022.0
LC-2023-04250,2023-03-19,MedEquip Latinoamerica,4508.52,Security,Marketing,Panama,Time & Materials,2023.0
LC-2023-00499,2023-09-18,Mantenimiento Integral,1321.57,Office Supplies,Legal,Panama,Framework Agreement,2023.0
LC-2023-00845,2023-02-26,Distribuidora Global S.A.,44344.44,IT & Technology,Logistics,Panama,Spot Purchase,2023.0
LC-2022-01315,2022-01-31,Consultoría Estratégica,4991.69,Medical Supplies,Marketing,Panama,Spot Purchase,2022.0
LC-2023-02231,,Ferremax Industrial,,Professional Services,Legal,USA,Framework Agreement,
LC-2022-03785,2022-03-22,Distribuidora Global S.A.,63401.57,IT & Technology,Operations,Panama,Framework Agreement,2022.0
LC-2023-03905,2023-10-01,TechSupplies Panama,252138.68,Office Supplies,Sales,Panama,Framework Agreement,2023.0
LC-2023-03464,2023-09-19,Consultoría Estratégica,22817.79,Medical Supplies,Marketing,Panama,Spot Purchase,2023.0
LC-2023-04449,2023-10-11,Distribuidora Global S.A.,64659.71,IT & Technology,HR,Panama,Framework Agreement,2023.0
LC-2022-02352,2022-01-07,Grupo Logístico del Istmo,76145.95,Maintenance & Repair,Marketing,Mexico,Framework Agreement,2022.0
LC-2023-00726,2023-05-02,Oficentro Internacional,29121.15,Logistics & Transport,Procurement,Panama,Fixed Price,2023.0
LC-2023-00404,2023-01-27,Uniforms & Workwear Co.,5273.61,Professional Services,Marketing,Panama,Fixed Price,2023.0
LC-2023-01153,2023-01-12,Ferremax Industrial,,Professional Services,Legal,Panama,Spot Purchase,2023.0
LC-2023-01176,2023-06-18,Ferremax Industrial,25930.88,Professional Services,Logistics,Panama,Spot Purchase,2023.0
LC-2022-02138,2022-02-08,MedEquip Latinoamerica,50187.95,Security,Operations,Panama,Time & Materials,2022.0
LC-2022-03623,2022-11-23,Oficentro Internacional,3381.69,Logistics & Transport,Administration,Panama,Spot Purchase,2022.0
LC-2022-00258,2022-06-29,Seguridad Total Corp,1700.19,IT & Technology,Administration,Colombia,Time & Materials,2022.0
LC-2022-01768,2022-09-27,TechSupplies Panama,29405.5,Office Supplies,IT,Colombia,Framework Agreement,2022.0
LC-2023-01623,2023-06-09,Ferremax Industrial,109433.76,Professional Services,Operations,USA,Fixed Price,2023.0
LC-2022-04279,2022-07-26,Ferremax Industrial,33464.88,Professional Services,Administration,Panama,Time & Materials,2022.0
LC-2023-03641,2023-02-11,Grupo Logístico del Istmo,20003.88,Maintenance & Repair,Administration,Panama,Time & Materials,2023.0
LC-2023-02920,2023-02-17,Distribuidora Global S.A.,171964.98,IT & Technology,Legal,Panama,Spot Purchase,2023.0
LC-2022-04502,2022-01-22,Ferremax Industrial,7165.19,Professional Services,Operations,Panama,Time & Materials,2022.0
LC-2022-03368,2022-11-17,Uniforms & Workwear Co.,6416.48,Professional Services,Logistics,Panama,Framework Agreement,2022.0
LC-2023-02932,2023-06-13,TechSupplies Panama,21022.58,Office Supplies,Finance,Panama,Time & Materials,2023.0
LC-2023-03890,2023-12-15,Seguridad Total Corp,17578.26,IT & Technology,Administration,Panama,Spot Purchase,2023.0
LC-2022-02293,2022-03-03,Distribuidora Global S.A.,,IT & Technology,Marketing,Panama,Spot Purchase,2022.0
LC-2023-02853,2023-07-06,TechSupplies Panama,9644.71,Office Supplies,Sales,Mexico,Time & Materials,2023.0
LC-2023-00361,2023-12-14,MedEquip Latinoamerica,10710.93,Security,Procurement,Panama,Fixed Price,2023.0
LC-2022-04875,2022-05-18,Grupo Logístico del Istmo,17507.64,Maintenance & Repair,Sales,Panama,Time & Materials,2022.0
